Ticker,Date,Volume,Close,Low,BBANDS_compare_high_low_price,ADX_fluc_pctg,MACD_Hist,Historic Deaths,BBANDS_Middle_Band,Historic Cases,ADX,High,RSI_5,AROON_Up,MACD_Signal,Open,ROC_10_polarize,MACD_polarize,Chaikin_AD,BBANDS_Upper_Band,BBANDS_width,Dividends,MACD,STOCH_SlowK_min_max,Case 7-Day Moving Avg,RSI_5_polarize,STOCH_SlowD,Death 7-Day Moving Avg,Close_Change_pctg,CCI_20_polarize,STOCH_SlowK,New Cases,SMA_10_fluc_pctg,daily_trend,AROON_Up_min_max,STOCH_SlowD_min_max,AROON_Down,STOCH_SlowD_fluc_pctg,SMA_10_min_max,Volume_min_max,STOCH_SlowK_fluc_pctg
FSBC,2021-06-21,132900.0,26.07759285,25.58863903,0.0,-0.0626211,-0.0376,8,26.5939,0,41.5556,26.40356269,44.8681,85.7143,0.509,25.81088974,-1,1,-65580.0132,27.8539,2.5199,0.0,0.4714,0.27278621,11633,0,49.2853,258,0.01773314,0,29.7005,8518,0.00146132,0.0,0.857143,0.48622688,14.2857,-0.2352703,0.92882679,0.06005789,-0.3596408
FSBC,2021-06-22,115600.0,26.55173111,25.84052468,0.0,-0.04614059,-0.0378,0,26.4556,0,39.6382,26.73941129,55.3951,78.5714,0.4996,26.02820486,1,1,1725.9099,27.5393,2.1674,0.0,0.4618,0.20494066,11745,0,33.2617,255,0.01818183,0,23.7037,13919,0.00396824,0.0,0.785714,0.2946764,7.1429,-0.32511925,0.95739978,0.05223408,-0.20190906
FSBC,2021-06-23,46400.0,26.39368439,26.27515093,0.0,-0.04353629,-0.0505,0,26.3213,0,37.9125,26.58136456,51.3127,71.4286,0.487,26.452953,1,1,-8756.9288,27.2197,1.7968,0.0,0.4365,0.32379142,11874,0,29.2043,252,-0.00595241,0,34.2088,14440,0.00380532,0.0,0.714286,0.24617314,0.0,-0.12198414,0.98490844,0.02093886,0.44318398
FSBC,2021-06-24,110000.0,26.70977974,26.22576212,-1.0,-0.00422288,-0.0401,0,26.2719,0,37.7524,27.4358024,58.8873,64.2857,0.4769,26.49246524,1,1,-30754.9288,27.0431,1.5424,0.0,0.4368,0.47075428,12156,0,35.037,251,0.01197617,0,47.1987,15415,0.00207973,0.0,0.642857,0.31589882,0.0,0.19972059,1.0,0.04970152,0.37972393
FSBC,2021-06-25,674300.0,25.88003922,25.33675483,1.0,-0.06585806,-0.0888,10,26.3233,0,35.2661,27.09501767,38.9857,57.1429,0.4547,26.88758127,1,1,-288364.1423,26.9321,1.2177,0.0,0.3659,0.40684701,12528,0,40.9858,264,-0.03106505,0,41.55,14327,-0.00378303,0.0,0.571429,0.3870124,14.2857,0.16978623,0.97249134,0.30490232,-0.11967914
FSBC,2021-06-28,76900.0,25.37626648,25.37626648,0.0,-0.06345187,-0.1509,0,26.183,0,33.0284,26.00845,31.0275,50.0,0.417,26.00845,-1,1,-365295.1423,27.163,1.96,0.0,0.266,0.27681159,13065,0,39.6017,246,-0.01946569,0,30.0563,10878,-0.00587692,0.0,0.5,0.37046649,7.1429,-0.03377023,0.9299184,0.03473227,-0.27662335
FSBC,2021-06-29,42700.0,24.25018692,23.86001222,1.0,-0.04821608,-0.2577,0,25.7227,0,31.4359,25.88991433,19.7581,42.8571,0.3526,25.38614427,-1,1,-391550.5096,27.4519,3.4585,0.0,0.0949,0.08262227,13431,1,28.1661,244,-0.0443753,1,12.8921,16481,-0.01134206,0.0,0.428571,0.23376221,100.0,-0.28876538,0.84823841,0.01926556,-0.5710683
FSBC,2021-06-30,55100.0,23.85507202,23.70690425,0.0,-0.03795978,-0.3395,0,25.2149,0,30.2426,24.40823259,17.0431,35.7143,0.2677,24.11189704,-1,-1,-423375.7491,27.3094,4.1889,0.0,-0.0718,0.0,13925,1,16.1792,234,-0.01629327,1,5.5892,17899,-0.01230777,0.0,0.357143,0.09046754,100.0,-0.42557898,0.76060912,0.02487337,-0.56646318
FSBC,2021-07-01,57700.0,24.19091988,23.70690414,0.0,-0.06787776,-0.354,0,24.7112,0,28.1898,24.83298149,27.6118,28.5714,0.1792,24.0427521,-1,-1,-431466.9772,26.2667,3.1111,0.0,-0.1747,0.04677505,14431,1,9.4016,229,0.01407868,1,9.7236,18958,-0.0107342,0.0,0.285714,0.00944627,100.0,-0.41890823,0.68512403,0.0260492,0.7397123
FSBC,2021-07-02,18300.0,24.01311684,23.80074234,0.0,-0.06554144,-0.3575,0,24.3378,0,26.3422,24.47243824,25.4649,21.4286,0.0899,23.9242158,-1,-1,-438180.5801,25.4134,2.1512,0.0,-0.2676,0.05579993,14864,1,8.6114,223,-0.00734999,1,10.5213,17357,-0.00631583,0.0,0.214286,0.0,92.8571,-0.08404952,0.64118658,0.00823082,0.08203752
FSBC,2021-07-06,11400.0,23.7661705,23.33154529,1.0,-0.02868022,-0.3575,0,24.0157,0,25.5867,24.01311742,22.4363,14.2857,0.0005,24.01311742,-1,-1,-435051.3627,24.3886,0.7457,0.0,-0.357,0.10488183,15721,1,11.7015,197,-0.01028381,1,14.8596,16904,-0.00912339,0.0,0.142857,0.0369399,100.0,0.35883828,0.5781186,0.00511035,0.41233498
FSBC,2021-07-07,16600.0,23.8007431,23.70690395,-1.0,-0.07364764,-0.3366,0,23.9258,0,23.7023,24.48725711,24.0177,7.1429,-0.0837,24.48725711,-1,-1,-447672.6285,24.2409,0.6301,0.0,-0.4202,0.16885812,16689,1,15.2984,196,0.0014547,1,20.5144,24672,-0.01096042,0.0,0.071429,0.07993822,92.8571,0.30738794,0.50304287,0.00746201,0.3805486
FSBC,2021-07-08,37700.0,23.60812569,23.49947032,0.0,-0.0530708,-0.3174,0,23.8765,0,22.4444,24.21067679,21.0314,0.0,-0.163,23.66739242,-1,-1,-473852.4896,24.2839,0.8148,0.0,-0.4804,0.18815237,18363,1,19.1979,193,-0.00809292,1,22.2198,30679,-0.01122287,0.0,0.0,0.12655391,85.7143,0.25489594,0.42701198,0.01700434,0.08313185
FSBC,2021-07-09,8600.0,23.71678352,23.57849384,-1.0,-0.08265313,-0.2802,0,23.7816,0,20.5893,24.48725863,27.3968,28.5714,-0.2331,23.57849384,-1,-1,-479839.2723,24.0477,0.5322,0.0,-0.5133,0.24979239,20071,1,23.4674,193,0.00460256,0,27.6681,29310,-0.01219358,0.0,0.285714,0.17759267,78.5714,0.22239412,0.34533199,0.00384407,0.24520023
FSBC,2021-07-12,61700.0,23.85594177,23.30924387,1.0,-0.05030768,-0.2313,0,23.75,0,19.5535,24.30324144,35.6492,21.4286,-0.2909,23.81618096,-1,-1,-473664.6723,23.9176,0.3352,0.15,-0.5223,0.30682664,24437,0,27.5324,207,0.0058675,0,32.7093,24449,-0.00835176,0.0,0.214286,0.22618679,100.0,0.17321902,0.29006904,0.02785818,0.18220261
FSBC,2021-07-13,185200.0,24.20384216,23.60744322,-1.0,-0.05517682,-0.1637,0,23.8374,0,18.4746,24.35294143,52.5932,14.2857,-0.3318,23.75654248,-1,-1,-362568.6723,24.2398,0.8048,0.0,-0.4955,0.52353008,27150,0,37.4136,225,0.01458339,0,51.8635,35897,-0.00487858,0.0,0.142857,0.34430935,92.8571,0.35889352,0.25805747,0.0837102,0.58558881
FSBC,2021-07-14,97000.0,24.27342033,23.51798197,-1.0,-0.09948795,-0.1053,0,23.9317,106,16.6366,24.65113857,55.5211,7.1429,-0.3582,24.30324094,-1,-1,-330232.3389,24.4583,1.0531,0.0,-0.4634,0.66879137,29513,0,49.7586,236,0.00287467,0,64.703,41216,9.195e-05,0.0,0.071429,0.49188484,85.7143,0.32996023,0.25865786,0.04382236,0.24756332
FSBC,2021-07-15,11600.0,24.54180145,24.22372252,0.0,-0.08896048,-0.0427,0,24.1183,112,15.1566,24.70978577,65.7269,0.0,-0.3688,24.22372252,-1,-1,-326539.2604,24.7116,1.1867,0.0,-0.4116,0.82584258,31255,0,65.0504,251,0.01105658,0,78.5846,42873,0.00286684,0.0,0.0,0.67468719,78.5714,0.30731974,0.27737904,0.0052008,0.21454338
FSBC,2021-07-16,45500.0,24.00504112,23.86588207,0.0,-0.04089308,-0.0322,0,24.1758,42,14.5368,24.4821595,41.7677,0.0,-0.3769,24.35294065,-1,-1,-351481.5507,24.6454,0.9393,0.0,-0.4091,0.72705201,33347,0,71.0467,256,-0.02187127,0,69.8526,43951,-0.00077925,0.0,0.0,0.74636859,71.4286,0.09217929,0.27227574,0.02053184,-0.11111592
FSBC,2021-07-19,15100.0,23.81618118,23.77642227,0.0,-0.02045842,-0.0325,0,24.1678,266,14.2394,24.15414051,35.9966,0.0,-0.385,24.15414051,-1,-1,-363434.1823,24.6597,0.9838,0.0,-0.4175,0.55045764,39197,0,67.5603,270,-0.00786751,0,54.2436,37658,-0.00082573,0.0,0.0,0.70469122,64.2857,-0.04907195,0.26687225,0.00678365,-0.22345625
FSBC,2021-07-20,162900.0,24.0746212,23.70684315,0.0,-0.06996784,-0.011,0,24.142,136,13.2431,24.62032567,48.2318,0.0,-0.3878,24.20384195,-1,-1,-395110.5041,24.6372,0.9904,0.0,-0.3988,0.39468938,41686,0,54.8572,268,0.01085145,0,40.4754,53320,0.00128553,0.0,0.0,0.5528349,57.1429,-0.1880261,0.27527768,0.07362518,-0.25382165
FSBC,2021-07-21,208900.0,23.85594177,23.20984373,1.0,-0.0188702,-0.0074,0,24.0585,184,12.9932,24.27838998,40.1198,7.1429,-0.3896,23.85594177,-1,-1,-351405.5442,24.5773,1.0376,0.0,-0.397,0.36975755,45180,0,44.3302,280,-0.0090834,0,38.2717,65671,0.0002251,0.0,0.071429,0.42699227,100.0,-0.19189824,0.27675136,0.09442836,-0.05444542
FSBC,2021-07-22,26500.0,23.29930305,23.22972353,1.0,-0.01730905,-0.0367,0,23.81,283,12.7683,23.60744176,26.1343,0.0,-0.3988,23.60744176,-1,-1,-368131.6495,24.3548,1.0896,0.0,-0.4354,0.29928385,49242,1,36.9299,284,-0.02333334,1,32.0426,71310,-0.00129193,0.0,0.0,0.33852707,92.8571,-0.16693586,0.26829135,0.01193922,-0.16275995
FSBC,2021-07-23,71800.0,23.52792358,22.98619481,1.0,0.04019329,-0.0349,0,23.7146,345,13.2815,23.60744332,37.347,57.1429,-0.4075,23.35894391,-1,-1,-314740.7215,24.2566,1.084,0.0,-0.4424,0.24816776,52998,0,32.6129,296,0.00981233,1,27.5245,70241,-0.00078868,0.0,0.571429,0.28692047,100.0,-0.11689715,0.26313348,0.03242583,-0.14100291
FSBC,2021-07-26,78800.0,23.72672272,23.35894278,-1.0,-0.06720626,-0.0155,0,23.6967,36,12.3889,24.24360001,46.2206,50.0,-0.4114,23.60744218,-1,-1,-328025.1597,24.23,1.0666,0.0,-0.4269,0.25665411,61741,0,29.2806,346,0.0084495,0,28.2746,58106,-0.00054291,0.0,0.5,0.24708525,92.8571,-0.10217736,0.25958573,0.03559153,0.02725208
FSBC,2021-07-27,92100.0,23.67702103,23.35894212,0.0,-0.0648403,-0.002,0,23.6172,142,11.5856,23.98515973,44.2616,42.8571,-0.4119,23.52792178,-1,-1,-326562.7311,23.9983,0.7623,0.0,-0.4139,0.43436853,66643,0,33.2606,374,-0.00209476,0,43.9826,87640,-0.00219788,0.0,0.428571,0.29466325,85.7143,0.13592618,0.24523101,0.04160637,0.55555163
FSBC,2021-07-28,73400.0,24.25354004,23.36888282,-1.0,0.07114867,0.0471,0,23.6967,120,12.4099,24.51197963,65.4777,35.7143,-0.4001,24.02492106,1,-1,-286341.8876,24.3277,1.2621,0.0,-0.353,0.62256276,71003,0,44.2914,382,0.02434931,0,60.6169,96189,-8.375e-05,0.0,0.357143,0.42652844,78.5714,0.33164766,0.24468521,0.03314942,0.37820183
FSBC,2021-07-29,30600.0,24.20384216,23.59750301,-1.0,0.07580238,0.0759,0,23.8776,229,13.3506,24.58653147,62.8978,28.5714,-0.3811,24.27342169,1,-1,-279436.5359,24.4662,1.1772,0.0,-0.3052,0.73856362,75200,0,58.4899,404,-0.0020491,0,70.8701,100685,-0.00141555,0.0,0.285714,0.59626118,71.4286,0.32057013,0.23546107,0.01379342,0.16914755
FSBC,2021-07-30,24100.0,24.22372246,23.86091166,-1.0,0.06342037,0.0947,130,24.0167,334,14.1973,24.58156031,63.6146,21.4286,-0.3575,24.25354117,1,-1,-279270.0669,24.5332,1.0329,0.0,-0.2627,0.80261345,80603,0,69.3395,424,0.00082137,0,76.5314,108067,0.00091848,0.0,0.214286,0.72596026,64.2857,0.18549527,0.24143766,0.01085384,0.07988277
FSBC,2021-08-02,33000.0,24.25354004,23.33707531,1.0,-0.09831447,0.1067,0,24.1221,25,12.8015,24.38276078,64.8866,14.2857,-0.3308,24.38276078,1,-1,-254298.6761,24.569,0.8938,0.0,-0.2241,0.76600143,91726,0,73.5656,485,0.00123092,0,73.2953,81575,0.00183108,0.0,0.142857,0.77648021,57.1429,0.06094794,0.25336353,0.0148788,-0.0422846
FSBC,2021-08-03,39000.0,24.30324173,23.68696239,1.0,-0.08384955,0.1148,0,24.2473,322,11.7281,24.43246058,67.2703,7.1429,-0.3021,24.25354071,1,-1,-228840.2361,24.3146,0.1345,0.0,-0.1873,0.77069092,95992,0,74.5122,515,0.00204926,0,73.7098,117503,0.0009536,0.0,0.071429,0.78779612,50.0,0.01286743,0.25958573,0.01759226,0.00565521
FSBC,2021-08-04,30600.0,23.75654221,23.60744295,1.0,-0.09017658,0.0817,0,24.1479,333,10.6705,24.33306074,34.7933,0.0,-0.2816,24.15414087,-1,-1,-246840.1539,24.5453,0.7947,0.0,-0.1999,0.63167362,100918,0,69.4758,554,-0.02249492,0,61.4222,130670,-0.00041367,0.0,0.0,0.72758962,42.8571,-0.06759162,0.25688399,0.01379342,-0.16670239
FSBC,2021-08-05,6900.0,24.12432098,23.95534132,0.0,-0.08919919,0.0828,0,24.132,234,9.7187,24.30324085,53.6218,14.2857,-0.261,23.95534132,1,-1,-247037.6968,24.5255,0.7869,0.0,-0.1782,0.59362704,105385,0,64.3971,590,0.01548116,0,58.0593,131953,0.00344867,0.0,0.142857,0.66687746,35.7143,-0.07310027,0.27939852,0.00307525,-0.05475056
FSBC,2021-08-06,11800.0,24.26845169,24.1640805,0.0,-0.04990379,0.0906,0,24.141,7773,9.2337,24.4324603,59.369,7.1429,-0.2383,24.23366003,1,-1,-249658.5857,24.5443,0.8066,0.0,-0.1476,0.62266232,108046,0,60.0357,632,0.0059745,0,60.6257,126699,0.00308688,0.0,0.071429,0.6147401,28.5714,-0.06772665,0.29962066,0.00529124,0.04420308
FSBC,2021-08-09,31400.0,24.64120102,23.63726323,1.0,0.08846941,0.1168,1,24.2185,82,10.0506,24.95430889,70.9904,100.0,-0.2091,24.10444141,1,-1,-233202.0347,24.7917,1.1463,0.0,-0.0923,0.78546652,117096,-1,64.5669,728,0.01535942,-1,75.0158,96278,0.00379585,0.0,1.0,0.6689073,21.4286,0.07547509,0.32456404,0.01415521,0.23735973
FSBC,2021-08-10,106000.0,24.6809597,23.90564091,-1.0,-0.03321195,0.1315,0,24.2941,183,9.7168,25.17795849,72.0561,100.0,-0.1762,23.90564091,1,-1,-210014.0972,24.9803,1.3724,0.0,-0.0447,0.80466121,120766,-1,70.7846,768,0.0016135,-1,76.7124,143196,0.00415386,0.0,1.0,0.74323538,14.2857,0.09629857,0.35196354,0.04789255,0.02261657
FSBC,2021-08-11,12800.0,24.94933891,24.35790916,-1.0,-0.0407027,0.1526,12,24.5326,270,9.3213,25.1978383,78.668,100.0,-0.1381,24.35790916,1,1,-204790.5114,25.1286,1.1919,0.0,0.0145,0.80106461,124184,-1,76.0409,807,0.01087394,-1,76.3945,154595,0.00286766,0.0,1.0,0.80607062,7.1429,0.07425768,0.37095762,0.00574349,-0.00414405
FSBC,2021-08-12,6400.0,24.84993935,24.7227074,-1.0,-0.03818137,0.1527,0,24.6777,266,8.9654,25.15807806,70.9012,92.8571,-0.0999,24.96921989,1,1,-207443.2568,25.1445,0.9335,0.0,0.0528,0.80466348,127806,-1,76.6065,845,-0.00398406,-1,76.7126,157306,0.00265403,0.0,0.928571,0.81283196,0.0,0.0074381,0.38858718,0.00284913,0.00416391
FSBC,2021-08-13,17700.0,24.6909008,24.40860509,1.0,0.11981618,0.1355,14,24.7622,97,10.0396,24.96922082,59.2098,85.7143,-0.066,24.84497111,1,1,-207318.0086,24.9972,0.47,0.0,0.0695,0.80150132,131113,0,76.5134,893,-0.00639996,-1,76.4331,149852,0.00191355,0.0,0.857143,0.81171901,35.7143,-0.0012153,0.40133177,0.00795948,-0.00364347
FSBC,2021-08-16,12900.0,24.91951942,24.66107982,0.0,0.06603849,0.1328,8,24.8179,130,10.7026,25.01891956,68.5334,78.5714,-0.0328,24.66107982,1,1,-201600.6752,25.0433,0.4508,0.0,0.1,0.78032674,137726,0,75.9024,965,0.00925923,-1,74.5615,112103,0.00272375,0.0,0.785714,0.80441495,28.5714,-0.00798553,0.41950714,0.00578871,-0.02448677
FSBC,2021-08-17,11900.0,24.84993935,24.67101948,1.0,0.00868948,0.1201,0,24.8517,250,10.7956,25.09843874,63.0506,71.4286,-0.0028,25.04873962,1,1,-203539.0241,25.0306,0.3578,0.0,0.1173,0.70819446,140125,0,73.0601,1001,-0.00279219,-1,68.1858,159992,0.002231,0.0,0.714286,0.77043732,21.4286,-0.03744677,0.43443495,0.00533647,-0.08550928
FSBC,2021-08-18,10900.0,24.74059868,24.35294024,1.0,0.13952907,0.0988,15,24.8099,1040,12.3019,25.09843841,54.4881,64.2857,0.0219,24.5318601,1,1,-203102.3041,24.9753,0.3307,0.0,0.1207,0.63515483,143400,0,68.159,1069,-0.00440004,0,61.7299,177518,0.00400441,0.0,0.642857,0.71184824,14.2857,-0.06708313,0.46128865,0.00488423,-0.094681
FSBC,2021-08-19,59400.0,24.63125992,24.35293992,1.0,0.11020249,0.0731,29,24.7662,204,13.6576,25.08849788,46.5808,57.1429,0.0402,24.55174019,1,1,-217557.5203,24.9761,0.4198,0.0,0.1133,0.48005182,145040,0,59.312,1115,-0.00441941,0,48.0205,168788,0.00205502,0.0,0.571429,0.60608879,7.1429,-0.12979944,0.47512485,0.02681802,-0.22208687
FSBC,2021-08-20,23300.0,24.75053978,24.65113964,-1.0,0.08933488,0.0604,14,24.7781,1934,14.8777,25.01891959,55.4056,50.0,0.0553,24.76047998,1,1,-228242.25,24.9759,0.3955,0.0,0.1157,0.46026542,147561,0,52.0073,1164,0.00484262,0,46.2716,167498,0.00194968,0.0,0.5,0.51876641,0.0,-0.1231572,0.4882788,0.01049204,-0.03641986
FSBC,2021-08-23,16200.0,24.50203896,24.45233984,1.0,-0.03989192,0.033,77,24.6946,69,14.2842,25.24256796,38.7396,100.0,0.0635,25.18789779,1,1,-242418.5016,24.9321,0.4749,0.0,0.0965,0.34189322,151113,0,43.367,1270,-0.01004022,0,35.8088,120298,-0.00056116,0.0,1.0,0.41547791,7.1429,-0.16613629,0.48448544,0.00728111,-0.2261171
FSBC,2021-08-24,27000.0,23.7764225,23.35894344,1.0,0.23161955,-0.0329,4,24.4799,367,17.5927,24.5318609,18.4657,92.8571,0.0553,24.5318609,1,1,-250208.8236,25.2063,1.4527,0.0,0.0224,0.28468475,153277,1,37.6109,1330,-0.02961453,1,30.7522,175142,-0.00365564,0.0,0.928571,0.34666793,100.0,-0.13272996,0.45978768,0.01216534,-0.1412111
FSBC,2021-08-25,21100.0,23.40864182,23.3688829,0.0,0.16925202,-0.0964,17,24.2135,257,20.5703,23.63229165,13.8677,85.7143,0.0312,23.59750188,-1,-1,-264965.5406,25.2662,2.1053,0.0,-0.0652,0.09350485,155194,1,26.805,1354,-0.01546829,1,13.854,190938,-0.00624752,0.0,0.857143,0.21749125,92.8571,-0.28730767,0.41773326,0.00949711,-0.54949565
FSBC,2021-08-26,24400.0,23.70684242,23.35894289,0.0,0.0640681,-0.1124,31,24.0287,253,21.8882,23.84600148,31.2245,78.5714,0.0031,23.35894289,-1,-1,-254509.6834,25.0472,2.0371,0.0,-0.1093,0.09995248,157885,0,19.6767,1408,0.01273891,1,14.4239,187625,-0.00466308,0.0,0.785714,0.13227761,100.0,-0.26593173,0.3865404,0.01098951,0.04113613
FSBC,2021-08-27,139600.0,23.7764225,23.46828378,0.0,-0.04790709,-0.1121,42,23.8338,201,20.8396,24.26348109,35.0424,71.4286,-0.0249,23.65714196,-1,-1,-285918.7834,24.555,1.4423,0.0,-0.1371,0.09995248,160189,0,14.2339,1450,0.00293502,0,14.4239,183624,-0.0037463,0.0,0.714286,0.0672129,92.8571,-0.27661142,0.36159703,0.06308792,0.0
FSBC,2021-08-30,12500.0,23.7664814,23.38876316,1.0,-0.03076355,-0.1065,35,23.6867,83,20.1985,24.09450052,34.6984,64.2857,-0.0515,24.09450052,-1,-1,-285038.1496,23.9698,0.5662,0.0,-0.158,0.22103542,160720,0,17.9914,1545,-0.00041811,0,25.1263,126378,-0.00474368,0.0,0.642857,0.11213108,85.7143,0.26398246,0.33013127,0.00560781,0.74199072
FSBC,2021-08-31,21500.0,23.73666191,23.468284,-1.0,-0.02857143,-0.0988,50,23.6788,504,19.6214,24.04480253,33.4666,57.1429,-0.0763,23.83606205,-1,-1,-286521.8738,23.9535,0.5494,0.0,-0.1751,0.30886196,161547,0,24.1465,1556,-0.00125469,0,32.8892,180933,-0.00460094,0.0,0.571429,0.18571082,78.5714,0.34211345,0.29975712,0.009678,0.30895516
FSBC,2021-09-01,8700.0,23.69690323,23.46828423,1.0,-0.026466,-0.0907,36,23.7364,323,19.1021,23.90564182,31.597,50.0,-0.0989,23.46828423,-1,-1,-286126.601,23.7993,0.1257,0.0,-0.1896,0.36618018,161731,0,31.9904,1591,-0.00167499,0,37.9555,192228,-0.00433566,0.0,0.5,0.27947894,71.4286,0.32484625,0.271266,0.00388929,0.15404145
FSBC,2021-09-02,54700.0,23.32912254,23.15020457,1.0,0.04623052,-0.1034,16,23.6609,401,19.9852,23.93546167,19.1971,42.8571,-0.1248,23.88576255,-1,-1,-315885.8669,23.9975,0.6732,0.0,-0.2281,0.29575626,161066,1,34.1918,1622,-0.0155202,1,31.7308,182964,-0.00543066,0.0,0.428571,0.30579507,100.0,0.06881439,0.23573397,0.02469247,-0.16399995
FSBC,2021-09-03,60200.0,23.58756256,22.91164389,1.0,0.08168545,-0.0883,28,23.6231,388,21.6177,23.80624325,39.9106,35.7143,-0.1468,23.32912296,-1,-1,-285098.578,23.9413,0.6364,0.0,-0.2351,0.35377479,161153,0,35.5151,1637,0.011078,1,36.859,184235,-0.00487737,0.0,0.357143,0.32161416,100.0,0.03870226,0.20399531,0.02717981,0.16161584
FSBC,2021-09-07,23600.0,23.49810219,23.38876374,0.0,0.05144396,-0.0786,87,23.5694,90,22.7298,23.85594192,35.9257,28.5714,-0.1665,23.49810219,-1,-1,-297652.3014,23.8625,0.5861,0.0,-0.245,0.40804851,146202,0,36.7487,1601,-0.00379269,0,41.6562,109217,-0.0042312,0.0,0.285714,0.33636095,92.8571,0.03473452,0.1765958,0.01062771,0.13015003
FSBC,2021-09-08,13400.0,23.45834351,23.13032438,1.0,0.08293958,-0.0694,58,23.5138,1347,24.615,23.80624304,34.0377,21.4286,-0.1838,23.60744277,-1,-1,-298045.0661,23.761,0.4944,0.0,-0.2532,0.5488149,144660,0,44.2045,1619,-0.001692,0,54.0984,181432,-0.00134586,0.0,0.214286,0.42548962,85.7143,0.20288609,0.16791747,0.00601483,0.29868783
FSBC,2021-09-09,7500.0,23.56768227,23.54780376,-1.0,0.06892951,-0.0513,6,23.4879,404,26.3117,23.69690302,44.1307,14.2857,-0.1967,23.58259352,-1,-1,-303547.9994,23.6723,0.3687,0.0,-0.248,0.57496747,145862,0,50.7216,1641,0.00466098,0,56.41,191382,0.00067383,0.0,0.142857,0.50339681,78.5714,0.14743069,0.17225664,0.0033466,0.04272954
FSBC,2021-09-10,12400.0,23.34900284,23.01104351,1.0,0.11401392,-0.0495,49,23.4919,349,29.3116,23.68298646,31.9203,7.1429,-0.209,23.01104351,-1,-1,-303468.745,23.6627,0.3416,0.0,-0.2585,0.55445813,144066,0,55.0352,1681,-0.00927878,0,54.5972,171658,-0.00151617,0.0,0.071429,0.55496276,71.4286,0.08504464,0.1624867,0.00556259,-0.03213615
FSBC,2021-09-13,5900.0,23.72672272,23.34900258,0.0,0.08012869,-0.0197,53,23.5197,164,31.6603,23.72672272,57.3808,0.0,-0.214,23.34900258,-1,-1,-297576.745,23.7704,0.5013,0.0,-0.2337,0.67252599,144379,0,58.6801,1730,0.01617713,0,65.0331,112799,-0.00021208,0.0,0.0,0.59853488,64.2857,0.06622852,0.16112218,0.00262301,0.1911435
FSBC,2021-09-14,17900.0,23.1601429,23.04086425,1.0,0.08893788,-0.0343,5,23.4522,660,34.4761,23.6869623,33.7293,0.0,-0.2225,23.6869623,-1,-1,-308888.9604,23.8365,0.7687,0.0,-0.2568,0.50158617,151692,0,56.5181,1825,-0.0238794,0,49.9239,160413,-0.00257091,0.0,0.0,0.57268975,57.1429,-0.03684384,0.14458423,0.00804993,-0.23233092
FSBC,2021-09-15,63400.0,23.31918144,23.17008219,0.0,0.07350599,-0.0294,108,23.4243,916,37.0103,23.68397912,42.1028,14.2857,-0.2299,23.35894225,-1,-1,-335514.4384,23.8228,0.797,0.0,-0.2592,0.48929052,149110,0,54.5981,1836,0.00686691,0,48.8371,163354,-0.00177365,0.0,0.142857,0.54973754,50.0,-0.03397142,0.13320416,0.02862699,-0.02176913
FSBC,2021-09-16,49500.0,23.10050392,22.91164385,0.0,0.07611124,-0.0366,25,23.3309,540,39.8272,23.32912291,34.5908,7.1429,-0.239,23.3092444,-1,-1,-340232.4384,23.7685,0.8752,0.0,-0.2757,0.25722884,144818,0,42.3622,1818,-0.00937758,1,28.3254,161339,-0.00254377,0.0,0.071429,0.40346626,100.0,-0.22410853,0.11691182,0.02234081,-0.42000242
FSBC,2021-09-17,67000.0,22.98122406,22.68302366,1.0,-0.02400119,-0.0447,37,23.2573,531,38.8713,23.79630174,30.8392,0.0,-0.2502,23.0806223,-1,-1,-371359.0812,23.7746,1.0345,0.0,-0.2949,0.28753352,142029,0,36.0555,1806,-0.00516352,1,31.004,152136,-0.00148658,0.0,0.0,0.32807425,100.0,-0.14887565,0.10741479,0.03025507,0.0945653
FSBC,2021-09-20,47200.0,22.27548599,22.19596626,1.0,0.01314852,-0.0902,52,22.9671,33,39.3824,23.21978447,17.1126,0.0,-0.2727,22.69296506,-1,-1,-411217.7511,23.6924,1.4506,0.0,-0.3629,0.14390139,133644,1,25.8793,1780,-0.03070933,1,18.3085,91068,-0.00561293,0.0,0.0,0.20642518,100.0,-0.28223711,0.07160986,0.02130065,-0.40947942
FSBC,2021-09-21,58000.0,22.11644554,21.77848622,1.0,0.03412184,-0.1216,9,22.7583,624,40.7262,23.24165074,15.2061,0.0,-0.3032,22.22578588,-1,-1,-442421.6234,23.7076,1.8985,0.0,-0.4248,0.11968231,129490,1,21.8268,1769,-0.00713971,1,16.1678,131330,-0.00594147,0.0,0.0,0.15798049,100.0,-0.15659233,0.0339219,0.02618488,-0.11692383
FSBC,2021-09-22,26900.0,22.94146347,22.17111575,0.0,0.02000678,-0.0795,70,22.6828,445,41.541,23.30427235,50.7709,7.1429,-0.323,22.26554483,-1,-1,-432739.1497,23.4913,1.617,0.0,-0.4026,0.23602371,124417,0,20.3091,1756,0.03730337,1,26.4511,127843,-0.00223758,0.0,0.071429,0.13983749,92.8571,-0.06953378,0.01981279,0.01212012,0.63603582
FSBC,2021-09-23,15400.0,23.01104355,22.86194429,-1.0,-0.04007125,-0.0416,24,22.6649,1466,39.8764,23.72672302,52.8555,0.0,-0.3334,22.86194429,-1,-1,-442847.1497,23.4389,1.548,0.0,-0.375,0.44764394,119979,0,29.2583,1756,0.00303294,0,45.156,130277,-0.00241611,0.0,0.0,0.24681867,85.7143,0.44064976,0.00461207,0.00691932,0.70715018
FSBC,2021-09-24,14900.0,23.26948357,22.27548597,0.0,-8.526e-05,0.0039,61,22.7226,781,39.873,23.3490033,60.6012,7.1429,-0.3325,22.91164383,-1,-1,-430194.5941,23.6159,1.7866,0.0,-0.3286,0.67309394,116805,0,45.5634,1769,0.01123113,0,65.0833,129917,-0.00034786,0.0,0.071429,0.44173428,78.5714,0.55728118,0.00242884,0.0066932,0.44129905
FSBC,2021-09-27,24100.0,23.63726234,22.9215829,0.0,-0.05542849,0.0587,447,22.9949,613,37.6629,23.84600092,69.5117,0.0,-0.3178,23.26948242,-1,-1,-416991.6264,24.0,2.0102,0.0,-0.2591,0.79478442,112840,0,62.0262,1729,0.0158052,0,75.8394,88739,-0.00038713,0.0,0.0,0.63853508,71.4286,0.36131632,0.0,0.01085384,0.16526667
FSBC,2021-09-28,10800.0,23.53786278,21.88782696,1.0,0.00553595,0.0865,22,23.2792,1069,37.8714,23.8559417,64.5776,100.0,-0.2961,23.74660136,-1,-1,-409663.586,23.8314,1.1044,0.0,-0.2096,0.88059713,110520,0,74.7823,1697,-0.00420521,0,83.4243,115090,0.00164484,0.0,1.0,0.79102497,64.2857,0.20565664,0.01031575,0.004839,0.10001266
FSBC,2021-09-29,6600.0,23.84600067,23.12535208,0.0,0.00495625,0.1218,50,23.4601,1354,38.0591,23.84798947,72.219,92.8571,-0.2657,23.55774237,1,-1,-403125.5075,24.0427,1.1652,0.0,-0.1439,0.96720067,108860,-1,83.4476,1701,0.01309116,0,91.0791,116226,0.00228943,0.0,0.928571,0.89461233,57.1429,0.11587368,0.02469776,0.00293958,0.09175744
FSBC,2021-09-30,19700.0,23.7963028,23.50804258,0.0,-0.00885728,0.1368,34,23.6172,1427,37.722,23.96528246,69.2089,100.0,-0.2315,23.85594212,1,-1,-397993.6814,24.029,0.8237,0.0,-0.0947,0.97459978,107300,0,88.7455,1668,-0.00208412,-1,91.7331,119357,0.00301237,0.0,1.0,0.95794487,50.0,0.06348775,0.04366455,0.00886397,0.00718057
FSBC,2021-10-01,65900.0,24.08456039,23.51798209,-1.0,-0.04598643,0.1595,42,23.7802,1428,35.9873,24.31317938,76.3542,100.0,-0.1916,23.79630209,1,-1,-369980.6564,24.1558,0.7513,0.0,-0.0321,1.0,105459,-1,92.2635,1635,0.01211355,-1,93.9782,117031,0.00477075,0.0,1.0,1.0,42.8571,0.03964145,0.07379308,0.0297576,0.02447426
