Ticker,Date,PCA_0,PCA_1,PCA_2,PCA_3,PCA_4,PCA_5,PCA_6,PCA_7,PCA_8,PCA_9,PCA_10,PCA_11,PCA_12,PCA_13,PCA_14,PCA_15,PCA_16,PCA_17,PCA_18,PCA_19,PCA_20,PCA_21,PCA_22,PCA_23,PCA_24,PCA_25,PCA_26,PCA_27,PCA_28,PCA_29,PCA_30,PCA_31,PCA_32,PCA_33,PCA_34,PCA_35,PCA_36,PCA_37,PCA_38,PCA_39,Close
FSBC,2021-06-21,1.2829594951185546,1.7416481724465889,0.25781149136464143,0.4529021822829229,0.6141544139904844,0.3133449103894877,0.3456539274008391,-0.5450242753581136,0.2562054371588025,-0.27552074851343766,-0.08914028722450906,-0.0019173961635883354,-0.11507450461513485,-0.08581160110459495,0.04849478912373106,0.088178264649861,-0.040310062378651916,0.11131202539023921,0.08410194311251502,0.15378909749953562,-0.013055011892690097,0.062047504844689835,-0.12772423569487248,0.08389740353006409,0.042152822441016154,-0.04433939682128258,-0.045230186415837946,-0.013684022842575928,0.03260977026798916,-0.017516572989389634,0.003026716922843704,0.015710471250912905,0.009466800120711978,9.089383561773972e-06,-1.4090150441964794e-06,8.365303547068727e-10,-8.681149773970766e-10,1.871862391896865e-10,4.3671953769160435e-17,-3.97961896419059e-17,26.07759285
FSBC,2021-06-22,1.7214103897242017,1.7056328855210843,0.2172346562810904,0.33308370142497623,0.4113764705753591,-0.08249931584516729,-0.19982792821656448,-0.018735875509445433,0.5480762836819902,-0.12788847436191875,0.047756216655384806,-0.0010779620527969361,-0.1816954436883137,-0.02624344355014219,-0.14454845771279154,0.12324649935947823,0.08534864807183415,0.09098133363423605,0.004960974924429376,0.09717168335393221,-0.09899580530862283,-0.04265387641197349,-0.04889498003127325,-0.004452973938910469,-0.05133595498108268,0.028260153868854637,0.002235205129260404,-0.022484829044760287,-0.007602287625389746,0.03871533075748175,1.8871679715417444e-05,0.007717727814620457,-0.01286073976115321,1.66172498555387e-05,3.0182022292255087e-06,-3.5736035035758646e-10,6.933173355130475e-10,-2.5155594108381693e-10,2.0409881959373392e-16,6.07126626669627e-17,26.55173111
FSBC,2021-06-23,1.6787723942576769,1.632163458233335,0.081235598326524,0.3471943785834743,0.39025621754760936,-0.2166379460544283,-0.009075211290778522,0.33155374146446015,0.38866201175922577,-0.14481872306932075,-0.10775660586323454,-0.14306007542142285,-0.15510580320289136,-0.16555765729646885,-0.2016060127933234,-0.06499149368918782,0.1373940832474084,0.002681942630965051,-0.16048897341050733,-0.1364886096033197,0.12047815841062155,-0.05446131993929132,0.0020880912672403885,-0.039648125777814146,-0.03659867621604263,-0.03194425810079791,0.06456090937626285,-0.028633613680428393,-0.004454296943008732,0.018736527316914886,-0.007144198798661642,0.002030882069629034,0.009282282286106655,-1.474833584859154e-05,-1.0578733815982504e-06,-3.672948441566868e-09,3.696081473382023e-10,1.8684650259423625e-09,-7.115981040584419e-19,3.3866445683213055e-17,26.39368439
FSBC,2021-06-24,1.7771862664027935,1.50929111670239,-0.2522712683770072,0.6869858484678084,0.3779537575543099,-0.4704759731419157,-0.0041629551093621065,0.31341315394440106,0.14842426971946704,-0.13049384418886384,-0.2853200636980344,0.0518167124683297,-0.1542790558770869,-0.09776353005877664,-0.03735441671715805,0.05640419125588011,0.07429812835688794,0.02408050530520429,-0.05472446739038829,0.013641261501516145,0.04976643494524106,0.06766509372910721,0.007516448595018873,0.009000110474034595,-0.02541637494422517,0.07340211340606911,-0.018105508497604447,0.07108833828651903,-0.01292830268405212,-0.01509380246047198,0.015267759204495513,-0.02524548412268192,-0.009311668313704507,-5.6475523177496365e-06,-3.6124875733564995e-06,3.877298673778393e-09,-1.0127753736297735e-09,-1.6642037475153495e-09,-8.824864139959375e-17,-6.024345375197537e-17,26.70977974
FSBC,2021-06-25,1.3803901793681452,1.696346489947991,0.09876314381069703,-0.249931623984383,0.673103644005026,0.18099236282935796,0.06981544939483268,0.5578026622275276,-0.09209912276238613,0.8010904560527545,-0.09763453874096517,0.7834601332748433,0.2024898929469539,0.0031072244674858283,0.10642517178295781,-0.009189587934465044,-0.1866916591031126,0.0005139932263016597,0.08699336617576728,0.01138801829120822,0.036461885825816144,0.02012952712770759,0.03201839375305111,0.014458310915092476,0.004333877138086674,-0.04770171056499687,0.02188414929316693,-0.008060709882317392,0.0008080893203361011,-0.01723041180065462,0.005000002140497176,-0.003662750417500027,0.0032063207331406354,-2.2090336777849433e-06,1.3131506130556105e-06,-3.2226784436005203e-09,-3.5755603118463095e-10,3.9638195989568836e-10,-3.3017408377478757e-17,3.289301387431361e-17,25.88003922
FSBC,2021-06-28,0.7116828010536612,1.730007755960862,0.061070174418694854,0.15197026058734886,0.5105836084475813,0.0472081488571487,0.43563418560557293,-0.3149547138711442,-0.346037359153863,0.097119801665435,0.07872769858790847,-0.1545544064597873,-0.04203327854748655,0.05291039816147906,0.1770742773750957,-0.05010716411108161,-0.05781972058142973,-0.146601711686396,-0.12401689266208796,-0.04816603094780257,-0.01768391025385836,-0.0028936237007138542,0.02137983744670606,-0.035272667957491614,0.15535737769423622,0.00917228660408444,0.011915744334482841,0.0391761792790319,-0.043968719330026926,-0.01624919160269894,-0.03226011996085298,0.010329180463269196,-0.010323792759486833,-5.383487874356032e-06,1.583393626363216e-06,4.339761739947005e-09,8.259578838625369e-10,1.2754516604380072e-09,-8.652246844091723e-16,7.340425290320858e-17,25.37626648
FSBC,2021-06-29,-0.2299932029755265,2.0471849896751313,0.5728504665556818,-0.36018835505957303,0.2792251650903705,0.32073444008653895,-0.18879041689491058,-0.28391102355592,-0.5142346884153329,-0.1446085271729249,0.03514622786329196,-0.04628288111884391,0.39124850685474,0.0668785240600355,0.049965182454130556,-0.1545135968449231,0.22068031956599926,0.03051237282956651,-0.07029060832085687,-0.010954097916289452,-0.1172753802885538,0.032933662101072805,-0.025294147777592715,-0.056080629651472265,-0.019739489237292726,0.08403005049191987,-0.06591451614079538,0.020666428918847915,0.012210520872176863,0.003782081730644227,0.006359962048446242,-0.010504407047656903,0.02388503945170279,-1.0668600753052669e-06,5.706525664865646e-06,-3.456992542879897e-09,6.005841040405124e-12,3.7557111092530813e-10,-1.496011658211104e-16,1.1882953227646974e-16,24.25018692
FSBC,2021-06-30,-0.8623986495965312,1.779841664297755,0.20665802943971018,0.11378077475190619,-0.08633029086246212,0.3022061408185152,-0.56063968399026,-0.530671243076201,-0.039237140928168136,0.16303009787924452,-0.13238438799700608,-0.23909568632887468,0.21510583387387336,0.3291618649202252,-0.012161000589030614,-0.03942219813466838,-0.01858296281391137,-0.061357706986258455,-0.06259571050834623,0.08281119169299468,-0.09026129062780279,-0.006803795319422744,0.025727750645153334,0.019742423930907273,0.0035633874317040617,-0.06573467835340341,0.049505470397247245,-0.014333220011030543,-0.03476321327784661,0.016208816470810912,-0.00833670114338523,-0.00849647665818545,0.013356122392993448,-7.623877753506946e-06,-7.089296156445431e-06,1.9497688339238015e-09,5.61913553675658e-10,-1.7219898084817484e-09,3.8175013563312893e-16,-7.65862915039649e-17,23.85507202
FSBC,2021-07-01,-0.9537829849995167,1.5453612805801955,-0.10980891321885382,0.36418852422188475,-0.21408594622808205,0.11960615038655897,-0.2659178726420627,0.15724285861917095,0.2670792325368181,-0.12931414125026813,0.005565266972358423,-0.29525460240221957,0.2408305450647839,0.25447794020379094,-0.053532590842160804,-0.25541322010575196,-0.15077247450448003,-0.08842133554881991,0.269548211661488,-0.14980327942913058,0.22210797190270312,0.034619463590513974,-0.0003921092106397762,0.016472628128023175,-0.009430365020194263,0.02277205623638014,-0.006200135513913205,-0.010400121258137307,-0.0008932029046356701,0.010783920640707712,0.00619976445413302,-0.008640996627675751,-0.013876455780454348,2.7636071988129905e-05,2.0823385429808318e-06,3.3396889927710455e-09,-1.743208887604959e-09,1.081741900922084e-09,3.977148341342054e-17,2.9968809494999e-17,24.19091988
FSBC,2021-07-02,-1.0116385710894926,1.35001194861028,-0.1818379339318368,0.12748719749540569,-0.17733695911988623,0.042261222216666505,-0.2128807706089478,0.05220570692363204,0.032642441486421286,0.010468495385436568,0.007461001202860591,-0.21653993311414588,-0.015450877909225995,-0.01569780532791038,-0.01694511430868905,-0.005610646117020799,-0.042466594485112356,-0.030723661139091016,-0.0008343964229630696,-0.0058305821376124015,-0.04065364452094627,-0.14619154875417611,0.18698175549821894,-0.026727850635217685,-0.05518999029931827,-0.035339585850761676,-0.02064693940868698,0.0040870342023490245,0.013547047252747775,-0.02149136599785957,0.00980216028691669,0.010871740281233194,-0.010385353721160515,8.84229475466263e-06,4.2464845658183166e-06,8.305628222978236e-09,2.632780308318997e-09,-1.2553829217826897e-09,-5.976822785662684e-16,-1.0140358082326673e-16,24.01311684
FSBC,2021-07-06,-1.2317788504947003,1.0939289533426448,-0.19595749139906074,-0.20208488747086098,-0.1418036570141398,0.15270002502365357,0.04755896303640687,0.6611639752051711,-0.13309102638995726,-0.04305068386170649,-0.11982178596633997,-0.18439710409555068,-0.13729170577912977,-0.09828916011276193,0.052626430952043717,0.031387540919846545,-0.04562797125164547,-0.08236212054095889,-0.03142309520192532,-0.013865607623704694,-0.12172216623427652,-0.11131115195920553,0.004423135744969469,-0.05585964693063054,0.018926529933849152,-0.08624324102377975,-0.06137202119805716,-0.05613673214100738,0.04464254890748736,-0.008696097277336633,0.01107273397693432,-0.004717432332485552,0.00012459789675237597,-1.3682300618233246e-05,-4.722148947449016e-06,-5.927941027519878e-09,1.8142040284630587e-09,-1.3687425003359586e-10,-1.0237110392293423e-16,1.767278871663717e-17,23.7661705
FSBC,2021-07-07,-1.154582821263926,1.0170025992275387,-0.6366749507160028,0.37016723789324607,-0.3435906334622168,-0.32094967224142906,-0.053232389235096954,0.26268584044551646,-0.34465454711319293,0.09432414422207859,-0.029299825285525122,-0.12812864997881204,-0.13687028322726874,-0.14468350142202363,0.10381487193387515,0.10000987212990574,0.018438693283726944,-0.04733762587090705,0.1287580835104661,-0.059885995003671165,-0.004541802504059762,0.02338731772827932,-0.01635647060249968,-0.01230094660553531,0.024986375108985635,0.03772945524857356,-0.02688818518330999,-0.048916187481806275,-0.010384103558047156,-0.02644449092530625,0.03389507939570062,-0.007845663931762548,0.0037406756656985355,2.558840881097415e-05,-3.339277972012197e-06,-1.915359129803216e-09,-1.953844129953846e-09,-1.165349921907566e-09,-4.2205609092377763e-16,1.0355973854622121e-17,23.8007431
FSBC,2021-07-08,-1.258440977645351,0.9118754608466813,-0.4808525006285517,-0.10907477733572042,-0.1864483424926713,-0.12656243860038963,-0.07823193453584464,0.2525257665287962,-0.3302412975324169,0.12371029928797446,0.04257048988082433,-0.12370381482113647,-0.13448177907219236,-0.07188704823391177,0.12089921171828094,0.1122186800426807,-0.06513647465803071,-0.12433062942837712,0.022987755105954653,0.04157922620209731,-0.053623026012360644,-0.02058182658188483,-0.05042021519520952,-0.006893162173856074,-0.04927062257117962,-0.011392294337806365,0.025446348996084032,0.037433685949301215,0.007852801456341875,0.001563933092255271,-0.0010018447916602922,0.009487855991707306,-0.004765641833334105,-4.317786346476906e-06,2.8500415211830184e-06,5.122159001469339e-09,-1.6633855088319418e-09,2.312659465432149e-09,2.509474798108125e-15,3.6029227419765864e-17,23.60812569
FSBC,2021-07-09,-0.9218003890148024,0.699075455271557,-0.7064612326297423,0.38377539354637474,-0.498271093835405,-0.02972697450240153,0.06995395421455121,0.11125885361461671,-0.48510287936761476,0.18489709308360583,0.19558722541640844,-0.21936277589302322,-0.1993502557748375,-0.015461712174996431,-0.11600693347930924,0.08399783063688682,-0.16123809424032037,-0.00743821100726408,0.12359940162334977,0.05691424623454496,-0.019026403968600114,0.022918870790930287,-0.16064660944503004,-0.013997142038926701,-0.04539597758970903,0.07433950835397368,0.003667616541675461,0.0481271012033066,-0.0027418022084505157,0.008380962934209717,-0.015394994742174784,0.007701700828234802,-0.011403840071868293,-1.4311775419803263e-05,-3.2040980230049443e-07,-6.725551254568626e-09,1.6739195967082306e-10,-4.2475999449059805e-10,-8.507718642650387e-16,2.3773773179370168e-17,23.71678352
FSBC,2021-07-12,-0.9173404781751283,0.4650154693935638,-0.5498028612567094,-0.30989445685481337,-0.19940179771795985,0.506050198882244,0.3299565596825892,0.48050375007911317,-0.07707824440887447,0.023056981788727993,0.35921776677075873,0.03539009931555582,-0.35663201157771307,0.5734880147664785,0.1949165715744999,0.09750884462041003,0.3618294967308554,0.3266617694553529,-0.11334626241816004,0.10688007394877627,0.19255733265638394,0.038121989467506515,0.05414219015905435,0.009251332681092466,0.0007928591949169331,-0.01593074052388563,-0.0025660214588980428,-0.001518445801094938,0.0014369826325042222,0.0004920326501485571,-3.454833814113361e-05,-0.00041494729801994654,0.00015452486068408768,2.560079053479678e-13,-2.384803128345134e-15,-3.846433325691252e-18,-3.8130455358739336e-17,1.0854249795185064e-17,-3.229377879872461e-17,1.1343849537081394e-17,23.85594177
FSBC,2021-07-13,-0.5910269930112406,0.21179221601400341,-1.0923055916496207,0.39582779883764635,-0.22863559789045743,-0.047412609832642255,0.2343963515021796,0.15912781561628728,-0.10411274015796174,-0.049705875207730725,-0.019178390155856713,0.2898629598554122,0.04125934057311706,0.026422683564886574,0.004969011578200002,-0.07183262541016666,-0.06328529540477251,-0.009213876374674029,0.12555456883923694,-0.021556306735698166,-0.033928021089997325,0.04483160463540784,-0.07092850638822215,0.030677066092326035,-0.07820908381031559,-0.06770932297210527,0.035029169026957914,-0.021665856698773727,0.014444219405773827,0.024649444934472343,-0.01475076088662962,0.027117934194045235,0.0038729672643403774,-2.1024440862778532e-05,1.2889128043255e-07,7.84682200263576e-09,-1.015749996343945e-09,3.096170474897183e-13,-8.227515777382504e-16,6.90032279421003e-17,24.20384216
FSBC,2021-07-14,-0.3820445343374144,0.06749668744466521,-1.2028679712349426,0.19074038202177637,-0.040622552835448,-0.059028146885269986,0.19401084160500665,-0.13539627654618136,-0.12097191627529674,-0.08006799945140863,-0.09300952876808695,0.16140207600552978,0.08898943162640509,-0.14019215474296176,-0.0009225863607867209,-0.034171269829829556,0.09507923143978748,0.046857419668876334,0.035834181338364746,0.019928854223215827,-0.03319342914157757,0.001649412643747766,0.09058592473537308,0.046586685854354215,-0.10464515847150654,0.019405030035895724,-0.013915046067982537,-0.05711760346881535,-0.029380742964151874,0.0010814204949228653,-0.02040699219649336,0.019323602340879927,0.006598235329487365,4.484819790757095e-05,-8.429758986445199e-07,-7.890823933638361e-09,1.1629863607012044e-09,-1.9196317966157924e-09,1.3583957942010246e-16,2.7343936798850678e-17,24.27342033
FSBC,2021-07-15,-0.18124636020824578,-0.10979400014887773,-1.2077946026469883,-0.21705895311992113,0.2420823046536527,0.10078659944646913,0.2527933320681158,-0.08951133820758664,0.019224384907008236,-0.32157173345637574,-0.2070069484914408,-0.04734891026711358,0.122456380379626,-0.09011816667879104,0.05424386899876878,-0.029028500051045222,0.08186434463504601,0.04142214641312889,0.10334331509138252,0.055299660974839474,-0.04979471053249083,-0.038707454978997004,0.1472331805464804,0.046055242656343406,-0.04446413904756293,0.03870140136620549,0.0873309799240487,0.05336511318962229,0.03233056680401769,-0.024808780365121696,-0.010678344003628335,-0.002425790295787267,0.00563217189720287,-5.2293439735386466e-05,1.8901901868871744e-06,-1.8141223897933465e-09,2.2138852137136094e-10,1.307885469167444e-09,-9.8988854394694e-17,-2.6170107101849444e-17,24.54180145
FSBC,2021-07-16,-0.3006295198850604,-0.007762893354747761,-0.965090225715003,-0.46807034056380104,0.20216137176842466,0.11638802961719837,0.14796944853330488,-0.36574461494270166,-0.24532679890059012,-0.01210130723734193,-0.17526232009688567,0.03676358942363355,-0.04240643878550518,-0.05854397865349308,-0.012523066003100079,-0.056973997829692875,0.07002043413350177,-0.050831899126551755,-0.04560258540936763,-0.1374217008067893,0.0458221323181611,0.00833676305849496,0.023408519842118627,0.051087566170328225,-0.0320654135180514,0.012495775643742603,0.02051094967822621,0.0065165518439220926,0.014871741152070505,0.010348930158928885,0.00010975336961975415,-0.005974743697377164,-0.009490549230540414,-2.126886542395247e-05,3.3055270362886644e-06,-1.6821976174879246e-09,1.370634475690665e-09,-2.7434872587528753e-09,5.1578463438598647e-17,5.0191514119618916e-17,24.00504112
FSBC,2021-07-19,-0.3850169561488286,0.05816013900625365,-0.837460772726421,-0.46856728472228343,0.12795972732188385,0.056461559259718054,0.09276125534475764,-0.4645617149115543,-0.11631840747523083,-0.042522663096635674,0.0027766083836386307,-0.02556899276044944,-0.16978260327151828,0.020900673367935184,-0.017248654417226523,-0.005946681875509158,-0.03343806023756787,-0.06384703119188388,-0.04701396313666063,-0.12510615945959846,-0.017060922417539426,0.01070394567680402,-0.014470399929295556,0.10959643354958909,0.058306068578981164,0.017633392187780268,0.004963857474124069,-0.03984223339715531,0.030950533153560958,0.01825673062462321,-0.004190930502694553,-0.008997276592549,-0.006531524854369142,-2.3029270138876792e-05,-2.1570001834015866e-06,-8.086583268175627e-09,-2.214675694432515e-09,-7.537928188819062e-10,-7.856451819950783e-17,-4.182790428051679e-17,23.81618118
FSBC,2021-07-20,-0.35676183087741703,0.15425194104569467,-0.8117965204515486,-0.38901668747525087,0.09084265632900561,-0.002570066366834591,0.14205066296552213,-0.4523310218334022,0.2236706149904375,0.06893410243713112,0.2504227370790662,0.17290640646530744,-0.061255032156953854,0.02085978456241078,0.007677473323905376,0.048210211705879316,-0.1705215587330197,-0.0055583942638251045,0.10642107422739261,0.034015494099649435,-0.012891444077866705,-0.02114756806488974,0.09585417272835957,-0.00016958864115891616,0.07670710881288478,0.1099477510868507,0.0031653428840988855,-0.014803525426435574,0.025319630968859527,0.033340138169099184,0.010709940208248161,-0.002700985407484424,0.0035130709151551696,2.6562030017121737e-06,-3.40970727974677e-06,-3.4381740914641547e-10,7.23610914867245e-10,3.418846308636039e-09,2.972245204845975e-16,-4.3820203139032433e-17,24.0746212
FSBC,2021-07-21,-0.6031313712605453,0.16632339728952247,-0.47137712511313784,-0.6717478487611778,-0.01010589167170869,0.27321026993176856,0.15728458549869256,-0.15686178125164288,0.27085777804003913,-0.014422188036228962,0.09728835142809143,0.37291970333459723,0.06239203678132643,0.05832617827135635,-0.15374518018486802,-0.13265245344407836,-0.06871822206332202,0.07769452540746451,-0.003564126359636031,-0.06938616735777185,-0.04416732420013835,-0.09137880315304156,-0.020322322177168246,-0.037054536425813106,0.03069136707992869,0.02100996006709879,-0.031332452988452525,0.005720924687262014,-0.014198749101416162,0.034349581288999814,-0.0046887902719055475,-0.004665032131676553,-0.014455856719012918,1.1594337627015958e-05,-5.780563518995262e-06,8.14908162506373e-09,1.3967792847944791e-09,-1.5182967258130571e-09,1.9166700026225968e-16,-2.056137252320591e-17,23.85594177
FSBC,2021-07-22,-1.008417149276908,0.3268446470900485,-0.24566596725233306,-0.8443851527970235,-0.11572659516392465,0.04045045238075806,-0.15653863756404707,-0.15295444594882587,0.0415512276631338,-0.15184982757906898,0.056829232814875535,0.013252456406233171,-0.03359432322904649,-0.27361751512278065,-0.07191538272909945,0.0029948341138876693,-0.04737529087987744,0.048393911944225175,-0.07645401209358545,-0.007749217003710486,0.12566931392267638,-0.050084673699962924,0.049352063056137374,-0.04072130805261003,0.02780694739866016,-0.06067136340039304,0.03226292131811194,0.0362691055448051,-0.02230373802545562,0.01579479108538812,-0.00637556427708835,-0.0063332636124663185,0.0021353414346851965,5.374134420786262e-05,1.1889018829705494e-06,-5.446657557201454e-09,-2.507295036186324e-09,1.9726993664169786e-09,-3.1987099351965427e-16,4.7744394097039656e-17,23.29930305
FSBC,2021-07-23,-0.6491126250730308,0.19628149942960696,-0.028911657268778,-0.39680087431071315,-0.4978731078557308,0.5358225631329745,-0.050917513471646636,-0.09167167838541668,0.33697666150069067,-0.35563354205582975,0.11364832708999116,0.26787782208918376,-0.16753459770949952,-0.16589154764848144,0.18973881729598427,0.0935833985370469,-0.08427476097159209,-0.027570961578333178,-0.08800407060930036,-0.021388165287425792,-0.09588921865989235,-0.03510953095016038,-0.06618481414135345,-0.004569472314793402,-0.0011617987702578281,-0.04121299656476549,0.033349576844718135,-0.004315992342904161,-0.011985245403828719,-0.01824284610656153,0.018895755467292507,-0.014182192842713236,0.012932346426091274,2.9556045038456028e-06,1.372273242963147e-06,2.2411729919282547e-09,2.4284738945572363e-10,-5.974789678431624e-11,-3.8012022855679723e-16,6.600352271099279e-17,23.52792358
FSBC,2021-07-26,-0.43669142285234064,0.14982166876986577,-0.5517869238929132,0.310883659858298,-0.6409454035628365,0.11706067595700703,0.09248771650319947,-0.3819026722570502,0.16000362147271496,-0.06500589330077794,0.29699739037396705,0.2191535680465862,-0.04820172060077177,-0.15350076286610684,-0.15497619337553664,0.04403256727377894,-0.005116608362359847,0.10532658910311124,-0.04364194509600365,-0.035520243397082395,-0.05800842916565098,0.022029382864987436,0.014111430256150472,-0.034700904464448894,0.02508805805970771,0.013810316184005727,-0.04125956862644039,0.01383409790153987,-0.006248987844132661,-0.016434088713575226,-0.0007605299247626856,-0.014590776343978113,0.005424594027269707,1.684291866936691e-06,8.576580463730628e-07,5.217029936336941e-09,-2.393904467638183e-09,-2.2139959547161613e-10,4.242151786585271e-17,-2.4916565905094733e-17,23.72672272
FSBC,2021-07-27,-0.4678795641815996,-0.06123470999115237,-0.5044892416709659,0.016654760716038962,-0.4912616785878469,0.21001234567620614,0.33218133454466187,0.09937484670898958,0.11711852181616025,-0.07853780325087197,0.10024359133338184,0.12701382406808057,0.07882723392171964,-0.1861683916227667,-0.09114960353436972,-0.12015244125298526,-0.04403260390384094,-0.0018153830717498195,-0.07130108041938872,-0.05364275957158779,0.1250406561003654,0.004043461559060621,-0.09776277207057604,-0.04028394656447291,0.016048560293836358,-0.07024403809704942,0.0163553013083218,0.03359208461226422,-0.016020783673547263,-0.014976120209671802,-0.007037168401561918,-0.017444032190182906,0.003346058758242012,-8.734148911809473e-06,4.449269670771764e-06,-3.0108900095966047e-09,9.081042046542694e-10,-2.417403405263476e-09,3.597408031272376e-16,2.2457438102034137e-17,23.67702103
FSBC,2021-07-28,0.2642397632573551,-0.3625149647476307,-0.8097466409685866,0.216716153229036,-0.5472491295212961,-0.27242099226044075,-0.4410851320971115,0.29464776583757085,0.06968577471406877,-0.15322448058468796,-0.12220668437233882,0.2526676355354318,0.022494733744747974,0.10040225162492913,-0.053855537214099795,0.031884858625773914,-0.04136512176572007,-0.02817674871866418,-0.07155225456774288,0.1312416213939841,-0.05198982067642951,0.030229153654428152,-0.018534581607399892,0.013821385548474343,0.06527473615420602,0.05985314940599957,0.012314680301391597,-0.019229876303491718,-0.033830338144459834,-0.000452615372582766,0.005468244775191093,-0.011890610269050578,-0.0020898339038446885,-1.0098162251202286e-05,7.310256206380011e-06,5.640985105393171e-10,2.3433934145397825e-09,5.611254352789836e-10,-4.703309010503386e-16,-7.087812985255257e-17,24.25354004
FSBC,2021-07-29,0.36067676682081684,-0.4320817545219343,-0.815307866144768,0.033562303075698754,-0.36870063082935417,-0.2897845381571422,-0.47839296038495754,0.10700890151769402,-0.1699536870042005,-0.02815383119685342,-0.26968239295239504,0.1675665957982756,0.011857938556313017,0.0685509854189491,-0.04607788995856703,0.008485002662037559,0.07423630675225609,-0.05983138447203109,-0.1549455859811866,0.040886599477767085,-0.0003632381012714211,0.08236103591931135,-0.04380709349981841,-0.05341029513501328,0.045270410021697696,0.03827117368739777,0.01954609919237317,0.012404143005827956,9.722686609983807e-05,0.01117803593416037,0.0054248639208058875,0.008810380623340235,-0.002435143901131911,-1.1845678528842605e-05,-1.260218644763205e-06,-3.3760910796955524e-09,1.7551042999831021e-09,3.987864599249218e-10,2.4538862985245745e-16,1.9191015179025062e-16,24.20384216
FSBC,2021-07-30,0.4667613928279375,-0.5372265816589262,-0.8421686387672864,-0.040448921130438714,-0.17660284017388808,-0.3479061435194944,-0.5032535368521858,-0.04476650961323517,-0.1239855494395864,-0.045996880378716305,-0.26568562138390744,0.10111675997897863,0.07296056541650119,0.09849763474103242,-0.018540524245216395,0.18265301935382408,0.010653234998926349,0.02450807357124596,-0.09174202616753906,-0.09637242417814992,0.09598303613702429,-0.04618885188588842,-0.05717550503386105,-0.049144523450007624,0.02495434486327736,0.025555097841985827,-0.02760839271717733,-0.0004723187151491709,0.017547791989305093,-0.027648737784281594,-0.020676640707584258,0.01824131947615569,0.014043339931537,4.11362338786113e-05,-1.6778450224457328e-06,1.866558589680251e-09,-2.751285790933301e-10,1.440002753283914e-09,-1.7650146979575554e-16,-3.814990179217324e-17,24.22372246
FSBC,2021-08-02,0.42906197752218955,-0.470953004578904,-0.6381161472775261,-0.7643723246660407,0.14121317611418982,0.09255682744053743,-0.30871544602460843,0.20105906676559962,0.24769401436855246,0.08104421049460625,-0.04075174220114893,-0.14913022834015657,0.183055839075492,-0.04435699470030413,-0.06588677366111297,0.09582448522593379,0.1807326149392406,-0.07023324501155039,0.08141520415062567,0.08132162810683415,-0.05636488505786353,0.08999956798116679,0.011534156991957962,0.0022516687700728484,0.028350572226021973,-0.020287728606234585,-0.021764054765071122,-0.05291877303519025,-0.0021585535001166544,-0.012135817492554364,-0.022885528910264765,-0.00030726560300631424,-0.01581606450371373,1.0697192480383224e-06,4.8337036369281915e-06,-2.8947200549767505e-09,-2.6835357413458635e-09,-3.3031189434162765e-10,-2.6150963658376167e-16,-1.7010142965334613e-16,24.25354004
FSBC,2021-08-03,0.45881917547355416,-0.5618786644976891,-0.591261569695127,-0.8276039208436363,0.14012374060263733,-0.09264403278126968,-0.21727165832995082,0.21820928159401984,0.28075869024395883,0.13982764276241635,-0.0829015001232809,-0.16376216639883517,0.10761038581415153,-0.023514754210308353,-0.009125360353664494,0.07973785834829583,0.16985235511609878,-0.05531816419599025,0.1871074142581088,0.06190774003529318,-0.004963208669988555,0.04859295220232889,-0.07722837149114652,-0.11475681527703643,0.009254329071577238,-0.030512816120776963,-0.013923495948370326,0.014130787215542277,-0.010055600883462456,0.014913688630925903,-0.011419848206353573,-0.005137475533888583,0.014941898981818537,-1.3321525731660256e-05,-5.556344479330373e-06,1.9013672766840045e-09,5.921274596935577e-10,7.212900618888512e-10,3.906151832911783e-17,-1.0666233105580991e-16,24.30324173
FSBC,2021-08-04,-0.18349729593651645,-0.2945464859502764,-0.3224716737742505,-0.8462496483354479,0.23803682403802923,-0.015146194220699082,0.3834753400983923,-0.3855850637758225,0.11402807865010697,0.17811540298238815,-0.12578331391969147,-0.19297326651560498,0.09686402525952291,-0.13053438238706072,0.002238849989907963,-0.04441420099860553,0.06748283484841416,-0.09592570052936215,-0.05456694866231597,0.022644173240748654,0.19326923047674155,0.05630626495797797,-0.09919193901274789,0.02183985526126062,0.00857524004186529,-0.02033903945722122,-0.03627841504294999,0.010195372657457194,-0.023844221556636534,-0.016650646617732176,0.039050937187823036,0.02118490501960292,-0.009344429116750028,-2.1336647937206093e-05,-1.720652113212799e-06,-1.7660654899416886e-09,3.6509107656069534e-09,3.496350184733818e-10,6.701545062413338e-17,-9.186700989708126e-17,23.75654221
FSBC,2021-08-05,0.4546424726931579,-0.4517689737234723,-0.5186847658593289,-0.437414782534425,-0.12212900631303034,-0.36846771600025263,-0.2852803387986362,-0.06500779181014292,0.3638088081795404,0.1884217712633455,0.07602704432442803,-0.22745720958242363,0.03658879337701952,-0.031438745708634454,-0.029331852805609522,0.11383848551711434,0.08486663181835409,-0.08846843737197009,0.11017364443655592,0.11686424651927413,0.055945235035453046,-0.07378153135151036,0.021902749553617512,0.10305105131756558,0.06535567475390666,-0.019858308427553952,-0.021241662122604213,-0.017588260763158968,-0.008645620245999908,-0.0036480108370934906,0.0046756959331080055,0.0017890761639096364,0.008820234170158241,-1.6689072599395207e-05,1.0883835036648385e-06,9.828706161253282e-09,-8.054715045218254e-10,-1.6633924481432462e-09,-2.3367724409934857e-16,4.282615504704147e-16,24.12432098
FSBC,2021-08-06,0.48936076058753947,-0.47859393311165427,-0.5333132981219113,-0.4584160986622572,-0.032638198381363205,-0.5413802222362278,-0.347718736776806,-0.0013088835411173276,0.4076659575747648,0.29648378229984707,0.03508781309671138,-0.382110434846371,0.0231555209899802,-0.09236466526132664,0.342512550570042,-0.33066377343082703,-0.22002819268907042,0.4671040328139557,-0.15263868585453666,-0.06753490918543233,-0.13362320005123982,0.07767907993433004,-0.05065720909603887,0.012831177366883025,-0.03837082752734589,-0.003868250134636844,0.0030883072103086743,-0.0002137367285039773,0.0033973162108424815,-0.014069992739601009,0.0002778492825715532,-0.0018225416838798924,-0.007218885116232302,1.8886691149437148e-06,1.8094420163636862e-07,-3.3364263179354856e-10,1.2312127962361442e-10,1.0404499403913811e-09,-9.557629071728839e-17,4.5464174007796395e-17,24.26845169
FSBC,2021-08-09,1.2748005457563565,-0.6940612699286354,-0.12296622675744595,-0.1639353849068529,-0.37840447066966476,0.6601719279246793,0.07012730401190401,0.2690365806095201,0.40273066446201844,-0.02919302144908689,-0.12939155720076922,-0.0828553652300857,-0.11542816533901008,0.27043412956502544,-0.0731676967789051,-0.005420823648434071,-0.21869112340831265,-0.21258766865570844,-0.22665207621818806,-0.019090506037905318,-0.09117223481540664,0.05843333139533674,0.06599799687428337,0.004093391292055619,-0.009774228844793884,0.06576191176192206,-0.013140120509812161,0.016396108105271454,-0.003423122345474413,-0.027122006368640247,0.0014944120730861338,0.0208299760654506,0.006232526092688853,1.669260882766176e-05,-3.4164322806969957e-06,-1.1835731924033588e-09,-2.373049131630545e-09,-8.058131691346361e-10,1.1950758113364002e-16,5.97703366077017e-18,24.64120102
FSBC,2021-08-10,1.4419545936159028,-0.724377124360393,-0.39480467205511194,0.4098839192485728,-0.529942650548096,0.24334906245403615,-0.016231955650597783,-0.27218433685878196,0.19699954199306352,0.3621569803834133,-0.10762011685638727,0.007988182598264558,0.05446459672176619,0.05492836093247578,-0.02044703489621662,0.0079248718757525,-0.02380924386162165,-0.15004423291726998,-0.1590050165378974,0.08021252980858548,0.0687136972523629,-0.0003903316163954048,0.07430177729127814,0.0037040847320833526,-0.09567412277686937,-0.021953673285335876,-0.07370033319326341,0.034096067800670905,0.04550940600323073,0.007113791635923849,-0.0050267677877357695,-0.012273514268969977,0.0006246692997713942,-9.10803037116617e-06,1.7686535093276458e-06,1.7644239199427027e-09,6.406930944227902e-10,8.424402019280068e-10,-1.817403956989888e-16,1.0404557945151304e-17,24.6809597
FSBC,2021-08-11,1.8882229154356465,-0.5387365602920748,-0.16230331723381028,0.33292639764887894,-0.39734342604524825,-0.05883485342665133,0.19690512213018577,-0.2605322761226821,-0.20416390631468337,-0.10270445006876945,0.3278188721850074,0.010518590319418488,0.18465192682941994,0.02259360191087955,0.11458084884830298,-0.03703250022407781,0.09711975155061182,-0.11740760239824428,-0.022566985762565342,0.08664615654539243,-0.026286197669435685,-0.008519022054453776,-0.06419227526776274,0.000544770858462398,-0.0868752992470912,-0.03268583720901354,0.005783316483907424,-0.015853036247874375,0.02483320946732248,0.0028243600511438783,0.003861506544468917,-0.0182964716762779,-0.014095388229661263,2.2428961427109382e-05,-5.425009518514155e-06,-1.1410031605964577e-09,1.5583486685536215e-09,1.5045510238949718e-09,-7.501909298962176e-17,6.343350135668244e-17,24.94933891
FSBC,2021-08-12,1.8972212712598626,-0.4823218723065581,-0.116093698787651,0.22954316840758024,-0.3386246131431957,-0.16495009415990164,0.23883981875232252,-0.3050659875664615,-0.2662513302558984,0.027078095982381103,0.27709580234344633,-0.024930983699139053,0.12957853470434966,-0.010677792114264806,0.07638054429680216,-0.09255481812191851,0.1435129123519862,-0.1375563909451718,-0.05759717768825762,-0.04688690146029354,0.04894967795527675,-0.0031823141963064332,-0.030794147876206872,-0.015375237165949336,-0.04107298710743445,-0.02572305532692777,0.0496541630739181,-0.04510952532217621,-0.008282771427619125,-0.004161462752926564,0.018132171611960936,0.001498219322969973,0.004034095771443807,5.773932635495241e-06,-3.516053585030271e-06,7.121190239275089e-09,-3.1301371309636244e-09,7.212716587563833e-10,-3.3269978062381094e-16,-8.584627596359418e-17,24.84993935
FSBC,2021-08-13,1.5557635646465533,-0.4221830219715165,0.3777022851137871,-0.5372438742229588,-0.17456418590120598,0.13209393751726117,0.16412102703592787,0.15265061279818545,-0.33630501334327356,-0.25836004804301593,-0.02648496301983181,0.020789190870223958,0.022129565633924132,0.13874558519452462,-0.17877146176296585,-0.0939180629717276,-0.07678308019326707,0.06457373697215872,0.06651226129668994,0.0023868427144124104,-0.012178865612184798,-0.044907162423938676,-0.07154984426875126,-0.018554013097912662,0.014179428449332794,-0.0010266234843901423,0.020598149270680443,-0.0018223023860446206,-0.012176661814232092,-0.026728997195038004,0.007430043325098874,0.006429745398197514,-8.447181202622775e-05,4.541585704697915e-06,1.6344395336049392e-06,2.0339122256183112e-09,1.1186184681794756e-09,-6.585975676695981e-10,5.202595331066679e-16,1.592169381211754e-17,24.6909008
FSBC,2021-08-16,1.6211825014222396,-0.3768466448657526,0.10425600483686091,-0.16016813440571417,-0.1611463427800811,-0.11286818652109572,0.11765682488938538,-0.007215009182329164,-0.2934361172151037,-0.2437369028258335,0.10246476083715243,-0.029462536698797104,0.02017585967785805,0.11434051792768996,-0.1873634222718075,0.009313319226078509,-0.06242215781611458,0.10593798630976432,0.1833306472128249,0.007684311141359302,-0.0963845948223536,0.09025612666874491,0.045222834829976515,0.027392944117879115,0.032902015063561864,-0.08009500226258819,-0.012545701224573635,0.029469106241559268,0.010358027594760932,-0.025722479633617033,-0.0050924200252926806,-0.0002958458858076887,-0.008611597746234975,8.578313233028662e-06,4.201305236993081e-06,1.9241105153699e-09,-5.799557471527281e-10,4.926079670124026e-10,2.1602954121544458e-16,6.925011483462295e-18,24.91951942
FSBC,2021-08-17,1.5447627058969016,-0.3404602618074602,0.3653173811660546,-0.5432138018059993,-0.032860220898607864,-0.04963321473596472,0.2589536831190183,0.12128964988392506,-0.17607267483462696,-0.06219490283737002,0.13241160586881087,-0.14699132812476529,0.10982535169229596,0.06248150306563961,-0.15088066460129573,-0.05030499507548102,0.02365735317111925,0.07047296884869869,0.15189210404116937,0.09048060921729714,-0.05273224199632875,-0.05220917396711621,-0.018964353820848278,-0.05370344524001726,0.029188434156750882,0.01770048240230739,0.0397589559848793,-0.012558769104985693,0.005522830894713169,-0.0035907423899986537,0.011876542745416553,0.0016790755332482114,0.0011236866989072487,1.6698380946380908e-05,1.7687724909765342e-06,-1.83861852712689e-09,1.1352764646747866e-09,-1.2627968532954012e-09,-3.814586754001324e-17,2.084462347043674e-17,24.84993935
FSBC,2021-08-18,1.345058587862729,-0.29932319966891696,0.6245122631460349,-0.6049053502112502,-0.020718909809385466,-0.2901981525497241,0.027439199204187435,0.12526410198196533,-0.10073922179248847,-0.2428267797829817,0.0002855375505365437,0.002044211355795878,-0.07524920639659567,0.011298925587082682,0.1535134617387294,-0.04598712757822143,-0.11091035249251714,-0.031180171024279318,0.02188721568313136,0.008536224996118022,0.0453472411174995,-0.07348341181240847,0.055672272349994674,-0.02509385807982518,-0.02841713934662745,-0.008794134418269414,-0.04524063520664294,0.03781173960492954,0.022320124922054575,0.011553428915808054,-0.0018837061571139143,0.009059915644956533,0.005893977851886825,-1.3740154860691795e-06,-2.4585904269263913e-06,-3.537233849569459e-09,-7.391933993526721e-10,-3.7409159288853114e-10,-5.336655965415078e-16,3.3389745868423575e-17,24.74059868
FSBC,2021-08-19,1.1926692926922742,-0.10847403497328681,0.7133237157285683,-0.6018526272534722,0.0003030750488938684,-0.36801346703115956,0.03573785185055096,0.1046008516301254,-0.054263930004333695,-0.06181306750497995,0.15862080896978553,0.04013044238911547,-0.07406951759904573,0.06180923289291633,0.08500711961465642,0.06830215102209963,-0.1185178110476873,-0.11692457390199616,0.0022146088499764224,0.030280447111569797,0.0304819478119308,-0.06168166096780636,0.03705386800703299,0.003140553153351397,-0.005434132469790498,0.0010725882062257107,-0.02188990090210323,0.017369456541606765,0.012845326749489072,0.02483131320617897,0.01318968609451296,0.006897894634810044,-0.0024052200649422773,5.439264884034196e-06,6.233069503773518e-06,-4.73156168951238e-09,-1.289730095702363e-09,-8.229572971302919e-10,4.343261626950117e-17,-2.892344632591087e-17,24.63125992
FSBC,2021-08-20,1.232046279894428,-0.10210586540030345,0.35204598734493614,0.12668193622314475,-0.17931781760945592,-0.9133817256270294,-0.07565757385075357,-0.13989851836677744,-0.14796439527917501,-0.007334477714842706,0.23520862431235914,-0.010016641851427479,-0.11125734023820436,0.0017282878724943552,0.16689960594711645,-0.04026794852289586,-0.12637336521100367,0.028226670115854422,0.024664688464918486,-0.03875887577709774,0.04587763820566776,0.034386358937467845,0.09655286305159065,-0.049371831261164977,0.020312906479504237,-0.02885053127978203,-0.026377255068309676,-0.009143381215919042,-0.01940924387713035,0.02806361383435738,-0.01597881905222673,0.003838031060200891,0.008724331170061833,-1.9380995006635764e-05,-2.8540998656824117e-07,-2.5237953204414693e-09,1.8471309434389451e-10,-2.8058516970087684e-09,9.226883692078467e-17,-5.639655644032125e-17,24.75053978
FSBC,2021-08-23,1.2339482817656058,0.18114462663932016,0.9307577723691524,-0.2995678488644614,-0.28231329418607404,0.04534675847749936,0.10183957675271348,0.19415360308527987,-0.05966916960009183,0.15400080642352829,0.44405384707053,-0.17942757101216764,0.023272089625613824,-0.18893514486593302,0.022193027644093574,0.26938060684068516,0.0016542519123854576,-0.05489688317188566,-0.05405239280711156,-0.12871373025828792,-0.016364325410170136,0.046175997120582145,0.07178963857141495,0.06297859235154209,-0.020710862880414616,0.0668282445717335,0.05177724415148845,-0.024444842180972075,-0.024194046711883785,-0.004987473326000208,-0.004787968664907388,-0.003441706005089357,0.0054316804236397955,-7.717382512370813e-06,-9.893983699282294e-07,1.5818091230563827e-09,2.4940690899075098e-09,-3.757605882852452e-10,4.705417551487444e-16,-4.394221891693166e-18,24.50203896
FSBC,2021-08-24,0.44207784740934986,0.25272781307566244,1.4601928028964823,-0.4257803612925599,-0.5813951630408855,-0.08357847323082794,-0.5477125046739464,0.27764105575352144,-0.4626248169513682,-0.3095519681444841,-0.1457569453016132,0.2751447818911082,0.054164416033784246,-0.06272649821438596,-0.03738225714535238,-0.09191840490293891,0.06760147856652744,0.09399845483583609,-0.04143425410106322,-0.08379990464621204,0.045138479682903354,-0.020139036817550558,-0.006653965731639086,0.1094955790924645,0.0022901140747145967,0.010589148954324659,-0.0313943276636579,-0.03733458462940867,0.010151546320252254,0.001935149865805894,-0.016996714986014023,-0.003762379924633158,-0.013498715909758693,-3.163940869908633e-05,-6.705021006797531e-06,2.767579388509928e-09,-4.0845288624835e-10,1.3943288233444445e-09,-2.2963459795986454e-17,8.225102750494532e-18,23.7764225
FSBC,2021-08-25,-0.5504245592582061,0.2331074391584382,1.2641531842564966,0.1423680518776686,-0.6735925816300623,0.0721781232094875,-0.2766112014225732,-0.5802256653909666,-0.07063694153822636,0.024530531292563447,-0.3684663647689345,0.02315450547164758,-0.10147577388930154,0.0054476214482456955,0.011355219867984552,0.10827907728444221,-0.129004470521887,0.08323492080842308,-0.060352153104454694,0.1176824004576761,0.10821315260730056,0.032520225293159656,0.012176764122281922,-0.01852464031646835,0.03689817851312909,-0.03877147644811286,0.04142161342117358,0.003094782562644091,0.01767909111836591,0.0025287531492631916,0.003444318219282205,0.0056783409151379485,-0.0036825202216989213,-1.586507978464877e-05,-4.848489842054949e-06,-4.151608277740561e-09,-8.356764467027048e-10,-1.73593238845279e-09,1.9478339191029106e-16,-1.5772934490023043e-18,23.40864182
FSBC,2021-08-26,-0.5307088413782711,0.07070306584353292,0.9942501957319966,0.44899130271995147,-0.6106438115541255,0.05887950762144415,-0.03256627024767193,-0.2782353727005198,0.39190779680632454,-0.1030401502525736,-0.132181891817425,0.03597359396184348,0.10885310333924224,0.07947461208986129,0.1664646054215029,0.013856343892145906,0.056558803861808664,-0.03659363765231663,0.043510261237801905,-0.022105700346575795,0.03261547433797544,-0.0031226624616166937,-0.024809542616207332,0.003687530454626615,0.010256364950825565,-0.013912936316766832,0.027424766478638805,0.00164600921581807,0.020269695618482207,-0.013816459815539979,-0.0066498526674050535,0.005018723071649794,-0.0033020506624200805,1.5192634691014907e-05,1.1995245893161953e-05,-6.831426130797422e-09,1.2401727305436583e-09,7.536458336705551e-10,1.1329486920101411e-16,2.922407850656232e-17,23.70684242
FSBC,2021-08-27,-0.4456034836796086,0.006123802417765403,0.8019314219838087,0.42999235485790727,-0.5289037758280881,0.07637364490466184,0.2614605004577176,-0.2298841835251677,0.379530937768117,0.3055914992692409,0.11203861777410569,0.084012400528792,0.19796546204911136,0.07133048172108586,-0.13511930907614259,-0.0027989203256722256,0.036629846828811055,0.1194007906103682,0.08440944631461171,0.01871887408331627,-0.023563379341886043,-0.08257217599950878,0.02513415924134405,-0.08134117860821306,-0.04574145472263476,0.05189676850556024,0.014528080850989883,-0.0046345991468020676,-0.019235124344541162,-0.032969366233989175,0.006841674965190966,0.010030676464455053,-0.015540736550205313,-3.5184679472180534e-05,-6.564669323708135e-06,-7.877324202392023e-09,-1.430541261766735e-09,2.135371152825995e-10,-1.4469393222445411e-16,9.58618401257012e-17,23.7764225
FSBC,2021-08-30,-0.5159929806497581,-0.15675952432517323,0.6416972455862494,0.23525257675130382,-0.3613855083950245,0.20878625672408432,0.587333704243419,0.5438992296605116,0.2474878789983236,0.07076773487642858,-0.07548176901608196,-0.17319501662736192,0.1255158262101481,-0.06975322349273022,-0.1389825741234582,-0.023178341623555285,0.03485733516412992,-0.00041089323709065056,-0.06108664978356329,-0.13427573065745313,-0.045237668339780795,0.09843885292995685,0.0328730860431899,0.018661018852998746,0.10233384627783618,0.0009223040145174941,-0.0079159781326273,-0.03677316331754209,0.04911401916625476,0.0113141927602953,-0.0021853654309678815,-0.00013641170141096695,0.002440570624882567,-1.16736664668875e-05,-3.569345770013012e-07,2.592089602624914e-09,8.525726353164816e-10,1.5098749015080861e-09,-1.9469106971047931e-16,3.258062827116947e-17,23.7664814
FSBC,2021-08-31,-0.4278295815587079,-0.34352178514462006,0.3688636638257615,0.7280202755806333,-0.5214182818897459,-0.30378189500977315,0.41731220475193737,-0.032193935498739196,-0.07915506236178822,0.26578158760389875,-0.1416353453517762,-0.05227793637959033,0.07858146978111019,-0.11458236755578965,0.001510888448223759,0.06256384434819627,0.0987354367469038,0.061362381656432256,-0.05911242707489719,0.009428055274313403,-0.0057778302557874,-0.0061361748918304735,0.005855461382081625,0.025299029689694025,0.04401024471776345,-0.014524730671264228,-0.04607741495832495,-0.020784968156412172,-0.016857720528135424,0.013982682975693937,-0.02119930650521549,-0.005899891838564617,-0.0005327128205660905,-1.3776537404405315e-05,6.281573814848852e-06,2.0289328946019399e-10,3.2179997087033104e-11,4.991264642535892e-10,4.548129296733224e-16,-3.790651605292462e-17,23.73666191
FSBC,2021-09-01,-0.47335989015960706,-0.4668634344898095,0.6412766069017924,-0.028066125058552004,-0.2149045950157393,0.05415437498936258,0.5678040617776526,0.24353185236707933,0.0809010117983353,0.21739270190836874,-0.14829893561199112,-0.1818407305389922,0.03526615549468366,-0.06341400230544507,0.0497367000749651,0.08495109678067797,0.06269407637059328,-0.019332193722577162,-0.016626500049593245,0.10688783663083973,-0.08489261392913686,-0.08773556828414966,-0.06140998245094868,0.020823075484383762,0.008028373198239805,-0.001964541670357752,0.020172134028506906,0.046443439300579405,-0.008669997481878534,0.02144550311926721,-0.024520402862262446,-0.0116530544556945,0.004661169795334624,1.7837499514693337e-05,-4.445555732081189e-06,-6.915205502627188e-10,-1.4360471547452247e-09,-2.0619335167024363e-10,-5.211178991797748e-16,-1.1288430548330362e-17,23.69690323
FSBC,2021-09-02,-0.8693283210034244,-0.20583250944799716,0.9070814936970734,-0.29285760965507346,-0.23665565053902737,-0.011247329605898582,0.04055893766909265,0.0358577703814064,-0.11281421245017514,0.11866220045806157,-0.28215992514431015,-0.007480217971226381,0.0431526793275132,-0.20053915075228193,0.055341717770336224,0.10826163281454103,0.029774739814754782,0.11019530766591425,0.1305776341036699,0.0821881009729723,0.05712643636656499,0.056723746176777314,0.061867483597853976,0.04231489361134193,-0.00105182065798128,0.059626202988278386,0.04174364167399644,0.02352058342203753,0.014446989465481452,0.0140482278613871,0.013975272439906658,-0.0004945068770493154,-0.003598380666053416,4.243055837178783e-05,1.381960937166339e-06,6.5801091862941236e-09,1.0401039684481567e-09,-7.713938870370266e-10,-4.0468654910019883e-16,-2.659085541565402e-17,23.32912254
FSBC,2021-09-03,-0.7630074082082497,-0.4601454195348286,0.7228321879995586,-0.09728765360763254,-0.13145685639651689,-0.03080841162919547,0.15093882966611674,0.15852176846312338,0.2330840415324351,-0.13156643375133098,-0.2063663024998831,0.11570432299273992,0.07056403723087183,0.06654231595624795,0.252400642106127,0.03363582297397154,0.057277284815012104,-0.06620058229344832,0.1644923139882749,-0.018147404747540636,-0.05610879455096801,0.07704206072858276,-0.03183283888962453,-0.02974716031384182,-0.028471775673095365,0.007825688236339837,0.012231208863372839,0.032370339384784536,-0.0007115743430707124,0.0388890635573918,0.012459086240891678,0.0003019216330140134,0.008200645651129126,-6.593373153709765e-06,6.488688697024646e-07,1.0907820984485087e-09,-8.100191953018681e-10,-6.132701920176754e-10,-3.5306184444586616e-16,-6.927656888026186e-18,23.58756256
FSBC,2021-09-07,-0.6331666909540093,-0.40410437586038334,0.27768502107556864,0.19018171921075447,-0.056510663607411665,-0.11037262628144309,0.22067363003989812,-0.043148159535791666,-0.03941164084253647,0.029551210919258355,-0.0738537957742462,0.030422294883100918,-0.01626512138604738,0.13077273662830532,-0.17356414840858686,0.0935482470130305,0.03256555326575322,0.0576971933333414,-0.014785019663084473,-0.22751765626894296,-0.11389141541328468,0.10134692429058074,0.018383785381309737,0.04081402248661235,-0.01489710433914949,-0.043846430163856163,-0.015571980507256096,0.032324207579965764,-0.028232589237844805,0.026969073196404847,0.020012136127505527,0.01568898440127314,0.00521648763260738,4.1830807711237904e-05,-1.9586724421155312e-06,-4.642250234033586e-09,1.9153656135664375e-09,1.2679683040210625e-09,-1.2817839031441443e-16,5.662934315290398e-17,23.49810219
FSBC,2021-09-08,-0.5991538024423263,-0.6899312662427842,0.4202639188288457,-0.14730058456282336,0.15514997644153805,-0.05632578544705329,0.34603702115198315,0.21025958965781197,0.0357790186872133,-0.050628017161626127,-0.2712063144851637,-0.02940422072428512,-0.01573242927396156,0.08580449867578013,0.007503202464056651,-0.1302218981673883,-0.03329282050364735,0.07189134582312016,-0.03834761005183525,-0.043880854001669085,-0.0197300456154847,-0.11854920707855669,-0.05727451763325757,0.053907710697513114,-0.02751998375538164,0.04982732629245925,-0.004173441019120532,-0.02508528677243808,-0.05367966753610124,-0.005737083730566994,0.0026417244702948567,0.0062727860864816845,0.014589286301256662,-2.4832572843719717e-05,3.481249361114187e-06,6.41878208506225e-09,-1.841089391645678e-09,-1.0849995176510478e-09,2.740559719426997e-16,-7.029658526973842e-17,23.45834351
FSBC,2021-09-09,-0.4563885665677218,-0.7863957357632435,0.05451294103592561,0.4208029482310867,0.059416293201481764,-0.5161613320727095,0.17418178371987053,-0.3156776495223049,-0.13118458316804946,0.01678216215572663,-0.2233894506936829,0.07900458950172463,-0.14990769212322141,0.024441852893917915,-0.0121351121064383,-0.06339597960526186,0.09092287873667847,0.041869510540651765,0.11478232191299796,0.04063895019264972,0.005594450652174983,-0.10994900997216302,0.08588953005935833,-0.005974880687072856,0.009901127133021539,-0.008749148515536521,-0.012692567670558498,-0.017626647102687014,-0.04086344568356428,-0.018708188675712813,0.013369894482113237,-0.002639833113076525,0.010424385575238995,-2.9704283755712793e-06,-1.8719066274832963e-06,-1.7933707945978807e-09,-3.0799649496871465e-10,3.829517223439623e-09,-6.547187323238809e-17,1.238253766834534e-17,23.56768227
FSBC,2021-09-10,-0.6308970333860613,-0.7510918578266693,0.4240827884007966,-0.2919733265609575,0.4129799531268404,-0.11204397544682057,0.23151320902702266,-0.007458381598664257,-0.05538309923116846,0.007781165605002812,-0.21547383302541173,-0.001287164141489604,-0.18846071640478124,0.15744518568874077,-0.05623591700254551,-0.040353872453725334,-0.03488730958439767,-0.07652628301616338,-0.0400305548419196,-0.011839573382188998,-0.018140754861812207,-0.09803600740479755,-0.0702824183468807,0.024834331213260757,-0.0611076106953263,-0.013263739265318611,-0.04932661687998004,0.026538322725166607,-0.010576723847301593,0.005067738790460166,-0.009280696085087073,-0.013593498677098644,-0.012139966314984886,1.6149300634626446e-06,2.0727951117990287e-06,4.4104596826108516e-09,4.046543387066108e-10,1.6259270784176482e-09,-2.4808321625527294e-16,2.4726915462488818e-17,23.34900284
FSBC,2021-09-13,-0.4418202895919443,-0.7924428519457101,-0.03958553661244348,0.16798254439428406,0.5389876479161483,-0.2826678849184679,0.16128547117207767,-0.0616123867518041,0.027441426920215534,-0.18444035024162508,-0.13934413820067476,-0.04136799057369018,-0.1306783986821215,0.174687523882411,-0.06887642204329011,0.04082306376692738,-0.07451704809420823,-0.03186546627327957,0.16181133865310104,-0.05591118408951401,-0.04897309417492647,0.1520748039395566,0.09878067512676043,-0.023727501152164206,-0.01765522388815828,-0.07088858741591499,-0.00022293008107211512,0.015682407136595224,-0.013858294623067318,-0.018113030765596193,-0.00388475015643981,-0.023383580461331935,0.0011259532874440003,-8.781084968546585e-06,-6.965164588350032e-06,-1.5341419499558979e-09,1.003490357864301e-09,-2.5920593382742693e-10,2.7978889473952963e-16,1.1557397582812712e-16,23.72672272
FSBC,2021-09-14,-0.6357754783339747,-0.6842065097910576,0.5002965971560113,-0.324702988989287,0.6265848895608185,-0.1353558185906691,0.14226062450990307,-0.16039054813669537,-0.07929076710703932,0.1837196578896794,-0.11746203756026595,-0.04602228521622475,-0.20149357564774417,0.12552476196934856,-0.09631790373101905,-0.10824244578349246,0.01754086205058173,-0.1138537007168947,-0.12790816548260364,-0.006097780356945203,-0.026157483014880953,0.05080812180755659,-0.019268789966260327,-0.060115213582037835,-0.04701604403671517,0.042140406677506966,0.04803393036170382,-0.06017136451570357,0.020554060876405846,0.002768535412940493,0.01330941231797631,-0.009630137953069972,-0.0005767236966631284,-5.639713100967304e-06,6.496691233128113e-06,-2.758295774024515e-09,-2.605445970032991e-09,-4.665543281608265e-10,-2.385351859875783e-16,7.292357484639617e-17,23.1601429
FSBC,2021-09-15,-0.5099432709549667,-0.7373588713725405,0.33585759399885295,0.24529724986023005,0.49590299171774915,-0.23807805705198096,0.0928211217364524,-0.20414944407621033,-0.0026090960042160225,0.1023532843990052,0.008552303268805616,-0.00012491577676315046,-0.15827250932994785,0.14289174820333492,0.006025198174025352,0.06061784240735398,-0.18188650337896342,-0.022052852470489607,0.02589670336147698,-0.007596317223300065,0.07387192385578659,-0.0019088588969402426,-0.06967366235572513,-0.0237302440712978,-0.027656841548368127,0.03093479567312467,0.027061313952061086,-0.06552605907850366,0.0322800235767607,-0.02147971631654531,-0.025936233491792315,-0.01924118236481182,0.013721171820448854,4.897587183144051e-05,2.4011141731006553e-06,4.617129605555899e-09,2.9972536421401456e-09,-6.452125486086972e-10,6.6841381416150544e-18,-2.8761787751497097e-18,23.31918144
FSBC,2021-09-16,-0.9946571134679137,-0.457498418231682,0.606484368024068,0.11277948636272804,0.37639811882953905,-0.27472956575747237,-0.28404556767996464,-0.3791215493700246,0.05811392421108046,0.04998655647539734,0.05043723410195359,0.25479856220216884,-0.18800289376444748,-0.00741619163805681,0.07939620070985277,0.030274083268755927,0.216501732519696,-0.019669848567679376,0.031761113655643464,-0.07370381416828205,-0.09434873156906412,-0.0019324612525638328,-0.024657794995118876,-0.10848614497831516,0.032184284144768226,-0.002166302418728755,0.015018666644815715,-0.01667364049341535,0.029288673212114747,-0.010726195318773151,0.0011915824254352288,0.011310976551742274,-0.021886380490804307,-2.0760394920446762e-05,4.847457477524749e-07,7.38082450627108e-09,1.8860158603189655e-10,-4.765296201125758e-10,-1.5863672706134622e-17,-3.327069380677593e-18,23.10050392
FSBC,2021-09-17,-1.1131194671403104,-0.4204888739186762,0.5739508916498299,-0.10060142650877768,0.5116919229237169,-0.09932162529900096,-0.08623745026386392,0.07190704721353605,0.2817702443046979,0.03564506594438017,0.15916919232148416,0.11951651892672419,0.05989204645970609,-0.09261048706313735,0.04965775349332556,-0.08145453928791174,0.2086398041760122,-0.06363730226419514,0.055295212282101804,-0.08742653527577807,0.026955927962400216,-0.0419159249841142,-0.01644728522887756,0.031057015828352352,0.008656144032177128,0.051833632236526275,-0.0280002191053846,0.039434329792823734,0.022656834973831384,-0.03380090907051874,-0.02669801735931673,0.004583092812717867,-0.00376849127925703,3.608172001765145e-05,-5.775102839808087e-06,-5.37251102467289e-09,-5.980086674069479e-10,-1.9465495133933097e-09,5.796870790778121e-16,6.656219492658857e-17,22.98122406
FSBC,2021-09-20,-1.4866822292194921,-0.08509017343797644,0.7472601276538743,-0.28673151378327133,0.42843077521167144,-0.019294537027880018,-0.41668313904489046,-0.09357998220275042,-0.09916555789911011,0.15519262307180448,0.3014262831563281,0.0343119197224448,-0.06479877942715234,-0.11966653674208139,-0.26916016477074095,0.09517498723447224,0.039593501774511396,-0.000450678217752109,-0.10897190978812538,-0.02596263311653746,-0.02059457457515084,0.11401387565448838,0.047855240560064495,-0.0038694187709816274,-0.06577896914153125,-0.062395742055916276,-0.0071513899230925574,0.030702537437668338,-0.011456933970647103,-0.00760737623339125,0.0025876679537967374,0.008171482428466291,0.002476701507384375,-7.537277113648171e-06,5.2952303102948545e-06,3.637384040619555e-09,-1.3979137428534382e-09,5.088529553357684e-10,-5.43195051178537e-16,-5.6543621637039465e-18,22.27548599
FSBC,2021-09-21,-1.6012330038041211,-0.17674020963291506,0.7581446208843958,-0.12870732125030968,0.3413632943377106,-0.0752027054345089,-0.40531746102652777,0.09240410591859646,-0.013795816105705284,0.04543409198270246,0.3209195457207719,0.03667879093272892,-0.03524106225062779,-0.03778194513815701,-0.1463703262134567,-0.07764967566083196,-0.08463038602311551,-0.05377981367994208,-0.059589523517230104,0.19106488436721566,0.027672067160733563,0.027013615633911966,-0.05689349774441789,0.11686057204370334,-0.04962736189018109,0.020003073463941794,-0.015665094857705803,0.0034923766374568687,-0.00838314558629583,-0.013107728412360409,-0.0007375091419947169,-0.0024540719701858626,0.01005342677469428,-1.3037809795978455e-05,-3.6991714624163537e-06,-1.8293372796856214e-09,1.5160118352200464e-09,1.6375577959663698e-09,-4.095959725603491e-16,-4.22798199188993e-17,22.11644554
FSBC,2021-09-22,-1.23400217089091,-0.4862315513435137,0.26007971802319163,0.6044294905150158,0.2819915653151853,-0.2258680796950697,-0.2039088435351815,0.2885756973257296,0.387760961421715,-0.34507656415441,0.4138359731749627,0.09201567480684066,0.04520889190012193,0.05857395248740446,0.09795966725126977,-0.06374052382114308,-0.07994705561681659,-0.1440588046003128,0.08886974078927135,0.01423206302751442,0.04954525877128101,0.009181989261935584,-0.015299862106009483,-0.007711585702280547,0.020731617977424385,0.008428258967127586,-0.006770098525626563,0.003011203449713142,-0.012443358946362573,-0.004255608330766792,-0.005179568998543703,0.007433944303210356,0.008146364403600233,-4.676122948364088e-05,1.5297491518331518e-06,-5.854385366487045e-09,9.539476347995244e-10,-1.907058882584964e-11,-1.1062832446398401e-16,-3.5254619271577137e-17,22.94146347
FSBC,2021-09-23,-0.9592315284806183,-0.6780452907651515,-0.2246954250746811,0.8593869962293693,0.3270617833020887,-0.40360239653238744,0.06659689796800583,0.25127033313019026,-0.12715903027826495,0.008385045473933676,0.19268896235987273,0.02051162196331396,0.14128829247586644,-0.08096872802691717,-0.08616263362599676,-0.2643159740972556,0.05215790973461347,0.015470867401380987,-0.1775384564375509,0.08996773910729884,0.009688294565699479,0.004429263459160438,0.01971357173268605,0.00116350230443762,0.0670627767485616,0.0033265476240722795,0.02138996090075311,0.04263574110016161,0.05640173128470147,0.012189743835321041,0.015786002148642238,0.012288383137998687,0.013112639624558222,1.5554154172135203e-05,-3.2554408780240206e-06,6.435268100498369e-09,-2.2931448112371843e-10,-1.5665812792846282e-09,2.6870422050415877e-16,-4.0886760682922705e-17,23.01104355
FSBC,2021-09-24,-0.7416610892502037,-0.9084434638870976,-0.1596582973710573,0.5049279235156551,0.5850234678844723,-0.030574286992556307,0.06846580616016149,0.2929316474806857,-0.13538852481475938,-0.1867871265227299,0.011038311120638123,0.006074858099795727,0.1780512230243322,-0.02944107296553767,0.014004386426239567,-0.10216596754892944,-0.04269461964193686,-0.03892784480865749,-0.16295610857323306,0.26250408299195577,-0.042381603079920796,-0.01929657020861121,0.05150568759237696,0.020140459795206293,0.05891341482502494,-0.043367364230446064,0.013716085768856917,-0.02360930048020483,-0.0256476653291394,0.012049671123055623,0.010180743150694572,-0.0034605752056036236,-0.022416560233584217,3.442738507736024e-05,5.351335003241602e-07,-5.66739551654756e-09,-1.0524284843828619e-09,-1.6155253834889065e-10,1.7341027627450369e-16,4.086768491886387e-17,23.26948357
FSBC,2021-09-27,-0.5110143074678706,-0.8934173789018782,-0.36631707304766464,0.4019247817809275,0.9026984597708853,0.030787208968433583,0.008745819291550775,0.03719477823876313,-0.12205089925736855,-0.2246086125737255,0.04762403011918778,-0.10552249471252824,0.549017756070255,0.10770449449325052,0.0503730329442567,0.5471471539900566,-0.19834332941779262,0.1992425564877816,-0.1479704532463965,-0.1225436258660869,0.06083881876063617,-0.08118030838626981,-0.037953373633771846,-0.01736094585973979,-0.01970069233892722,-0.0029888753209204775,-0.00589124794138491,-0.0037464138531158237,0.006555761384708543,0.0073748741213186505,0.010672283885263863,-0.0035208588221937206,-0.006819830326618413,-2.334181597931057e-05,-4.668680755412823e-07,5.203386790033429e-10,-1.0295022435751613e-09,-2.8522328463166136e-10,-1.2451312855603412e-16,3.004987957192291e-17,23.63726234
FSBC,2021-09-28,0.09636176732918503,-0.9844323953199784,0.3081148432886644,0.27500678506875975,0.34173126471443976,1.111710167935162,0.042665251634367365,0.04740354527085423,-0.2136751411941195,-0.20596827406727075,-0.0971433116006292,-0.07148571487053951,-0.066570783402902,-0.32797594950787234,0.13981296982201447,-0.07186943517631567,-0.11680975475050417,0.03180059692967971,0.02831624298671732,0.10600987268705617,0.10361262283356566,0.12054854272106183,0.07257468218526485,-0.10542807806017873,-0.04215949399162605,0.04752128271942739,-0.055858163282699165,-0.050081247348326335,-0.03208234983756604,0.013536457692831001,-0.012988269815545949,0.005627560557274371,-0.003492181646217487,-1.1753135679456242e-05,-1.266830064217281e-06,5.836863975803987e-09,1.0429064699622209e-10,4.4839203705351744e-10,2.394281678797785e-16,1.0347140644349058e-16,23.53786278
FSBC,2021-09-29,0.7887132678058751,-1.1955316775939122,-0.02823545835980387,0.5152529023389206,0.2600141122214984,0.6951682654143017,-0.5613442809505163,0.15353185362590785,-0.024694661372786163,0.017633536022153465,0.024480175910402146,-0.01805706523561189,-0.08404883812563521,-0.029288093676361145,0.2721944062716385,-0.013483627266112479,0.1311802814719245,-0.11976714097362542,0.03394359070330259,-0.1463466533010629,-0.05544658453642186,-0.029927608194193968,-0.02551161573634572,0.05659701254389031,0.01933719763746416,-0.014861499748398819,0.05121600867220541,0.028586095917105807,-0.020578391654057046,-0.0012067054677313497,0.00453949464703166,0.0015349083324757008,-0.010796723032995028,2.4936784654299407e-05,-2.978379102452626e-06,6.337350731145229e-10,7.376037425329679e-10,3.3232887401481645e-10,-3.2823098818549654e-16,-2.1608868952555123e-17,23.84600067
FSBC,2021-09-30,0.9581811509207306,-1.1505758303188693,-0.011147582454997312,0.4119764976658085,0.24391065221825736,0.7473815950264433,-0.4756605596416312,0.08131675627141323,-0.2815167538392029,0.21462811050250222,-0.018523448541623962,-0.18570410318371933,-0.1648469742575018,-0.08570770672598887,-0.19932266369929785,-0.0683898821062765,-0.05113952121403333,0.1668627254759575,0.13402993193261495,0.00909477350113724,0.04294860244521103,-0.08270560799117214,-0.007378020864991026,-0.024362787614147733,0.04025318092440223,0.003650899612671275,0.05115954435596458,0.011717988470925684,0.02708344192271019,0.005356891777773049,-0.001555854187763332,-7.165647806562502e-05,0.008339685282793574,-1.045476091916658e-05,-6.706517666499803e-09,-2.105660803794766e-09,1.1381415154350809e-10,-1.756466767136596e-10,-2.777068949990645e-16,4.5187806317579154e-18,23.7963028
FSBC,2021-10-01,1.223285247331176,-1.2267714163253451,-0.30245956265781193,0.8066930060846943,0.20314885122585336,0.5862737092215845,-0.37634925991015294,-0.1615521070385263,-0.08577349098721011,0.28074138410320515,0.06154290627126196,-0.012784616354211771,-0.13696679597542769,-0.009863679548112994,0.009804565536289668,-0.05450097468830186,0.0795085289829113,0.05280013841440211,0.13633460949613543,-0.1216519349984429,-0.026853773038054005,-0.08120407387313153,-0.010621106881364334,0.04039226774654742,0.038400725752329654,-0.022118233759587536,-0.06596939541942423,0.02036539945018712,-0.01276624281117861,0.01921168553289072,0.016373983316557254,-0.004242092554330341,0.008508353157895835,-1.1567750755783327e-05,5.5948892310795694e-06,-4.945902251394157e-09,-2.048240814159917e-10,-5.230504301364562e-10,3.595181861651851e-16,-2.460334582819889e-17,24.08456039
