Ticker,Date,PCA_0,PCA_1,PCA_2,PCA_3,PCA_4,PCA_5,PCA_6,PCA_7,PCA_8,PCA_9,Close
PINC,2020-01-24,0.184434071939145,-0.1399990762265327,-0.5374166393878235,-0.08442725897966125,-0.8351383841328739,-0.7907849595499096,0.08370932266228213,-0.325203702584636,0.13569388627279577,0.01012707266671895,34.73465347
PINC,2020-01-27,1.1907876516521496,-0.29114025897427387,0.023970564620174467,-0.787233920429764,-0.44297242673144893,-0.6011908447275637,0.06693045035850928,-0.40967248896087693,-0.20426944095308575,-0.03791754554539017,34.3845787
PINC,2020-01-28,1.135030872234631,-0.21892296793780414,-0.0038168030408777492,-0.53183116940004,-0.5656285803518051,-0.07155729535267641,0.03989027736629015,-0.5427334106688047,-0.27506596090364754,0.15253897600328806,34.36513138
PINC,2020-01-29,1.3205864978375976,-0.4039348101377758,-0.10721834386207792,-0.4619569509116391,-0.4056919812601669,0.004061032391448534,0.11574720353537463,-0.5703481132017767,-0.23794353576507932,-0.022022153317733145,34.04423141
PINC,2020-01-30,1.5042924047921886,-0.50350057137256,-0.042957203038891154,-0.5599582681724243,-0.2247907121063317,-0.3401147597040629,0.013740635961644402,-0.521113587951026,0.0053750439509332,0.057411644662258204,34.0734024
PINC,2020-01-31,1.522450595377885,-0.4871622110493198,-0.05238470199200102,-0.4247584873127305,-0.17916085529187167,-0.3510386085982575,-0.026573313720844326,-0.5264231721614667,-0.02544621714762605,0.02020269559978849,33.81085205
PINC,2020-02-03,1.283681507259961,0.05321138481991834,0.05494912850403712,-0.07501214405224689,-0.44731775036266974,0.41526784569383396,0.1662585129089261,-0.6129126548097645,-0.25903012682559906,0.0159428625510907,33.96644211
PINC,2020-02-04,1.1733753216496239,-0.4624690494881462,-0.6350002429545897,-1.1544229605894178,-0.6053995434049891,-0.3588653274226997,-0.11673020552249694,-0.26222307664808847,-0.017543164061037418,-0.28153450569179694,31.04919434
PINC,2020-02-05,1.5324622551815739,-0.18881607451974625,-0.5587007259044567,-1.0971812320085559,-0.42369694325884644,0.14631308969478996,-0.14155334413294127,-0.20118892298318697,-0.29446222585549303,-0.19544701810310597,30.76719284
PINC,2020-02-06,1.643320380384217,-0.3292444117571139,-0.6895500832290149,-0.9582621984316403,-0.31231643894091327,0.23573607967824733,-0.16546885494523897,-0.23477676067986894,-0.3002898590308528,-0.1303471482848954,30.4754715
PINC,2020-02-07,1.6694035413653012,-0.2721506454313704,-0.7141317928112605,-0.7732600684941937,-0.24722022889397502,0.2806314593388055,-0.20872217453960282,-0.24992132135329945,-0.205511119248586,-0.09052664495857149,30.67967796
PINC,2020-02-10,1.7090974495860967,-0.3446309850165494,-0.7497616701444507,-0.6027856972981348,-0.03560943748775335,-0.12642048816601212,-0.2574620280292716,-0.2159904848470306,0.017750991371737062,-0.04337154044436821,31.07836533
PINC,2020-02-11,1.5379346757691925,0.257713550949465,-0.5643703699563574,-0.2738081420794904,-0.3179504189510222,0.6095736277689635,-0.17986850182775468,-0.3307274148197743,-0.23798981525738502,-0.22822676621522056,31.15616226
PINC,2020-02-12,1.5164282582937307,0.3139174333882289,-0.5873872069383972,-0.17724028808282802,-0.3211999460454597,0.43079504579160105,-0.17590740830016713,-0.2520507370309011,-0.5007561056690213,-0.32142959036086144,30.65050507
PINC,2020-02-13,1.2374205999329366,0.6775926454149335,-0.4176416785796619,0.04201676968516777,-0.28857223695188333,-0.11864409127260599,-0.2254150783073438,-0.08187076715758958,-0.15457884765342847,0.026681654398213614,31.14643669
PINC,2020-02-14,1.1626533545608686,0.8033780771875876,-0.42998503159855245,0.22318391087500752,-0.3712987425009319,0.18839796426289168,-0.024702524737600193,-0.12787446163341956,-0.42741197164869194,-0.05927629412106732,31.11726379
PINC,2020-02-18,1.3119262488707741,0.4898355639704149,-0.5493996809012398,0.22157905307016823,-0.1736996880941191,-0.2531532335880286,-0.06247217354945848,-0.0839699526878749,-0.5366940071552974,-0.27403179688684237,30.66022873
PINC,2020-02-19,1.3134162286692994,0.32088349485596096,-0.5802672952340407,0.34214803518334924,-0.011259048972430718,-0.5859011078794474,-0.23795196770492158,-0.03541453538381003,-0.17768401168855896,0.1130572715476255,30.67967796
PINC,2020-02-20,1.4932032375297426,0.06962892050886119,-0.7580327799758836,0.44306821924199064,-0.040874293271811746,-0.06148702461995435,-0.24744388507912005,-0.18777486204375612,-0.5384942810799133,-0.04734306986124947,30.27126503
PINC,2020-02-21,1.5573289188258748,-0.031511906542442895,-0.8137748777845252,0.5750878347771027,0.028293246723275045,0.03669715548168782,-0.28060169977871036,-0.23158905177927308,-0.4535503210499784,0.011490392115467587,30.2518158
PINC,2020-02-24,2.053749481404729,-0.055333500463484564,-0.4723099287158914,-0.16666048228031852,0.2583787049904141,-0.20479767929878784,-0.1953955395135088,-0.10883840670470436,0.010964642315848136,0.08897256258276183,29.76560974
PINC,2020-02-25,2.200298112758586,-0.03705723197037422,-0.4217724634046808,-0.146289217319018,0.310098492905489,-0.22154745368550952,-0.3313919704128898,-0.10139272583510617,-0.018189048902448646,-0.0701623220314247,29.49333191
PINC,2020-02-26,2.236544809312683,0.07820532243631498,-0.47709879669295335,-0.12461170055071451,0.1781794753745306,0.1612453167675828,-0.3920924993035131,-0.11037867433833053,-0.3423740002432656,-0.11965025354261391,28.45285034
PINC,2020-02-27,2.2056932014420703,0.08890537526134493,-0.6663149588124494,-0.34409570950304846,0.14582682453636756,0.20641926647544948,-0.4291467003947464,-0.018122505423789795,-0.333704745925004,-0.1397601516984357,28.08333206
PINC,2020-02-28,2.2500226743794722,0.05839682573352098,-0.6422752233809741,-0.2912550777905148,0.35095591931482634,-0.16310609412845278,-0.44814056122796686,0.05658935205919235,-0.018522350283124215,-0.05103408346810787,28.61816025
PINC,2020-03-02,1.777384436034698,0.8431268086931879,-0.27080914640115933,0.15347296188407314,0.11195931152068912,0.15486551920339728,-0.3476452087591516,0.009725928170076567,0.22915554223771473,0.23891452392245247,29.84340286
PINC,2020-03-03,1.6326472902596767,1.1547271080116703,-0.17398739700752935,0.32547736944289524,-0.07349004249802808,0.2713830947888588,-0.23897200595189383,0.05678733435267827,-0.26713733958618263,-0.0056321346939724485,29.25995445
PINC,2020-03-04,1.4338381264173046,1.138123616042014,-0.22427870343041292,0.2077644281247934,0.009797555886437985,-0.2865651517101164,-0.2515748955194737,0.19750786623588928,-0.22448712552738445,0.0009510351931697764,29.39609146
PINC,2020-03-05,1.8144303188067248,0.45665324674993985,-0.5065343482168633,0.09787656709651787,0.305208836390891,-0.6647766222486227,-0.31422891006471904,0.21999592296871143,-0.4616647905311218,-0.30165371097419247,27.98609161
PINC,2020-03-06,1.9881635662110824,0.5385406420959191,-0.3654353909439187,-0.07304734168584232,0.3868531940788602,-0.49789549727334165,-0.36372203995218805,0.2789607183279498,-0.0755607239407579,0.04457408614362161,28.08333206
PINC,2020-03-09,2.0620340502544865,0.41820831435948247,-0.4500584455755414,-0.0659172920863516,0.4708059268347252,-0.3527683844756557,-0.2841648230643555,0.2521637235037472,0.08577034797374473,0.09619094308723167,28.20974731
PINC,2020-03-10,1.8208424958242067,0.7711323428950596,-0.33527806209816735,0.1560526726793585,0.20294004602161292,0.026256465986084335,-0.36848338407656905,0.16599688857266884,-0.037760602455207265,0.23639650571992674,28.47229767
PINC,2020-03-11,1.5818811274372213,1.1954572379233661,-0.20440407656842188,0.347078265551598,0.03411003756684518,0.2940284169790653,-0.2826958271924917,0.16945994428024638,-0.18285455947701346,0.15732775182048087,29.27940178
PINC,2020-03-12,1.3915817927890362,1.3892171909951618,-0.11092297761133728,0.42453715004076215,-0.025221971711679003,0.09716496502500828,-0.2108841083100456,0.23826712933677657,-0.3127536172393662,0.046950986512639216,29.47388268
PINC,2020-03-13,-0.4878387605539964,1.826799668235401,-0.48042289941355815,-0.4186779798531041,-0.40532160338502116,0.11193254150622223,-0.561772129218947,0.038479675110602164,0.4928523101700798,-0.09143939074773356,33.98588562
PINC,2020-03-16,-0.38697143257446404,1.3072687402526058,-0.5829370242733589,-0.5504648709445144,-0.38655843643406385,-0.4461324086318961,-0.6126888548492349,0.004269506834844905,0.07126446595158437,-0.44452610971856416,32.00216293
PINC,2020-03-17,-0.5558500167791265,1.386005142968508,-0.4782120179865651,-0.3194295076352526,-0.32130864828548955,-0.42134513771121684,-0.6166049711033111,-0.018652317900729763,0.34572832045378515,-0.08643830564435143,33.1009903
PINC,2020-03-18,-0.8561686286212988,0.8631221276072023,-0.5069503675049324,-0.37657619216098087,0.15159248417207905,-0.30277779886578465,-0.3824957774855764,0.09332653224194878,-0.2627544607220805,0.14498581654337866,32.7314682
PINC,2020-03-19,-0.17819261178094625,0.3491055536379259,-0.8458819683219763,-0.2216469888240747,-0.25205211801533156,-0.35254009731264085,-0.02940870458293361,0.42783225464695246,-0.53062635538021,0.3273937318401395,30.24209213
PINC,2020-03-20,0.5310604393055993,0.2546392017565672,-1.1531605764361075,-0.026508848561279115,-0.4816482046235671,-0.19484204513491016,-0.37123662654200523,0.2712530124052658,-0.13279897282405398,-0.023462613143768747,28.0736084
PINC,2020-03-23,1.70905399193252,-0.01853943529330774,-0.6686566655413608,-0.8204581341043871,0.0021861418392647293,0.1574379698629088,-0.3331387455883722,0.23661245968402103,-0.37829293691663973,-0.05619865471766886,26.64415741
PINC,2020-03-24,1.5431423688540684,0.21680424686539623,-0.5705951273361733,-0.5073214289021738,0.017884959576416913,0.3408765575737062,-0.44463032744318864,0.2043355069730174,0.1368720237631168,0.47247351536293536,28.20001984
PINC,2020-03-25,1.6236835873249975,0.17565866314101813,-0.6188259722927801,-0.32255390120533156,0.0879975360398869,0.35461270607023854,-0.47259963805860067,0.18480611339028866,0.07163634790522078,0.39977237710820457,27.46098518
PINC,2020-03-26,1.0957584097108872,0.6398039502005426,-0.2508381820432287,-0.19092484230927104,0.637145733192226,0.447490232753965,-0.867432833952703,-0.16984679449842968,0.4158819029773547,-0.03605302272306077,29.07519341
PINC,2020-03-27,0.9494210064448346,0.8042796819872893,-0.10856147344468763,-0.04859492232354002,0.5912626509457771,0.23611640596317335,-0.74698006012885,-0.1350921891954087,0.23136674905547247,-0.20121097803571136,29.63919449
PINC,2020-03-30,0.6428926822826851,1.1534322350750934,0.1427742884674038,0.14536939265785354,0.30491857138282114,0.36432092214266226,-0.5905428326098616,-0.16269745934127897,-0.08530258666504313,-0.2882458319694193,30.79636765
PINC,2020-03-31,0.4459166991876091,1.2259477693402265,0.2837166693245129,0.2483307173447878,0.249531727902433,0.17226336282127697,-0.496069041672041,-0.15372973695512007,-0.2282467543345879,-0.3187523218384905,31.81740379
PINC,2020-04-01,-0.06749735180841027,1.0226294463952799,0.3241816494530915,0.2623190151313119,0.9836098622930812,-0.15382001924110184,0.28339660835558805,0.2335721424720315,-0.07248228356985982,0.08749331386541699,32.11885452
PINC,2020-04-02,0.06916363329496418,0.7362871166108184,0.20732061482703165,0.3265003878340549,1.069135586761081,-0.17245226025508675,0.32254773966508116,0.2132026758737567,-0.37415442672761695,-0.19984967761365743,30.49492073
PINC,2020-04-03,0.15625933362541936,0.530099846109142,0.11645530238336477,0.45096643135057246,1.1705978030801802,-0.03996788949069586,0.33726709171925545,0.19517584832139492,-0.25554450146756397,-0.12162078095845022,30.4462986
PINC,2020-04-06,0.009684937208607766,0.3921702426301695,0.15332902705127419,0.4886994553676788,1.0925278699172505,0.06657236243989904,0.23102802558596744,0.1282122323860707,-0.10713257013617894,0.057509865970243434,31.97299385
PINC,2020-04-07,-0.18202162015912196,0.6340625040318307,0.325110699254544,0.716634074533452,0.9070180050759086,0.47336505353215513,0.29280435683443123,0.04469226142649636,-0.061300390802335354,0.23159727249604686,32.8189888
PINC,2020-04-08,-1.334383184565472,0.7209909487282302,-0.4274016867245781,-0.017100427805207343,0.23871827701002743,-0.0033824406366437898,0.19956376734742226,0.33250292549443594,0.47356545241710574,0.10848436953171837,33.80112457
PINC,2020-04-09,-1.04314462372541,0.3020676124464711,-0.5863210059782794,-0.03881526293795491,0.3346726170582421,-0.10901800002634346,0.24879017063449355,0.3179428069825065,-0.0461632712604265,-0.4499658655714287,31.7007122
PINC,2020-04-13,-0.40131518700082414,-0.08541103195143927,-0.9707875503494283,0.19441164208419762,-0.0994936610349386,-0.1174725034739262,0.5302993424173872,0.7439993001043688,-0.2552824631158857,-0.058853938354946844,30.28098679
PINC,2020-04-14,-0.2596543125377195,-0.396687511582814,-1.0256839471484964,0.24176543878635615,0.01127272503926307,0.12353805020438419,0.41518372583746566,0.6295910532947261,-0.061431829353878836,0.16662646195248101,31.02974701
PINC,2020-04-15,-0.15984266142280634,-0.4705760244562062,-0.9529488959313093,0.24764576881985043,0.04033197312378495,0.26481702918264066,0.4013157206365146,0.5636233523503653,0.127952189912158,0.27351707895405697,31.94381332
PINC,2020-04-16,-0.18148353610099324,-0.30837610585613456,-0.9191424323500491,0.4789569432018475,-0.04699816834669625,0.67270588145104,0.5300294522391298,0.4748263137726328,-0.02122643411595559,0.14471815706118346,31.43816185
PINC,2020-04-17,-0.675077510096679,-0.05024934207465087,-0.5563668162953395,0.41590471721785416,0.6219144998791704,0.2967615123599581,0.11434896998666498,0.18360085541736154,0.33936303267492174,-0.22016545879687913,32.21609497
PINC,2020-04-20,-0.6930773800913983,0.23167977735850567,-0.31940133820242705,0.3328189986998567,0.48146410396632416,0.5688460330303463,0.2131971143897183,0.13509136115408854,0.0902589814467012,-0.27380316090824464,32.14802551
PINC,2020-04-21,-0.6223506284351681,-0.060621433275444225,-0.366224639404456,0.360988215675735,0.8352050282260336,-0.3208809883380107,0.18690039314718584,0.2819300122737257,0.31505981170742575,-0.32865491921512513,31.46733475
PINC,2020-04-22,-0.48144681406117,-0.2836169164314547,-0.4919829691140967,0.43746849524194803,0.868790003906903,-0.25721161832195016,0.09245019847502771,0.2759968087505641,0.23013799760966125,-0.27282600311255734,31.11726379
PINC,2020-04-23,-0.4885025149920707,-0.2516977078101267,-0.5068145063751853,0.6345534975972134,0.8132039444891598,0.23655323307553436,0.10210926424849187,0.14955080051310843,0.1496284978537408,-0.20171031231203806,31.59375
PINC,2020-04-24,-0.49113939909742993,-0.17926754492953315,-0.43371050059292476,0.7321388347123211,0.8212036702855586,0.24764125727522163,0.17391391730711564,0.14243474718950977,0.2631844967199616,-0.18637512780805665,32.10912704
PINC,2020-04-27,-0.23976539159219415,0.480128020891422,0.38763543706970827,0.5642302908409911,0.7843590664669133,0.5873312912371365,0.37988708749979666,-0.014646821597960566,-0.08955569035498992,0.10891172447308446,32.77036667
PINC,2020-04-28,-0.11732798112780599,0.3921499545754465,0.32206171453239224,0.6341989559612232,0.9008517635180455,0.45920491489598986,0.6137913532342201,0.01994784229944374,-0.26286578174659225,-0.26328237737212173,32.02161026
PINC,2020-04-29,-0.1053957078589718,0.2726843873058279,0.32970841812443735,0.7256223693227184,1.0433058988347244,-0.010210222089259207,0.5103193984558411,0.10318138620654738,-0.15515383679207417,-0.22056824386797153,32.44947052
PINC,2020-04-30,-0.06377879896251319,-0.036646330812437206,0.24760486114729954,0.7306479346323901,1.1640825850838803,-0.3880914326390568,0.39922671227912454,0.11483342698999861,-0.054420814285446796,-0.13614415636871607,32.24526596
PINC,2020-05-01,-0.694071405862003,-0.2923623117403125,-0.6875789235345267,0.15385590894331588,0.6741250618232091,-0.2565181467596137,0.19214000843036727,0.26471665230845376,0.22445735222477423,-0.27944815278778573,31.47705841
PINC,2020-05-04,0.5428729704024798,-0.39524118792176255,0.07941594382857986,-0.9935310264644506,0.9807809843728716,-0.05727941445121942,0.07145144585725434,0.177355821135263,-0.14173283697856187,-0.2450614122383148,30.48519325
PINC,2020-05-05,1.1033264829314207,-0.5498625344249949,-0.18774330134082529,-0.7951503979673227,0.3880648076897014,0.37911606911552037,0.459528283493634,0.48356425084988086,-0.37953745857734156,0.15168867332351085,29.61002159
PINC,2020-05-06,1.6644056141004582,-0.39183512574847346,-0.30436043781246463,-0.5962609799914743,0.06066476239772348,0.4051502343315866,0.17370920893447495,0.26417342969804486,0.07603108337058147,-0.19011650530172677,29.41553879
PINC,2020-05-07,1.801139274276479,-0.42357938013188234,-0.3467784571784783,-0.5122096192612096,0.12762087201942798,0.4548731297127136,0.15878143945119588,0.2714698642716404,0.09549549894330277,-0.24664330729474612,28.92933273
PINC,2020-05-08,1.660223482657284,-0.1195130428597245,-0.2172210036194851,-0.2261506672840021,0.17117396626279477,0.4918310941206386,0.07801403166628912,0.2475245028744158,0.4468159990122131,0.035396749260355694,29.65864372
PINC,2020-05-11,1.5777591792429262,0.12835921797506944,-0.18101184673083484,0.004092651308930121,0.09743355850726047,0.8072079748683808,0.21551834003077666,0.16893425567329814,0.24802050549150376,-0.10731130414366546,29.80450439
PINC,2020-05-12,1.5844938663442325,0.17615365107520906,-0.1782094348045783,0.11837549398307304,0.06289610049025596,0.7113685723314181,0.14542618850210964,0.174382068689853,0.0800029172065925,-0.1457402660460966,29.1627121
PINC,2020-05-13,1.9151112787394597,-0.14662012960920523,-0.18701711280761646,-0.21772954649963128,0.37549713643667837,-0.12008381257702896,0.035101557318438656,0.3272556760404953,0.20180554385612154,-0.2631568012743365,28.87098885
PINC,2020-05-14,1.8453181060811312,0.05961386320192009,-0.09701193956285098,-0.0814078468711278,0.40055560512208244,-0.13779244855479708,-0.019513118846629367,0.37613560022796344,0.3884009997686787,-0.005604580409455588,29.09464264
PINC,2020-05-15,1.635198862562048,0.43409356009825306,-0.0027200485333070956,0.20702196153066674,0.2177695901351612,0.1867773165974291,0.06338374043798554,0.32600106691347575,0.24054458874739443,0.05811624491320694,29.31829834
PINC,2020-05-18,1.3616990229560075,0.8496796055208697,0.14257526812411997,0.39766248038786794,0.028215101723051663,0.42933756963778663,0.14700070815655256,0.2932925401500624,0.09126284519899851,0.007093901788482027,30.43657303
PINC,2020-05-19,0.632434073246739,1.2690272425267848,0.5020340333358441,0.38329033866156953,0.45115896323952553,0.3835581433245052,-0.1365111297379804,-0.045012472730566834,0.3459421097258693,-0.17419404849436904,31.72988892
PINC,2020-05-20,0.5090886558274814,1.1927910202998027,0.5520830814379251,0.37704902165208853,0.4998654464469377,-0.20048871935288975,-0.0931295020067268,0.013970397372484239,0.33813581287893796,-0.24686032855071616,31.51595497
PINC,2020-05-21,-0.9938720707252376,1.0491765781455469,-0.2857835029099821,-0.487151800504125,0.17063463649946867,-0.11938520442515622,-0.01001197457259137,0.4307491895677821,0.3176460932021081,0.1698209816482369,32.8189888
PINC,2020-05-22,-0.7848503871403986,0.6587045528795487,-0.3915795749533925,-0.47670214814446654,0.25943214979124574,-0.1799390097092486,0.08158620053268084,0.332067432234454,-0.033906320524391464,-0.2585856496379521,32.28416443
PINC,2020-05-26,-1.1243570698732546,1.0159414495157004,-0.33067855088890924,-0.30885713294239164,0.0006963796367143131,0.24247549220614817,0.14794354927052433,0.2191004175908402,0.07225023096093056,0.13099285499600571,33.08154297
PINC,2020-05-27,-1.1289929207953238,0.8197502810481412,-0.3156587049994934,-0.2259339448661706,0.17237002438251736,-0.17029268058301297,0.10884452758368103,0.24979161164263355,0.24005658412396233,0.1661238408684144,33.27602768
PINC,2020-05-28,-1.272962188224833,0.9440668298667352,-0.360343402964792,-0.15702581161783105,0.0734417508921819,0.2531533789474127,0.5261144996433559,0.1772967726464973,0.20550252827604698,-0.005237717558942669,33.40243912
PINC,2020-05-29,-1.2845210789699644,0.7645756671113795,-0.31662006032849427,-0.08915154193722316,0.16931834362071993,-0.18956699251565556,0.2987372265327831,0.16058690232067332,0.28268106380010777,0.1400668168228741,33.83029938
PINC,2020-06-01,-1.0419066892235143,0.4065743991005867,-0.4166327619312568,-0.04423541986457699,0.04346613129986894,0.16810369433043443,-0.1043424037728722,-0.05644829953348316,-0.4367385458794467,-0.09145679016357824,33.07181549
PINC,2020-06-02,-0.9384486188143141,-0.017115801597273307,-0.4567165795837528,-0.023092317597891904,0.37240789007771113,-0.5521179064759474,-0.2511390727247345,-0.003681100675828994,-0.045266149907115506,0.04853967027751679,33.15933228
PINC,2020-06-03,-0.8431428647888098,-0.2797878249161064,-0.537115892604642,0.08205016123328039,0.4569899695414216,-0.4151091744024223,-0.2801789613172132,-0.09931501271151369,0.007769171204988522,0.12379559557199625,33.13016129
PINC,2020-06-04,-0.8588818665887228,-0.17630093220487078,-0.531543512065376,0.2754561905520361,0.3816221727291171,0.04994294476232029,-0.24449576560379946,-0.1935354152184258,-0.08357891028476327,0.135808002769128,33.33436966
PINC,2020-06-05,-1.063305322049295,-0.05984069832135705,-0.6756942657852298,0.001472256332371837,0.11157627762349165,0.5273112509805041,-0.13748688628915787,-0.2611740438624396,-0.17209919812357005,0.08130598610799526,33.49968338
PINC,2020-06-08,-1.2831384121902936,0.312664608637907,-0.48302004135606036,0.07554437154836474,0.02740520076552274,0.4457151492905397,-0.11933754478545566,-0.2131440703410976,0.06502467215913375,0.2848610935552143,34.45264435
PINC,2020-06-09,-1.1435396434196436,0.026277054580356504,-0.49586585896842794,0.004762653107556953,0.15526563605880891,-0.07920683961157057,-0.12285873212099055,-0.1980252695417543,-0.15003567154151726,-0.012218766257049696,33.85947418
PINC,2020-06-10,-1.0525341561832258,-0.14959775636412365,-0.5052140955268289,0.020786859812084873,0.36134740003725613,-0.5193971862207095,-0.17847605150662738,-0.11265718924037879,-0.05085306719771634,-0.026080786150821354,33.50940323
PINC,2020-06-11,-0.8047683599430275,-0.4674157716438082,-0.669171947655456,-0.004143491356764453,0.4619203631396412,-0.38173850407119403,-0.2592307385873019,-0.1150147576368651,-0.11740820778267509,0.0042966527215436735,32.27443695
PINC,2020-06-12,0.32399149408416933,-0.46174331863526946,0.13284918336105977,-1.0774981942638628,0.7681595744863361,-0.10295227801861506,-0.19852433651677293,-0.16611008274991226,-0.29012794331266034,0.12082511654854111,31.43816185
PINC,2020-06-15,0.47273743991326855,-0.43405441340738976,0.09697237157679399,-0.9937707305831576,0.9372549983623645,0.03636747200245646,-0.20402901669920387,-0.14181703911591262,0.0545123844171566,0.28973929936955106,31.83685493
PINC,2020-06-16,0.17929562135241087,0.032158599011413505,0.3279030702610838,-0.6292327460581001,0.7065257321928015,0.3811530298210906,-0.10977657883085408,-0.25494495623594127,0.05291458116072627,0.3583723738482388,32.97457504
PINC,2020-06-17,0.048832792815271545,0.3466674741667494,0.4155733962147243,-0.43874815325193356,0.7935452516855951,0.22979245309187477,0.46381972434078794,-0.1577815048996613,0.15636944180798973,-0.011667706450285413,33.14961243
PINC,2020-06-18,-0.13218431519019458,0.5689376400947473,0.5956910029471592,-0.300828670133693,0.650905596076549,-0.043746499039396716,0.1735044901379914,-0.11109285493274841,-0.14911853309064366,0.04630288957964918,33.74278641
PINC,2020-06-19,-0.3357718690254777,0.7478187365558095,0.6852482165079123,-0.134677179057872,0.5597401121154357,-0.1961194741173879,0.3655763342828851,-0.07950238724998725,-0.22338211855643728,0.0769615660313767,33.89836884
PINC,2020-06-22,-0.07689733873306145,0.3637365875374461,0.5013089616455085,-0.09578593406822211,0.7018556148557832,-0.1847465405382051,0.28263465213099737,-0.1195180684851241,-0.4557684245007359,-0.06453921432774924,32.76064301
PINC,2020-06-23,0.0022242274652375213,0.1553335653858205,0.42714128513035526,0.03334377269172325,0.7731524510799194,-0.03857518836240115,0.23945720405042403,-0.16762515679646545,-0.32304104777183423,0.06594062351120038,33.28574753
PINC,2020-06-24,0.5999034600140059,-0.4264391649966469,0.07635997029321787,0.18195749305972225,0.504047454595044,-0.3436959042112494,0.7217369167265713,0.1820875973097681,-0.1357607130347249,0.4955799660071793,32.55643463
PINC,2020-06-25,0.6525764045576509,-0.46196926450549564,0.03709919567267006,0.34691550623278017,0.5987618244263431,-0.21857581117846725,0.7827138882079459,0.18323646327887058,0.048836835116143326,0.5258213676359988,32.6828537
PINC,2020-06-26,0.9729968572797789,-0.8786519073666683,-0.12963755968598178,0.3205785249720859,0.6591645954786054,-0.1949253632542289,0.4947264317122833,0.10499657738257068,-0.3634539856578469,0.25904827074734255,31.66181946
PINC,2020-06-29,0.0030986683697259926,-0.4570421556393522,-0.6994987886860754,0.16385527012941165,-0.06634968217409819,0.2524756280459372,0.17796939319501917,0.20366810286612388,0.08116683848182156,0.533959205635656,32.63423157
PINC,2020-06-30,-0.5073549335886591,-0.16423792942715432,-0.4053020095210662,0.23067946262271835,0.47015078539134464,0.2651034321465949,-0.07876996722207312,-0.1525928145540767,0.21901798382666354,0.021020069286462387,33.33436966
PINC,2020-07-01,-0.6999780997740859,0.12729744569438584,-0.20053640667927403,0.4029903099966976,0.38660000980253156,0.026435963370037112,-0.06839546002484344,-0.07966361992015371,0.07287010768214111,-0.1239025869351359,33.66498947
PINC,2020-07-02,-0.28157050571515796,-0.03440893944157886,-0.42922704900949143,0.5834091939446165,-0.13895257166964758,-0.224804394168966,0.4093728073316956,0.34242145223066434,-0.30424895197842505,0.14217854131511212,32.43002701
PINC,2020-07-06,-0.2341295399286341,-0.1283970407988055,-0.49299393646252293,0.7109419845875934,-0.09532209830384893,-0.2193468314189394,0.23928088692792987,0.31824573863174677,-0.380169319015553,0.28057322564200454,32.68771744
PINC,2020-07-07,0.535896972743834,-0.12138986076794998,0.1853760709381933,0.14806570684262677,0.21199311844795332,-0.023268983721356072,0.4072140717182373,0.24565297766835462,-0.4448208267962035,0.5232644858673531,32.64395142
PINC,2020-07-08,1.533383217493989,-0.28083204720355187,0.17788391914909873,-0.2533240482225205,-0.08052283604846654,0.06216268138160026,0.20539413297471865,0.006468765493872625,-0.1882703501875521,-0.1971499269063657,31.05892181
PINC,2020-07-09,1.741956583005552,-0.42323950864866244,0.05141193324903201,-0.2118426865681782,0.04466393724260484,0.2352288439726066,0.08903635172561734,0.021608342816830207,-0.11091021948372523,-0.1000056071454026,30.43657303
PINC,2020-07-10,1.7017726674619211,-0.3539730195151166,0.08852244937014019,-0.006696350454562784,0.06936063568905482,0.32260596408058473,-0.12245803448755216,0.006978919794613254,0.1251705346051449,0.23861550200847265,30.80609131
PINC,2020-07-13,1.5345568646650924,-0.4644821780788773,-0.34720784097064217,-0.49041404511747033,-0.05578599332357214,0.3989426965138531,0.03197674383170604,0.05024539663418313,0.04029881336942777,-0.1270514361068803,30.33933258
PINC,2020-07-14,1.5587961110051263,-0.2554604378297675,-0.12015658594204066,-0.4695105252056803,0.06856882285921101,0.032043201752162805,-0.1462571186333334,0.14692853517623453,0.5476028290411125,0.1695720994804085,30.91305733
PINC,2020-07-15,1.2255085212958592,0.3466110425355233,0.13828450930468997,-0.13571143425483578,-0.1661524352932868,0.28641602662934973,0.020438889746299357,0.1348025977776032,0.47815856085011504,0.09618009655660678,31.85629463
PINC,2020-07-16,0.9494286833381091,0.6829724502706732,0.3635469763916504,0.032400531078424576,-0.24872429458630962,-0.03425058661435125,0.13569349293025976,0.21175148706533378,0.3048817663643793,-0.04100619573863087,32.92595673
PINC,2020-07-17,-0.5877716544000385,1.1294963766505919,0.008677868373601447,-0.4642251506886926,-0.478619617343258,-0.16734447098469526,-0.3948302455558565,0.09749919288652145,0.6930580908791873,-0.2600151989247533,33.84002304
PINC,2020-07-20,-0.029470173512270843,0.6990313183816995,-0.28187531809222793,-0.3341994809449684,-0.9118707417419062,-0.4633883360782196,0.09384996242635787,0.41607941259354364,0.10182009607532429,-0.3174151793205835,33.05237198
PINC,2020-07-21,-0.8463930015643036,0.5570107388139652,-0.07875679802171005,-0.460966043339811,0.1136008376258754,-0.24050380514210115,-0.004908161363292848,0.25846117167900234,-0.10403914109882319,-0.2529626106803588,33.58720016
PINC,2020-07-22,-0.9805939482057807,0.602171278224222,-0.04072158742827806,-0.2559565864823558,0.10472935769886166,-0.21042555706105984,0.1372506242128247,0.22433046429933398,0.01633103309888014,-0.12409887488972238,33.86920166
PINC,2020-07-23,-1.2713217967711126,0.8414324118706521,-0.04962218363677097,-0.28723620001479777,-0.2060478203596982,0.18715158238527935,-0.03804967657641984,0.18066768170944258,-0.04224140729099178,0.1402104061324581,34.14147568
PINC,2020-07-24,-1.0666634184167172,0.44687293161564995,-0.20232691629792457,-0.3371984902041128,-0.13287926895920546,0.1869323820573983,-0.11157472690012227,0.09938215021457895,-0.3692268039237763,-0.19498896916907213,33.75250244
PINC,2020-07-27,-0.9498743765638968,0.09660975535620589,-0.31110873148679774,-0.27717614345268277,0.09762797843715276,-0.11551855225175353,-0.14007560460441335,0.056583277717718455,-0.1460255624709919,-0.09319921607025575,33.57747269
PINC,2020-07-28,-0.7590873464800858,-0.27898378711471017,-0.4571707655527352,-0.1881176280306203,0.16241295500673153,0.06067374067050491,-0.31366356220102265,-0.022829937727308763,-0.1623192795172976,0.013964616070441175,33.13016129
PINC,2020-07-29,-0.2498847932962897,-0.6462943117850873,-0.7090269141641714,0.06261692979940812,-0.2984887359477469,0.10987945021536062,-0.021750035476314128,0.2648202066452344,-0.18495050924135603,0.5019813000392442,33.15933228
PINC,2020-07-30,-0.595507178665865,-0.6900726510282275,-0.5264308774061055,0.0280215710137099,0.3881623764907241,-0.06922866568689875,-0.4919726553305707,-0.10958784341036348,0.24948711741284765,0.2599931627079112,33.74278641
PINC,2020-07-31,-0.7725171265210399,-0.2531935916963646,-0.3347546406141499,0.2657850944957225,0.23763482333150684,0.23019426268895055,-0.37870179711638813,-0.16059162660176,0.12451891585971506,0.10365115057888509,34.00533676
PINC,2020-08-03,-1.113319798188496,0.1592190603223745,-0.5144357598045362,0.06625397496449843,0.0623374364662522,0.504977334233909,0.3112056670914095,-0.09118572905528875,0.028057636428106363,-0.31964875187723274,33.85947418
PINC,2020-08-04,-1.1596484053564102,0.2534934979286659,-0.4349754704275317,0.1239632695304985,0.06045955806067166,0.35562172108703366,0.3569844189967735,-0.04334583438443836,-0.1122931109010135,-0.36722499095169897,33.93727112
PINC,2020-08-05,-0.9813404184576718,-0.24053967176977017,-0.5189635541412501,0.05663837661257765,0.4212509589213582,-0.44298047094553233,0.25022707250131176,0.057098547588599835,0.13163127837956667,-0.3365799167128521,33.42188644
PINC,2020-08-06,-0.5873114987151888,-0.154971398441603,-0.23810747168527538,-0.4553111094563065,0.3439345564516367,0.1354779027422443,0.19002543780253392,0.0011565698252138555,0.14709109440567855,-0.17461576731372344,33.29547501
PINC,2020-08-07,-0.5507368504171412,-0.2736360510589781,-0.27234441045658625,-0.30560733911606486,0.40756352928080236,0.2597273300850307,0.18374679023995708,-0.06424595186527085,0.29672644789757396,-0.05547435639600842,33.75250244
PINC,2020-08-10,-0.5791112127708785,-0.1460929735676609,-0.2583500686650407,-0.13045077945679312,0.2942979066322733,0.693951722685196,0.2305811458152381,-0.20244582791763208,0.16669384764182843,-0.04210281640677413,33.79140854
PINC,2020-08-11,-1.0923161091043707,0.34354011292087794,-0.23614489418785076,-0.25696156162876554,0.0020791083515273334,0.6673040786413639,0.24437236189342876,-0.08490385529234191,0.46651887979669676,0.24833683239063237,34.36513138
PINC,2020-08-12,-0.02126678548233341,0.06019091625374319,0.3637456162469483,-1.1108148940084606,0.6498957252851817,-0.24349991887136577,0.2606620208766095,0.0554221624402913,0.15916794341853896,-0.12599100103723132,33.76223373
PINC,2020-08-13,-0.7269453969119412,0.1995829089386506,0.017658415944816645,-0.907616456519472,0.23753409640186268,-0.4085306189285183,0.18482320233323957,0.1351875267643804,0.42585281873421976,-0.18126723117396878,34.32623672
PINC,2020-08-14,-1.1585177379629703,0.6687032495034354,0.21546897041119667,-0.6918783749658707,-0.05505334465248221,-0.09168939007565752,0.31115906194473364,0.08980757048985542,0.4913366065970525,0.1758742687172747,36.0279541
PINC,2020-08-17,-1.05580557823108,0.5656985116671384,0.04791083866305706,-0.6887219726003387,-0.16261206823087232,0.21700075727334417,0.4345436371975949,0.010403684911823292,-0.10567959317414552,-0.2724503446392767,34.15605545
PINC,2020-08-18,-1.0142649723744426,0.375444972088797,0.016666327535395997,-0.5906423899741388,0.03905570094987556,-0.13577322730708405,0.3852683169110632,0.035349209285746606,0.13416319661029602,-0.14028617159832177,34.70547104
PINC,2020-08-19,-0.33023514157240264,-0.19492060377879283,-0.3509939771471141,-0.45930905548891765,-0.3613150894787342,-0.1232608200887184,0.7527544052521495,0.33750456095561704,-0.07191647353783037,0.12931861667529965,33.31492233
PINC,2020-08-20,-0.1565330347927933,-0.4090047263373983,-0.5332597352092038,-0.35455956697942015,-0.19746325473924373,0.09136224526186111,0.8146224528328556,0.3213137635341282,0.09967322963337459,0.2072238034008837,33.16905975
PINC,2020-08-21,0.14441397758557797,-0.8356344218763716,-0.7252292901080509,-0.293065305977497,-0.036317319182179085,0.2800920518037172,0.6460989274115185,0.20430856052343338,0.10237885261762017,0.2096620434285678,32.88705826
PINC,2020-08-24,0.24231252250283908,-0.9633256398612466,-0.8005820374239809,-0.17004157695141933,0.014206948213507221,0.3838347590863997,0.5206748551673271,0.12441927289991414,0.138403215883246,0.3095410255510626,32.77036667
PINC,2020-08-25,1.5658694899212138,-0.6857176223370025,-0.2030919736024138,-0.7318305838267278,0.041310916162103306,0.0745780563856196,0.3432897021123598,-0.05746907597770473,0.4726856535887764,-0.09702929012363432,31.41871452
PINC,2020-08-26,1.6667597834828864,-0.5547232812179637,-0.2047098414847799,-0.6532813313206605,0.09619522288850074,0.04308692697489544,0.2936541654456966,0.029750116836246898,0.3869253179096162,-0.23331237919635062,30.49492073
PINC,2020-08-27,1.4548654158119214,-0.011676565290349416,-0.029431186816533228,-0.30753634885394726,-0.026163031735329318,0.3853207128002052,0.3228311150872287,0.021813012095512414,0.5101307164374933,-0.09028812240428537,31.56943703
PINC,2020-08-28,1.5940864395201666,-0.22741375190578839,-0.17724829829225353,-0.27108010338657357,0.013051035484667172,0.26144232351439783,0.3705159319444609,0.016482879533931426,0.0567885431345383,-0.4066582163532699,30.57271004
PINC,2020-08-31,1.2349478394511209,0.3273746590421446,0.07125426347259628,0.06826541909824926,-0.08452642688026557,0.1680208958438847,0.31932173697323696,0.04647231040481517,0.4096647991199119,0.016782415939750495,32.04020309
PINC,2020-09-01,1.1386254502202064,0.4285250096792839,0.17725566653375815,0.18806988625447008,-0.24340939546968093,-0.07705874725102335,-0.14725703478218258,0.060634853158232166,-0.0372240044512566,0.10639328539564705,32.06955338
PINC,2020-09-02,0.9447476643461618,0.7514381613269014,0.33975005310340106,0.35541646038128344,-0.2937764278401297,-0.33642991724572335,-0.0882337758805199,0.14303303996548816,-0.16286763837834556,-0.021967213795153533,32.39240265
PINC,2020-09-03,0.8902383403966888,0.8180578710639436,0.32721396701362415,0.5393794811676703,-0.3929609898464851,-0.039530474618856275,0.011650819540665618,0.08626530428634381,-0.511206151461267,-0.0950897980996936,31.95214844
PINC,2020-09-04,1.0397730917548624,0.359290363346885,0.20778716846605258,0.5540491694588894,-0.06193615099666694,-0.7936255937568384,-0.11394723726301521,0.17060593370946328,-0.19368565934053975,0.04293482288923199,31.80540276
PINC,2020-09-08,1.075996570431017,0.32847918013568433,-0.022193784642636365,0.6213984731616587,-0.2716809344052062,0.18471998109798218,-0.06281447690409744,-0.036976578643099146,-0.47835121187762486,0.07016835745348819,31.49233818
PINC,2020-09-09,1.124312539068707,0.17787817095166306,-0.058598325049770514,0.7776104810200616,-0.20720877280318906,0.3359919196556657,-0.10946170875412069,-0.10206544565657574,-0.3160617415688865,0.2106140623438363,31.89345169
PINC,2020-09-10,1.240123121585127,-0.2623576540150245,-0.18140984162730409,0.71074623359265,0.081220391480894,-0.36056716794082433,-0.22301318451199442,-0.042927223378360024,0.06716924496747893,0.32044057464755077,31.45320892
PINC,2020-09-11,1.4098267878299875,-0.44223222518490285,-0.36061515505880615,0.6727943969837389,0.1375445533607494,-0.3013519851282282,-0.20051375133588867,-0.03138032075538348,-0.13957460640785044,0.023184887427166786,30.43574715
PINC,2020-09-14,0.8921942157406392,-0.5641118684982741,-1.2638343184534784,0.2863122299748075,-0.31368653278298364,0.19343712882649305,-0.10268206756112085,0.08638965546613195,0.05642800462872324,-0.37069712225866436,30.27921486
PINC,2020-09-15,0.7195918569240095,-0.3902085328273063,-1.1653912986085075,0.5473457477442377,-0.3671404015044551,0.23583306651574054,-0.34155753777489756,0.08549371919730107,0.2527301092913944,0.06898518662209836,30.45531464
PINC,2020-09-16,0.6380494318897502,-0.2133006171265271,-1.0495158249631984,0.7461230820549362,-0.3887075317087012,0.2234086181335244,-0.44239787876545916,0.0846424022087779,0.36720686851675816,0.11758528426085268,31.19884109
PINC,2020-09-17,1.292235568504533,0.47701812670755495,0.013501154593582254,0.0361985782025339,-0.3022728641403599,0.575781287403268,-0.22244336983229412,0.0489296575777457,0.06431343755505727,0.16369368867400838,31.19884109
PINC,2020-09-18,1.5620822232541038,0.17230278250030445,0.04560122588384348,-0.26093461057423456,0.024339194270756082,-0.3451857192211251,-0.20978172280771626,0.24328567104051418,0.22848153731565182,-0.0018280672080299646,30.39661217
PINC,2020-09-21,1.5804162414965273,0.21736600313897958,0.031216359107597066,-0.1996799574493313,0.12577998441809926,-0.3829871986224562,-0.04635017742272941,0.28466056162157866,0.23886186311410526,-0.022548833898299883,30.45531464
PINC,2020-09-22,1.5943155615971274,0.19147914920079925,0.0041359839540978625,-0.04503995201742529,-0.013020142586101097,0.016660769190805662,-0.16827721095083897,0.19826252187522722,-0.07104810796036745,0.014472197536220904,30.16181374
PINC,2020-09-23,1.7310036036704106,-0.03733689038322821,-0.11276217091189852,0.025132387524462035,0.07923446074142597,0.07018177915928255,-0.21317878218861147,0.10786350789102028,-0.26471505891682146,-0.12344300895372663,29.89766693
PINC,2020-09-24,1.5288882963199282,0.12708892507534353,8.24773966657486e-05,0.2593396464001053,0.18182687754870286,-0.28264055916003095,-0.33313513500208697,0.17817576280834402,0.24662840703869704,0.36330407033030465,30.45531464
PINC,2020-09-25,1.227450123585874,0.6578388292256182,0.11276112630939511,0.4621462100575047,-0.14889477394868658,0.40432235942647937,-0.16055453959372581,0.10360741339509423,-0.043602517000275405,0.20219701019606845,31.23797417
PINC,2020-09-28,0.5783819111952075,1.0417257551360828,0.48429958137744195,0.47357872307118826,0.49967832309709076,-0.05004084503092691,-0.24352377517298648,-0.14992107235140964,0.46235976515957883,-0.11323689096329742,31.86410141
PINC,2020-09-29,0.9093377753254984,0.863409998120576,0.2601298712138692,0.5266124777714627,-0.16524762548925917,-0.39248362732232833,0.01989688720773015,0.23540969508134255,-0.1649160498356246,-0.004754317604591194,31.51190376
PINC,2020-09-30,0.3678183682076867,1.1179238490351087,0.528134871519412,0.6001789082006642,0.36060324578915687,-0.35510747060987435,-0.4036459731573655,-0.09448795716579615,0.05597867774818427,-0.13635756908023003,32.11847305
PINC,2020-10-01,-0.009855181452914813,0.7872687125116137,-0.6580104858668355,0.019747204885836936,-0.9012938522684676,-0.04835319696182308,-0.09634595350781425,0.3460039522130069,-0.19483594522924808,-0.22990213465713383,31.68800354
PINC,2020-10-02,-0.6226754076471867,1.0193392173579297,-0.4864365507516692,-0.055716293825652734,-0.46264712282406883,0.11589739744455381,-0.46899358266593594,-0.018983116323979428,0.050737260091928756,-0.4088736612921123,32.35326767
PINC,2020-10-05,-1.1979732324722465,0.7872467794035157,-0.36933384756135257,-0.17246354074112033,0.03439217853733794,-0.16401746146585322,-0.1804250043733567,0.22792742747254735,0.13717797671288787,0.2995000476651326,33.50769424
PINC,2020-10-06,-1.16527500638794,0.5827693925587674,-0.4251552311344389,-0.1789155336874713,-0.016917512951461572,-0.23767977920932698,-0.27206714025865925,0.1481630071436101,-0.22518474320005485,0.06704404283831582,32.98918152
PINC,2020-10-07,-1.0833086758582426,0.40613940209046806,-0.49086579251195855,-0.04367412649379533,0.05371090929459741,-0.21035072728209028,-0.3393136398413709,0.14981919094735618,-0.3004042965219173,0.03654760602470448,32.40218353
PINC,2020-10-08,-0.9095897690600171,0.09473145900403084,-0.5852790809499661,0.03110455030650608,0.1974925863281346,-0.10894590323659131,-0.3510854777719717,0.06210417484613564,-0.27198876479578843,-0.010430534954604664,32.5880661
PINC,2020-10-09,-0.8082317144037904,-0.18447594705362663,-0.6690927180262334,0.13588111167344807,0.2812009690404317,0.047331225396404615,-0.3974783531565366,-0.034690320975248615,-0.20310694840692006,0.08083939422638309,32.52936554
PINC,2020-10-12,-0.5227494777513495,-0.5318609487554862,-0.6969868732780656,0.004770207473509218,0.5132452304745989,-0.20086529895257,-0.5127496723635703,-0.030353228267402315,0.03998136769023556,0.16500784854310763,31.97171974
PINC,2020-10-13,-0.4008480084110774,-0.7362315844083417,-0.7944392721420551,0.10885856087146885,0.5923295954486341,-0.05270883763370327,-0.5756381474184098,-0.0634716712488205,0.09833266373753881,0.25333571383891396,31.75648689
PINC,2020-10-14,-0.5570722727067808,-0.4546891178548926,-0.5853914753026715,0.3042159343230025,0.5450829069136418,-0.021472856515268805,-0.5834505357184754,-0.10159509996880586,0.3779253752010284,0.34333994590763006,33.14570999
PINC,2020-10-15,-1.2095239631702162,0.2707000657289536,-0.4728544621718791,0.08652822355881919,0.04409742952881473,0.21360604462387006,-0.41220808614795457,-0.022618445534901437,0.3739041272792005,0.4702876379623061,34.06533813
PINC,2020-10-16,-1.067539556063714,0.7932550635937156,0.17977713756836128,-0.7147731189672327,-0.09407752769835404,-0.013006915656812423,-0.2469725960686656,0.1324435204369371,0.39183918603537615,0.36881007312691855,34.2610054
PINC,2020-10-19,-0.9636488862417534,0.5232517132581705,-0.015823993580733307,-0.7388429618487398,-0.024845836243235442,-0.15820005086421784,-0.09131425458902427,0.14285251400486726,-0.07288184415936227,-0.03728856458802668,33.02831268
PINC,2020-10-20,-0.7887173751088303,0.2689090130126278,-0.12439145549724709,-0.6636749305490156,0.10559900633637793,-0.141145915962586,-0.19461656614186773,0.12228747218448885,-0.16891295540466936,-0.09177825190420437,32.89134598
PINC,2020-10-21,-0.6200804104885319,-0.11803241560947292,-0.2680308550688992,-0.5743258797601052,0.18925276228697502,0.05667059761925627,-0.3359388079119994,0.046813507446717736,-0.13229684832661578,0.04359217497794635,32.5782814
PINC,2020-10-22,-0.6158969017410231,-0.18772451262593,-0.2536786730890545,-0.41351103647453596,0.23474332696852981,0.19135757825372982,-0.36422008385558396,-0.02681626921329438,0.06522455619565624,0.18898549914901294,33.61531067
PINC,2020-10-23,-0.7315318159636814,-0.02171976261895132,-0.22201943816104744,-0.16283330154539594,0.0817354012597788,0.6630774387356724,-0.2197465025191281,-0.13761487081870072,0.00011012822434845278,0.2732543683953103,33.64465714
PINC,2020-10-26,-0.6431418910891447,-0.09901437139436385,-0.191290656164525,-0.10359290941376106,0.28785235218667304,0.16779283298984102,-0.1653523143296827,-0.06113506376451888,0.12773201624759828,0.03029217612439386,33.4196434
PINC,2020-10-27,-0.5850586952791774,-0.23624541715589378,-0.23852753610863076,0.007221606841365096,0.31411206148613646,0.126298980232715,-0.29739278424713583,-0.04355148988977305,-0.05839982602187857,0.012464985197582497,32.81308365
PINC,2020-10-28,0.1683828044758565,-0.791763475182468,-0.6359234220329927,0.057701598760876854,-0.0999114241430359,0.05939769051444437,0.004166228870720736,0.3173184771263079,-0.5434606722163103,0.03883133635932307,31.3455925
PINC,2020-10-29,0.5803502097211408,-0.531501677025937,0.32501327425797594,-0.7779286783090389,0.8751026048652457,0.029066254342251532,-0.37946676711202876,0.012277383636117713,-0.04408052921987986,0.24887250576810177,31.71735382
PINC,2020-10-30,0.9230434757743605,-0.4599966053831742,0.20005141984675767,-0.4053289823711883,0.2540589717532378,0.33564159529001625,0.08944649281990212,0.29415142158407337,-0.2315254680920395,0.5686785110481889,32.02063751
PINC,2020-11-02,0.6394917975295562,-0.0012196468777968077,0.41311687157868704,-0.0980653751592532,0.19600283367817886,0.21510389976654698,0.25536923839182357,0.3359536948544488,-0.053037916719656575,0.5493282735079703,32.98918152
PINC,2020-11-03,0.08602088941700523,0.34226403520369214,0.7473259706961155,-0.08984781999649154,0.6389294018859699,0.12289187371818684,-0.23613705725152098,0.058136270902231495,-0.14243908884848402,0.12930463614067264,33.52725983
PINC,2020-11-04,-0.3210134316931954,0.7306681225939556,1.029802499985036,0.14594615510252604,0.44750792490328356,-0.08834787149893791,-0.22884184992652515,0.1087895521334088,-0.09410710046099925,0.45834375643064723,34.11914825
PINC,2020-11-05,-0.9693303376858953,0.4313512145504279,0.025010324730966642,-0.5786910715945739,-0.21070721345324456,0.25611383024170337,-0.20082611167331066,0.2138053035927013,-0.3514612209393222,-0.23460232667543301,33.46855545
PINC,2020-11-06,-0.9006200473990609,0.17936911048130866,-0.038355354752473994,-0.4761003399882541,0.02653213439839494,-0.10498371368864055,-0.1746351146321776,0.2790151115122442,-0.13190842788675103,-0.21483001068579766,33.54682541
PINC,2020-11-09,-1.263333144054652,0.48315145078057464,0.06520695877886915,-0.321225991298365,-0.2562093155634309,0.376069520874406,-0.11870699870861413,0.18138362257190843,0.044752217663026075,0.2008856240787646,34.59363556
PINC,2020-11-10,-1.150343382757791,0.23796384564455877,0.02296612959696723,-0.25050029377262567,-0.25021374850897704,0.36864669894814167,-0.27913575501913845,0.17038758386465372,-0.25700068502515483,-0.02315058425787753,34.14360809
PINC,2020-11-11,-0.915016547122033,-0.1762642032999844,-0.09472639254991229,-0.23645772278901225,-0.00583347024268939,0.009818712779244497,-0.35388992185094237,0.2173122360194123,-0.16860201331003385,-0.1350212266552873,33.53704071
PINC,2020-11-12,-0.4276162159191876,-0.6162433379262511,-0.32467857670210054,-0.013761368599674155,-0.33848989088510084,-0.41295782388174135,-0.07713941828476442,0.5961616222170502,-0.05342070248259595,0.35941689887943695,33.77183914
PINC,2020-11-13,-1.000489048583396,-0.2765508577602117,-0.036554101647105375,0.10394465687045075,-0.017921655859344226,0.16594184753450414,-0.4385980457424894,0.13690644401293536,0.01973310208671293,0.14686534507107346,34.50558472
PINC,2020-11-16,-0.8424667622232668,-0.558560845422882,-0.07967075918610901,0.14125267506550535,0.22431258312477623,-0.279535857631506,-0.46582785856621234,0.15778892816600226,0.07958307322689086,-0.05109000115883503,33.93815613
PINC,2020-11-17,-0.8158871801831276,-0.5826511183765646,-0.0830527277895142,0.27679029801141875,0.2756555880791961,-0.2868614241971376,-0.493977229779867,0.2186843171880083,0.030037397905988618,-0.10683769956446844,33.64465714
PINC,2020-11-18,-0.7536192196879127,-0.6758433932358094,-0.1533472894146254,0.42630064718969857,0.2061567244142528,0.19513626931395428,-0.473100275840941,0.1436561681178645,-0.17432584902314346,-0.11856001691106924,33.26311111
PINC,2020-11-19,-0.24633259415525074,-0.9289022284911153,-0.3526965416554338,0.600446386727664,-0.2699746535654278,0.19252638979208703,-0.13147182775638552,0.5177885469050626,-0.21733572339642732,0.3403323716643561,33.20441055
PINC,2020-11-20,-0.13041250125181444,-1.1003819236021424,-0.28896459591349355,0.577118832934669,-0.09486208753944962,-0.12485994537135296,-0.18492073779070448,0.5490630083397556,0.09653174345463122,0.4301985019550446,33.49790955
PINC,2020-11-23,-0.583686564938443,-0.8045672707237699,-0.048994684813715085,0.5891542852419979,0.46158667686385774,-0.004541531981480851,-0.3490036483601104,0.1531601864780937,0.37247519614170366,-0.023373323106563704,33.90880585
PINC,2020-11-24,-0.025937712862141665,0.06044315395939547,1.0940938964817066,-0.09090878393701247,0.33097807814099095,0.7264141592312074,-0.2100628237526406,0.08075134403237273,-0.13483011504511502,0.105509796217678,34.45666885
PINC,2020-11-25,-0.1582552798425771,0.18475537503783693,1.2104290667508182,0.048416617476874646,0.30054278537562656,0.5347985962910569,-0.2058003877359953,0.14075762040588144,-0.3299094233282648,0.005514942658457987,34.30992126
PINC,2020-11-27,-0.40056893983667047,0.43723611076022445,1.296635723345139,0.23440422415409348,0.38373687828520064,-0.005600792019621154,-0.12699298948410465,0.2056025643333385,-0.004407381827591288,0.3632734155705143,34.73059845
PINC,2020-11-30,-1.3107776699057987,0.54530388280064,0.37587843453107755,-0.4290388849016004,-0.3667906495252709,0.36100229224148944,-0.027515209254001378,0.3660313276553692,0.14724379675966032,0.0018384930767881668,34.83879471
PINC,2020-12-01,-1.07372848563465,-0.08149727952994677,0.3168053549690234,-0.4729416559689465,-0.05569550197006686,-0.5332458700723597,-0.32509897725213116,0.4654475736168071,0.03840301070534134,-0.2814519783172978,34.63224411
PINC,2020-12-02,-1.029421351743894,-0.15013544009959262,0.2727856229205395,-0.308261509198262,-0.146485577461299,-0.06119579497129962,-0.3334047031561794,0.3970924541946515,-0.17078938474525104,-0.2834046180125027,34.41585159
PINC,2020-12-03,-0.4810019708769907,-0.6959224127823384,0.006729926158565719,-0.12459606765159897,-0.48228411455873565,-0.44981871309563737,-0.088422234900757,0.813740203361303,-0.09809075028477789,0.16234796899186724,34.11094284
PINC,2020-12-04,-0.9205715823508924,-0.49819054817756314,0.22159957294435045,-0.0340334001236918,-0.03111281940343362,0.18372838629755622,-0.4083301488523187,0.3543115092377001,0.031061027364418244,-0.1684045426615704,34.75027466
PINC,2020-12-07,-0.957716984838583,-0.39505256298876396,0.2621054225162877,0.11301957919006282,0.005338723078572556,0.15620999852807235,-0.2642947483544812,0.35505934574485865,0.10754470856926258,-0.26933695308435857,34.90765381
PINC,2020-12-08,-1.5586952227149116,0.19268755120361458,0.3711053148509769,0.017334294400393017,-0.5027615440320348,0.490873245562877,-0.2940339464422911,0.432605744911274,0.12128132531696148,0.03669951405267765,35.8223877
PINC,2020-12-09,-1.5305908485513073,0.012168282794078413,0.29626998408128724,-0.008298126861088486,-0.5313229204396482,0.37287683428948454,-0.27022208841996337,0.41138036282544893,-0.26957445134312735,-0.28008430321293043,35.38960648
PINC,2020-12-10,-1.708320698395108,0.0732611776071677,0.35831602833220294,0.07820772233466132,-0.414968438125894,-0.0857828450112519,-0.3062034204385896,0.47634691293381953,0.10216631882210002,0.010519166081384904,36.34369278
PINC,2020-12-11,-1.5893843067821036,-0.1953291057034237,0.1997823524184054,0.09268953859394125,-0.5134636292700087,0.37845355699555816,-0.1661972286513097,0.36927125469507244,-0.3353684014277308,-0.32765311169672584,35.42895126
PINC,2020-12-14,-1.2213364907917401,-0.6583373952719465,-0.01546307643544278,0.04255127426763173,-0.17070966272418173,0.07807944362645092,-0.21903967985038664,0.3464368278931123,-0.18615661707075407,-0.4223602343748985,34.58306503
PINC,2020-12-15,-0.21901962776509548,-0.6294808373514391,0.8676686702238303,-0.9610012548558052,0.31032788620936996,-0.032208824253794274,-0.15733518264769644,0.36828993179079766,0.13640674069065561,-0.02496492342907376,35.01583862
PINC,2020-12-16,-0.22855344691308657,-0.5871782790246077,0.8881295196120929,-0.7660050819383735,0.24841354516456457,0.47297208039524247,0.06161107945109829,0.2989614634451252,0.10961792880578769,-0.1396762702112758,34.82896042
PINC,2020-12-17,-0.2859556674048085,-0.3676226306094142,0.9704905871925168,-0.5234770851307484,0.11571393848851722,0.8367839597467682,-0.012984849682494656,0.2434854094788868,-0.09589705726184819,-0.18861710748052266,34.72076797
PINC,2020-12-18,-0.15542978345047756,-0.5883393470659121,0.9294765836767193,-0.588208666724777,0.3148337916554663,-0.06972876428445744,-0.36013046072578264,0.44491464850157153,0.06217606143659027,-0.19226127048666855,34.4256897
PINC,2020-12-21,-0.024044039871717594,-0.6945183414279708,0.7925712366895682,-0.47539881268768314,0.5317357566349351,-0.05385880435507588,-0.08830595388071619,0.3203419195035205,0.059587595165997154,-0.2766063172024804,34.24864197
PINC,2020-12-22,0.5207169041299216,-1.087273389097017,0.5323197253347649,-0.300227166845044,0.009006313876284564,-0.17473327564445168,0.14034787835395238,0.6583754039413496,-0.38842730236872847,-0.09755561157540728,33.57980347
PINC,2020-12-23,-0.21889333235722452,-0.3611634569225568,0.9201542363700913,0.00223706346590555,0.2099861120619013,0.7810652029678921,-0.25983074527333755,0.25353052635061124,-0.26202051870080634,-0.10077636975228153,34.85847092
PINC,2020-12-24,-0.25156953271926025,-0.40038931803985855,0.9685520728624548,0.09597551020153905,0.3267613315108597,0.2840201980952319,-0.2751993507984801,0.2511942875329698,-0.15114378533640038,-0.10441101625120461,35.00600815
PINC,2020-12-28,0.0817169880889049,-0.27214928686845397,0.7748662393667922,0.3708617722994144,-0.09894015507133862,0.008480039998454808,0.5012288191624179,0.6155533979673369,-0.26371136628596104,0.048523494376341646,34.59289551
PINC,2020-12-29,0.064400894873966,-0.3125727456854381,0.7919604334801875,0.4902965954055219,-0.08547767698411438,-0.041902032780353246,0.5079194604599296,0.6916065664356696,-0.3554405793437933,0.009566792930830334,34.4256897
PINC,2020-12-30,0.10476903515567412,-0.5725706212624602,0.8041158047857005,0.5503399154318848,0.040968344827231024,-0.4064606254921519,0.3761908864605698,0.7809435012482118,-0.21544203639853365,0.10629983551615378,34.54372025
PINC,2020-12-31,-0.2872184440271178,-0.4109456743204097,0.9846545859286702,0.6032917848298401,0.4268887648703344,0.13287073373057237,-0.15150087221474995,0.33179725492760637,-0.3466767843022456,-0.23196685471756556,34.52404785
PINC,2021-01-04,-0.3030052013308755,-0.4145482276188618,0.986292031755503,0.7038476209177464,0.6253040555723101,-0.2896195380775251,-0.04618851384057737,0.374680848276616,-0.05760926902271191,-0.22860266711583863,34.97158051
PINC,2021-01-05,-1.5926329176381515,0.09214087578254862,0.2973364102829361,0.22221214237511222,-0.44260466982320756,0.4875732077420741,-0.17705824915797863,0.5467648718872034,0.12411510146171885,-0.1914677177231654,35.91091156
PINC,2021-01-06,-1.756399038806077,0.15045587348902706,0.4256606570288648,0.25011625982825175,-0.5939332413739266,0.3734361581208798,-0.2888049294000801,0.6130471769631903,0.006456322456962256,-0.2080003304415725,36.52074051
PINC,2021-01-07,-1.680468682165183,0.0509570187774828,0.6284253801276336,0.07905146121832929,-0.4956406627508203,-0.07982881212481144,-0.2958885649884356,0.6281255184916974,0.17025183927703716,-0.10643966186299351,36.80597687
PINC,2021-01-08,-1.6913844499627626,-0.007416221811927288,0.6515904831941414,0.20316253018890118,-0.47150521579619736,-0.10668284696118269,-0.28861020417163075,0.643128293695236,0.11020089962857454,-0.14853691272268874,36.70761871
PINC,2021-01-11,-1.1112676494583968,-0.4157919384937761,0.29464391095827763,0.3890447292658511,-0.9187780129626396,-0.24334815784994873,0.15993061246203621,0.8294882152626748,-0.2878608769464659,0.003965149161509582,36.06828308
PINC,2021-01-12,-1.2819393888324764,-0.7509853569615896,0.33035353058481026,0.28647550964177393,-0.045763101718861526,-0.38826494880545276,-0.1053120562931017,0.48720273873538383,0.12210923936233715,-0.48570205229273233,36.12730408
PINC,2021-01-13,-1.0579262886035279,-0.7303382792058895,0.5124443875543995,0.0600281323474558,-0.10883761061957596,0.1984572054036837,-0.03089055814152242,0.40598806793093484,0.17529643479032078,-0.4091207115690795,36.21582413
PINC,2021-01-14,-1.0537114896097588,-0.6594398570775322,0.5111774056706654,0.23601245755079142,-0.24605840272691404,0.6576602711035306,-0.11294127137399483,0.24690639287671573,0.013118042430717595,-0.3143120662373932,36.34369278
PINC,2021-01-15,-0.9517510889478915,-0.9520217822984987,0.46672133019112955,0.2910811842457452,0.07240612332733494,-0.15670854439297308,-0.3271332611153725,0.33741128654449654,0.31154041317284703,-0.24160441008740374,36.2650032
PINC,2021-01-19,-0.2941576779882312,-1.2967664321085068,0.00298674093762548,0.3626205442007812,-0.32639911527166243,-0.2826243967408407,0.2643210804210428,0.5484588778019525,-0.10398208742410953,-0.17829523289553473,34.6420784
PINC,2021-01-20,-0.7379398502096184,-0.979577588445738,0.18035387924276847,0.48071371330576573,0.18178941536777066,0.37231813293168636,-0.02339508741840141,0.2050560536898241,0.1745604955799076,-0.347953216117918,35.03551483
PINC,2021-01-21,-0.14751792579992665,-1.4339152101970354,-0.1340646925339764,0.6527167742827582,-0.3041927816646929,0.2993060937231192,0.21863084741649533,0.4877876564847913,-0.2285184884425169,-0.15373082299034313,34.18962097
PINC,2021-01-22,0.3094480815321902,-0.8097461636899435,1.0446373654909518,-0.3451805185988646,0.4968143151425111,0.6087673010504027,-0.2031633802288224,0.13411329244028436,0.10599709269410573,0.044150887619254245,34.39618301
PINC,2021-01-25,1.4187256686201783,-0.9950984164025941,0.6499365778940378,-0.12797435849868288,-0.33321088475313543,0.35292172934799987,-0.02132611920868489,0.08673287182762944,0.051232211615061016,-0.27831126004474,33.89455032
PINC,2021-01-26,1.5129980412618775,-1.0716847174734196,0.6668997239904149,-0.0764258852838049,-0.10694033794311854,-0.00029616398228071825,0.016203821700116073,0.2175539729683636,0.35295487809613935,-0.339991053667153,33.76668549
PINC,2021-01-27,1.3628235743691541,-0.689587793975716,0.6746713871190728,0.1959778316202327,-0.350180938371667,0.8394904476877008,0.3045673941243726,0.12044238742771732,0.11233611819746701,-0.33229462373805596,33.68799591
PINC,2021-01-28,1.3889854423612047,-0.8856732977410217,0.5284992146992374,-0.2929727881475033,-0.1804574382811994,0.023422026577533842,0.07934319811473947,0.26496545468094507,0.46051259991697524,-0.4378517609654852,33.66832352
PINC,2021-01-29,1.4489350780171002,-0.9059711342333399,0.532395888608249,-0.24876196396301736,-0.19661390828889067,-0.05761536320316258,-0.07123940062787379,0.2676674786939231,0.26772972744680884,-0.403921770899993,33.31422806
PINC,2021-02-01,1.2397060450400943,-0.4517687859219537,0.6753086102350313,-0.05677166461974684,-0.266283939632733,-0.10405332996151859,-0.12726530341096703,0.2703966135435773,0.5373334500969577,0.029738974322720577,33.7076683
PINC,2021-02-02,1.0065791815402838,-0.00684360581764881,0.7871817052400306,0.12291283835536054,-0.5675947574333029,0.6586437341588952,0.27689102260336845,0.11722957859169929,0.3439195678996813,0.032975672931269275,34.89781189
PINC,2021-02-03,0.9188819621689728,0.15229665474061355,0.8460725175379147,0.28552150715132024,-0.5563850890144377,0.5073525485358998,0.42260048435796027,0.1284076630362761,0.2651463526280598,-0.13084624823476332,34.91748428
PINC,2021-02-04,0.9030702405736851,0.07819364518805048,0.8560075787262886,0.37804334962062197,-0.4361248923000051,-0.026723237472261203,0.22278799773290653,0.20389796994707896,0.24636344799317753,-0.056128562980458374,34.94699097
PINC,2021-02-05,0.8524146132567839,0.013070176387990436,0.7680916372261853,0.36383505024107643,-0.5082918326898318,-0.10763447566571306,0.11437173365984996,0.17222251279467057,0.05176318655157841,-0.06744592365098047,34.60273361
PINC,2021-02-08,0.9246716114756289,-0.17739561436790394,0.6564512721105724,0.4448939473346744,-0.2959465209065199,-0.5213185354062021,0.09960299236869583,0.1014713822575809,0.209230761055909,0.044428646884714186,34.6715889
PINC,2021-02-09,0.927871836334864,-0.3549095965963246,0.5298605015197434,0.4174633578628677,-0.3193178464519526,-0.45609944045044754,-0.02310622484194164,0.06074311536194302,0.15291964877374267,0.09777501210100603,34.4256897
PINC,2021-02-10,0.9359416539487959,-0.27507171322236296,0.5061886659321586,0.6028538414331501,-0.40018727891565115,-0.009879024138693727,-0.020628734821942316,-0.03233337949523998,-0.005232048874219401,0.09887479144089444,34.38634491
PINC,2021-02-11,0.3448161691883776,-0.5477292115812487,-0.2513087855375711,0.2541165569945219,-0.7019860719050662,-0.37178810986377675,-0.23980652725583831,0.14705609251135562,0.4922118862912481,-0.030219276607674272,34.44536209
PINC,2021-02-12,0.21423861048923903,-0.13998745037441607,-0.17674935755998872,0.5374009642633771,-0.9502805248238927,0.39435463217947164,-0.057489896014099054,0.005869273756388007,0.19823821661331048,-0.09746258286983525,34.6420784
PINC,2021-02-16,0.3248324894652134,-0.26518362652086047,-0.34055509959069097,0.5970302844716866,-0.8468968795885329,0.3666965414464097,-0.00818970192884172,-0.10299455514386482,0.06598435600179228,-0.13687877026208414,34.18962097
PINC,2021-02-17,0.5293142302644828,-0.7648520121181016,-0.4663008859786027,0.5634523956388693,-0.4787475053148124,-0.41986868775392056,-0.14370072212234597,-0.03032193749032849,0.1895702447055982,-0.3029814367747869,33.78635406
PINC,2021-02-18,1.5425680503750034,-0.749782830503117,0.25828641572731353,-0.3131039903263446,-0.13877103726437012,-0.2549407965821988,-0.0757074147698857,-0.07709929415207824,0.009492714162684945,-0.15042350160635287,33.04865646
PINC,2021-02-19,1.493967109113413,-0.48702732982589114,0.2937419714705077,-0.08542231146505208,-0.19786445569280106,0.18961939026511407,-0.03163164817791081,-0.1309629427135844,-0.024818765507865225,-0.1551050049681727,33.27488708
PINC,2021-02-22,1.2060196896731825,-0.05099410777118173,0.4639216826319268,0.23514146162891672,-0.24588836115533913,0.13016916546612897,0.017319144826267556,-0.10435648551031923,0.27583803436110876,0.16464507088343358,33.87487411
PINC,2021-02-23,1.083893538808681,0.23598268685148358,0.587025109112144,0.4404710144338283,-0.4149294787484835,0.39209235765862044,0.055603900635028375,-0.11164486922425766,-0.027006626837682474,0.02127694211797312,33.7076683
PINC,2021-02-24,0.9862744240120246,0.3740219943419082,0.5983152892544917,0.49200355488431896,-0.4611442808588984,0.230164049559597,0.025907362892828942,-0.028921255319359653,-0.1875408221641355,-0.05661013436126205,33.61914444
PINC,2021-02-25,0.9635853271417241,0.04410416675927097,0.5013076224299462,0.36979096511134746,-0.2461635710019983,-0.6122310975803678,-0.06421379651697798,0.06387686483321363,0.06695178907156732,0.060357575034337335,33.63881683
PINC,2021-02-26,1.0325967721194207,-0.08527495664305323,0.4288684913614296,0.4842128137701722,-0.18382498767602662,-0.5776474690560972,-0.05899477156037076,0.03020007331628919,0.05536231790129354,0.09403532064000382,33.4508934
PINC,2021-03-01,1.2834804076846875,-0.5363578775956563,0.10141248019324109,0.3473862430407227,-0.015468147154777408,-0.5036310078683728,0.04862536053577722,-0.05590581189312872,-0.17285400355449043,-0.31134820134567526,32.9266777
PINC,2021-03-02,1.3500828489975116,-0.568011133309118,0.01839387876421944,0.5261323357891565,-0.06300329343811233,0.026314713547982514,0.04698248662576077,-0.16211473466315793,-0.27303169789460313,-0.2470322851460653,32.90689087
PINC,2021-03-03,1.6590942087781795,-0.6511197524030138,0.16449362350671426,-0.22997934649309806,0.010977724525787024,-0.197622274182585,0.027007556096738106,-0.04727263953043678,0.13866269425463393,-0.10987670001035905,32.74864197
PINC,2021-03-04,1.7304874374281727,-0.6516133582272503,0.16922869814039354,-0.14368685282314658,0.07634370416362635,-0.17153495476925926,0.05972031774045526,-0.06583980496580594,0.18246003901889946,-0.15002604999811878,32.36289597
PINC,2021-03-05,1.3690394640565304,-0.06654506046102812,0.46151246762230486,0.20662264759694904,-0.04948275818269538,-0.20795799774706916,-0.10503753855520288,-0.027272845542586605,0.5702209913195964,0.29905464972476986,33.44100189
PINC,2021-03-08,1.0118782558220212,0.5932863097756947,0.6228504165172494,0.4081813102841434,-0.385971012131923,0.4392620976859273,0.265396222917479,-0.11407148251093727,0.389830950839933,0.3321072522725248,34.133358
PINC,2021-03-09,0.8296560419987034,0.5270837475423431,0.3527901003426988,0.015063886845776532,-0.6147165617244901,0.2352867640101857,0.12759800953843903,-0.02206020780054175,-0.15481379457370162,-0.045265893749133264,33.16405487
PINC,2021-03-10,0.8151294767647581,0.38991672476204575,0.34449938062577856,0.09005327557531455,-0.448599282462188,-0.23095192297540082,0.060489096918638074,0.049779061338492775,-0.0436109459758649,0.05281770854483721,33.61903763
PINC,2021-03-11,0.835164165939449,0.27324584446032557,0.3179437194017264,0.21328110507941095,-0.4297305878724368,-0.2419562774658284,0.02081380848513603,-0.0008532281677797115,-0.11501239715966287,0.08728378785860641,33.54979706
PINC,2021-03-12,0.8124786244921459,0.2746356747400766,0.3285725379015129,0.3415605992203072,-0.3956167532142511,-0.2243675014510416,0.07834835707565087,-0.03418930077903855,-0.05896871405761901,0.12424500563384402,33.83663177
PINC,2021-03-15,0.8177487535819395,0.3493588939828827,0.2713180228796672,0.5236429644363556,-0.4437936065376601,0.1973626831543589,0.22415723798529263,-0.1459302156713124,-0.2194229355588568,0.07700211359151729,33.7179451
PINC,2021-03-16,0.9090638247922098,-0.035014199588187474,0.24750053705245753,0.5685739872886088,-0.1586354036661778,-0.6080282651023474,-0.033276448432453413,-0.07045956769989074,0.04913944082582423,0.1843875335711562,33.5893631
PINC,2021-03-17,0.9293937935137278,-0.10148972485084921,0.2466151806485911,0.6433840978819106,-0.1755396405461288,-0.5830790404069659,-0.11359657057692132,-0.09174334370695353,0.039070323935040674,0.23672862044232054,33.62892532
PINC,2021-03-18,-0.02424927538517892,-0.21622218994461026,-0.330173459412328,0.2611502187809495,-0.019951346204337264,-0.38777407201659886,-0.6019076155054993,-0.37208960802640806,0.46791314234819326,-0.29758953337358224,33.44100189
PINC,2021-03-19,0.5555536955105859,-0.650600773775772,-0.6579492498811416,0.4631960574729011,-0.42970955446627834,-0.45483266247580806,-0.21764130242294005,-0.0685254837820164,0.12825987795317653,-0.1646456582016022,32.94645691
PINC,2021-03-22,0.5311861043286424,-0.6031533774361193,-0.6619513818612238,0.670016231006544,-0.36066564880496793,-0.36119416991213676,-0.24783163570703087,-0.08394436352611619,0.3973485657628557,0.13150177522623474,33.13438034
PINC,2021-03-23,0.5614399526637603,-0.6670899996167966,-0.6656850992717539,0.7791871009381021,-0.35743652757826777,-0.3227018220758247,-0.34099187546030657,-0.1081193110755782,0.38040986785688136,0.19027603954092462,32.96623993
PINC,2021-03-24,0.42791461908832573,-0.23042293437830538,-0.5460488707378722,1.0860557661025756,-0.603871996482146,0.4431422026704408,-0.2544376505302396,-0.21015283745708807,0.08925481482728724,0.07398541802977691,33.14427185
PINC,2021-03-25,0.30113433135867823,0.07472430671988756,-0.35291224190164827,1.212522564021355,-0.6286797716375865,0.30462864415755386,-0.20347754657350012,-0.16268005800305785,0.10233531365575338,0.01461447036351863,33.6091423
PINC,2021-03-26,0.4641294400124054,0.7211507304727476,0.9002360266492672,0.3266113881540283,0.17082900636834908,-0.08855154185103595,-0.4332753951423304,-0.39302982707414386,0.3546136700355776,0.02011206562988853,33.91576004
PINC,2021-03-29,0.367433184401103,0.8913431922455554,0.878982026952114,0.35955263362948997,0.007240299822777007,0.10461422438947794,-0.27365077422698364,-0.4352264127637401,-0.1976979388810108,-0.3103253341160831,33.82674408
PINC,2021-03-30,0.2381088049921265,0.6278745379877463,0.5941066222987977,0.032698061418513225,0.027824667169760186,-0.32085684973745443,-0.32644489189021264,-0.3200202438636711,-0.14753327147133302,-0.35427367234513646,33.59925461
PINC,2021-03-31,0.3680188086619543,0.2734906785384726,0.48852954070753685,0.07578697184134474,0.22996824939946867,-0.6316855734324586,-0.4329339863617093,-0.293683923251636,0.020833317890307942,-0.2511333286702926,33.4805603
PINC,2021-04-01,-0.3260241772713159,0.492023062374586,0.6862521122464553,0.29078765041642013,0.49070549763912236,-0.08326703655029136,-0.2083334558646419,-0.11950403967571042,-0.1465993497105761,0.5570138534102717,34.38062668
PINC,2021-04-05,-1.0263285540871045,0.3678172241339421,-0.28152202991078046,-0.31931972621107185,-0.14146806357104771,0.37242139013502945,0.07571804439587651,-0.07012448880067969,-0.1256350893015087,-0.037156750571716524,33.9849968
PINC,2021-04-06,-0.4678024968259777,-0.04635772041643916,-0.4929065542947797,-0.1672778952278277,-0.4838630188793381,-0.1948187865694515,0.24646796164318224,0.3446873828692782,-0.24603879696227612,0.26108282588229853,33.66849136
PINC,2021-04-07,-0.818181019776923,-0.01366104781908677,-0.3754252921546661,-0.16431493315958884,-0.054702574305159825,0.42747591814289926,-0.18297413184695546,-0.13614190263665152,-0.3089153763787078,-0.032124788120600926,33.67837906
PINC,2021-04-08,-0.3056990157625723,-0.4596133698853672,-0.6362809328260846,0.047854480979113545,-0.37981805223489706,-0.009971147446130528,0.08436985153950785,0.22241222795747387,-0.2344303518158655,0.42783774208476777,33.57947159
PINC,2021-04-09,-0.613771725615474,-0.5777987412029173,-0.5191746140926318,0.032224742154374715,0.3783987807354758,-0.189889380898493,-0.3119468420502589,-0.12960696523671697,0.17571192577755892,0.11445208537996694,33.76739883
PINC,2021-04-12,-0.8558691238675183,-0.037449172944255565,-0.40589641397830256,0.32855028779502604,0.08123773133146023,0.6307599398969957,-0.04503650162271439,-0.2543963163436754,0.022939489481368546,0.16236204682383448,34.26194
PINC,2021-04-13,-0.7886268673697052,-0.08950230454619632,-0.361104964415099,0.4027867464660601,0.09340758383266512,0.5090229294739977,-0.14179908339332253,-0.25104100027232945,-0.1978903322401901,-0.04306087341718851,33.93554306
PINC,2021-04-14,-0.8338012399615871,0.22243689001151984,0.033662533398465665,0.1518097482554487,0.08301318774373909,-0.012261950440372508,-0.2346586724386474,-0.13118123051138886,0.04765912352860461,0.18304886546065374,34.56855774
PINC,2021-04-15,-1.2892515819561332,0.557517822470821,-0.14514852086452182,-0.1409090836625464,-0.29057887029330837,0.31726634035418433,-0.12735198981656418,-0.07967285879552657,-0.030395066353109915,0.2728816005424928,34.75648117
PINC,2021-04-16,-1.3581098205938098,0.5063318398423504,-0.1535529224643879,-0.11948768767746461,-0.15121993625825805,-0.18558916829917974,-0.019537595780349873,-0.009502055435165392,0.0954178071882055,0.1927896491786466,34.79604721
PINC,2021-04-19,-1.4142467811627717,0.5192945710686023,-0.2317052088796157,-0.05966838036776366,-0.0929786453850537,-0.21191759786533115,0.14797301257178994,-0.05319860871664566,0.12338092237506888,0.17080924637527517,35.02353668
PINC,2021-04-20,-1.4793606762220903,0.572125306409384,-0.24764009041278032,0.05983534064248051,-0.24498070876029548,0.19264450148557205,0.1618575636925477,-0.12579285628364953,-0.09157596928039198,0.14036078597495563,35.02353668
PINC,2021-04-21,-1.49386237387521,0.5471004256720479,-0.2447115370139735,0.20244113325166851,-0.19324120242190956,0.2053415644762182,0.20210520306603122,-0.15953574302141404,-0.056048801457184806,0.1494927548722265,35.27080917
PINC,2021-04-22,-1.2408165259975155,0.48425583699373076,-0.06691092072297744,-0.08915600460877758,-0.19508452364332685,0.2616433189758721,0.08988300782491247,-0.2002500114875203,-0.041618338904043865,0.23882964692473882,35.12244415
PINC,2021-04-23,-1.237227974424687,0.4688968011893704,-0.06541807146691814,0.051071543223823804,-0.1596683388247201,0.27270112147252024,0.10787141848142641,-0.22463667840411236,-0.01848722899768782,0.23750624226887912,35.24113846
PINC,2021-04-26,-1.084245958197088,0.19149685812427167,-0.2014070619993093,0.11041990772417977,-0.09738862838884126,0.30677672857363564,0.09304418628495932,-0.34902618978831995,-0.24191613718193178,0.06200692904875231,35.1719017
PINC,2021-04-27,-0.7629639048104163,-0.49547310138679973,-0.35654400587256435,0.04281714342529282,0.2882290971022092,-0.441439991801129,-0.14753803118225367,-0.28944306397062713,-0.05203133116516437,-0.0223906137138878,34.57844925
PINC,2021-04-28,-0.667454070730668,-0.6948401969471335,-0.42905736442063874,0.16962073358114682,0.3621769003872762,-0.31067470336274805,-0.2513648709452508,-0.34650856024190363,0.006185323514841931,0.08908619546982392,34.60811996
PINC,2021-04-29,-0.7165886766529811,-0.5469869125361511,-0.38793889703454865,0.38655834055715976,0.26934299650984866,0.15310070543078552,-0.20144306373172685,-0.4420038639653671,-0.040284374836667775,0.11968986649627793,34.92462921
PINC,2021-04-30,-0.7703758161890554,-0.23001970423102425,-0.27177519103416836,0.5260873232746979,0.14568232376923154,0.5097465356009048,-0.0021314783568052043,-0.4807898478445812,-0.14383422303410687,-0.01657583196386911,34.96419144
PINC,2021-05-03,-0.9225732627524406,0.03743374817329608,-0.06985705032668262,0.6446104461572524,0.24607686938299217,-0.049328616480390955,-0.06338207487239411,-0.36637745633734853,0.16857372465097345,0.1856084090829694,35.35982513
PINC,2021-05-04,-1.1276273762211784,-0.04721271959171014,-0.4716362433146561,-0.007473201166753402,-0.15947426021826983,0.3097188056177902,-0.06890885689124177,-0.34867975064006784,-0.4140650110065384,-0.17158394263724752,34.67736053
PINC,2021-05-05,-0.24545899191679177,0.09454848208252463,0.5365172945114891,-1.042705334262981,0.34526097069001854,-0.4255330413020875,-0.07391138118660219,-0.22460987247905095,-0.0907928857771191,0.2134189022362423,35.1719017
PINC,2021-05-06,-0.13245260839054054,-0.15960325328158712,0.42532298410101044,-0.9574094817753342,0.4032578735296571,-0.3573301393450906,-0.1001581388288991,-0.2871201291670888,-0.15202493724439764,0.23616504037680824,34.69713974
PINC,2021-05-07,-0.17238050814424125,0.019825232486832968,0.4487325661356527,-0.7505655735717304,0.32835207634764335,0.06847856527578658,0.0318277407823611,-0.35181064465678263,-0.23008228588046048,0.17776532270265336,34.83560944
PINC,2021-05-10,-0.07772278779794226,-0.1308392738394837,0.3448298174638214,-0.6486401699557561,0.3934920632880481,0.1310429540317074,0.05568198256125444,-0.4210065170466187,-0.2390678616863793,0.21427490472869165,34.61801147
PINC,2021-05-11,0.7747900803733095,-0.6685712237111336,0.11638769552310367,-0.9030367858609929,0.14427657224792942,-0.29572769909563723,0.5303097512027849,0.008231891475481222,-0.3256767902134011,0.2507906160903145,33.57947159
PINC,2021-05-12,1.2465774981505422,-0.4913630519575065,-0.005507468112811476,-0.5917721951218917,-0.34797157527807676,0.10590453088497499,0.27153543195734353,-0.32793945368501876,-0.11418464547370309,-0.10904824944896174,33.4805603
PINC,2021-05-13,1.2214291417606522,-0.4279967404296619,-0.010769957580811163,-0.3905495888285081,-0.27956215000638085,0.20186371580926651,0.2783369562577555,-0.33289964607774314,0.17590374492331767,0.14360729663915667,33.70805359
PINC,2021-05-14,1.2044045266807573,-0.35666622684603255,0.0331213635936875,-0.21920519404386218,-0.286490781242916,0.1933387055448004,0.15391780407895586,-0.3696612854834721,0.20825150972202777,0.1765330294319793,33.96521378
PINC,2021-05-17,1.187697382001613,-0.15318740301800007,0.04089611976009781,-0.004722343398841573,-0.39216770760605685,0.5456312519326627,0.1777025524207012,-0.46106770763567073,-0.04917560072224102,0.09325771429778891,33.62892532
PINC,2021-05-18,1.0698125462664478,0.4009869864407632,0.41563784701834583,-0.07932350669156792,-0.44741771414191484,0.45859922533164904,0.3040455852360972,-0.326535113980018,0.20527090645562407,0.14074987286934726,34.44987106
PINC,2021-05-19,0.9805130884155133,0.3881500339259198,0.4929944044493027,0.015238437033593559,-0.3435040210369659,-0.13685190799382052,0.3589537008920719,-0.26143199985345555,0.1968082047935233,0.09074395209302541,34.43997574
PINC,2021-05-20,0.8717353788846497,0.5464879326420816,0.5901355527643695,0.15435135512575598,-0.4113326627759764,-0.35951576412438163,0.2281962950396013,-0.22265500645904285,-0.06512032134594767,0.07057678396569664,34.30150604
PINC,2021-05-21,0.8424183132311959,0.5476566536791856,0.592644937364149,0.26130706307034335,-0.41808653520942846,-0.45591068348539215,0.1683684364824583,-0.20228498066626327,-0.20916050614449325,0.09893224586013276,34.3707428
PINC,2021-05-24,0.8849753821848524,0.3573581121953024,0.5439973617485158,0.34042814522533066,-0.23170762665236297,-0.8849602965474915,0.20058806837621732,-0.18977347579477075,-0.06785702540203822,0.11949758265459219,34.30150604
PINC,2021-05-25,0.8819279750829563,0.13465187859541627,0.3498926560045989,0.23277230756343806,-0.27867988532754,-0.7835096675525052,0.02842588808293066,-0.21167159231835778,-0.10718379710223146,0.22135674767559257,34.15314102
PINC,2021-05-26,0.8953412568689606,0.04221569700613577,0.33658039393263967,0.4068660887053005,-0.21409984817971128,-0.7082751143167201,0.007206183633254323,-0.2781678764298484,-0.008166449393672795,0.2991653233034636,34.42019272
PINC,2021-05-27,0.9817263807551488,-0.03739919402471596,0.2514684449968524,0.5476103106639143,-0.2975312461887465,-0.2117806467997224,-0.019987135971814958,-0.3832171172295739,-0.18809853958996256,0.29571043318275564,34.22237778
PINC,2021-05-28,1.5899554970262098,-0.4375564715249697,0.3074304215709331,-0.1995008247424904,-0.11367180392989967,-0.466580985800493,-0.06695042589461965,-0.32866839749039417,-0.13550867362043068,0.038620121371915346,32.82006454
PINC,2021-06-01,1.417171556294043,-0.3531271919560001,-0.19926125905640774,-0.6750438036980554,-0.17523382318946717,0.1648120300763061,0.612752575916599,-0.2817987406584709,0.0508550518075635,-0.24372377411569776,32.73055649
PINC,2021-06-02,1.452157100296826,-0.38681653208108435,-0.22600236488170514,-0.523813799631149,-0.10520271237551923,0.2346058077510425,0.5800233332782394,-0.3121619190110378,0.12895718725048824,-0.21120644766881003,32.9095726
PINC,2021-06-03,1.3131569569572918,-0.1281218690932492,-0.09057949203426376,-0.24686318332101748,-0.10897979566878722,0.2308974567639161,0.48623068637305267,-0.3134271824114336,0.4031335486519996,0.03833086010421407,33.35712051
PINC,2021-06-04,1.1550457749880214,0.21284009127554546,-0.017939019147775216,0.02098830554220802,-0.2832004465294039,0.5533152272110491,0.5284116208305035,-0.34797128956461354,0.1724668375393321,0.03330014481439103,33.08859253
PINC,2021-06-07,1.279892798368731,0.031018659095835278,-0.054001275870746775,0.036748300535454984,-0.07785905887653952,0.05387806287693428,0.5015803667239502,-0.2806662936686354,0.20359200647372822,-0.12339218093561186,32.84989929
PINC,2021-06-08,1.381462476543412,0.10421885185665712,0.18999752701629094,-0.202834172145708,0.031571423843704004,-0.4132510345022096,0.43527227754716274,-0.17077491218918145,0.4220802485439872,-0.02248891783613115,33.21788406
PINC,2021-06-09,1.0677883525450889,0.6992343331631363,0.3601428778560844,0.1359794252148605,-0.2909358744317371,0.24406185430022478,0.564004302180837,-0.23679228513423542,0.05375713285894742,-0.026920007975308146,33.48640823
PINC,2021-06-10,0.5812555634291056,0.867490647348393,0.6263887162053765,0.1062579665343545,0.3440457102572507,-0.21474170750503369,0.18577665997398513,-0.5081971734096369,0.22658706634755044,-0.4463213356961863,33.72510147
PINC,2021-06-11,0.5092957120088817,0.9463148207746619,0.6604967299772646,0.23564210274084094,0.3532625530763518,-0.34948916986974854,0.26131082045027754,-0.4762309458217991,0.1066848849169628,-0.5039598581212458,33.73504639
PINC,2021-06-14,0.7257842312815,0.9167811281275028,0.42672905137351735,0.3114558781841421,-0.2626574747460796,-0.5686942493695194,0.6493573967774665,-0.07376117353102829,-0.08558189815095256,-0.13972451891112136,33.81461334
PINC,2021-06-15,0.20370427243058858,1.2440870943914153,0.6669045047947757,0.4252181642359205,0.15735575145765396,-0.04877544036405329,0.3447194767364506,-0.4812803134259492,0.04543817891198567,-0.3360519328008276,34.00357437
PINC,2021-06-16,0.5556314741693527,1.126362566117142,0.510235847859396,0.69373547008489,-0.3164627635355808,-0.1648143954676217,0.9134625147150686,-0.1313354919872223,0.013373271912135287,0.012697295696369125,34.31188583
PINC,2021-06-17,-0.25362667057702437,0.8178585847707575,-0.4280282197098286,-0.06569708993020495,-0.8353021155716677,-0.5173715794780743,0.6184416804118218,0.0805899399911534,0.450923457238857,-0.1064002858485344,34.33177948
PINC,2021-06-18,-0.10587933224927985,0.5521877377824913,-0.5320124658003693,-0.01578579017425975,-0.7808956221056363,-0.523980860429728,0.565933805778598,0.02199324006195569,0.17210394663235204,-0.3500473326915162,34.04335785
PINC,2021-06-21,-0.43805230024447134,0.09915346405751191,-0.546047243986602,-0.06232230680749607,-0.15542754882601081,-0.7608882529793494,0.7395442606320797,0.25891781977016565,0.03371916286539755,0.1612141829210351,34.1825943
PINC,2021-06-22,-1.027131245239458,0.2730880602268607,-0.4596056531498832,-0.28671807017345,0.2572520461784209,-0.5551076588846181,0.30439620442361576,-0.08031087555662228,0.3922080156615992,0.0436883468595662,34.47101212
PINC,2021-06-23,-0.46850926028286993,-0.11957889491550318,-0.7395442237349948,-0.14368731316665023,-0.24071171737126393,-0.674393662245626,0.6213312046815448,0.24034123877428945,-0.004284410718515777,0.14564037684169745,34.05330658
PINC,2021-06-24,-0.4444335833763478,-0.23565306351311732,-0.7690846561613337,0.03422564265865596,-0.15254268805520044,-0.5873784235418786,0.635292007786121,0.1598390835921796,0.05340425229316021,0.25025198385134984,34.15275955
PINC,2021-06-25,-1.2322114239726303,0.4336640268627627,-0.5539723401133486,0.007007406639645241,-0.06499928459207513,0.4225742366954133,0.3393663940571867,-0.2829843778131475,0.17307053496134348,0.2496603021112035,34.98817825
PINC,2021-06-28,-1.1628422375767817,0.18946746357147354,-0.5770432962976568,0.04382829637241936,0.1141687133811615,-0.05396567371125536,0.37312217196394054,-0.3058555328240709,0.09043691917667726,-0.023602297105966535,34.68981552
PINC,2021-06-29,-1.2424918080158847,0.2732380786189579,-0.5674264870969482,-0.014797290635325396,0.06469584056774404,-0.11045607285354361,0.37848008539091416,-0.276487570861764,0.04650756947261063,-0.06706553948443576,34.68981552
PINC,2021-06-30,-1.0054591449362644,0.11528781783200709,-0.5316573088950539,-0.1443771321161976,0.16369497816026107,-0.12067459717304416,0.370341286886788,-0.2875102354496429,-0.023751771175070928,-0.1945609040851986,34.60030746
PINC,2021-07-01,-0.9651519327877677,-0.08015200191802441,-0.5362153589363793,-0.06017740461551326,0.2894464038581849,-0.5312585923609651,0.2038558582724188,-0.2777945779344845,0.09186041757642978,-0.09446974970063131,34.67986679
PINC,2021-07-02,-1.3907751973388145,0.5554018479669939,-0.48394875196914544,0.10194159131046679,-0.10028795600686341,0.28735075000953947,0.37202071577183404,-0.3277196463020914,0.06602447934923424,0.17104085851342982,35.20698166
PINC,2021-07-06,-1.3379809238477443,0.5931526542595995,-0.31070616105820587,-0.1420236510716507,-0.017045990403600008,-0.1927411992691423,0.33297886510626284,-0.24064685885748563,0.22501026703324498,0.17306152500735514,35.24676132
PINC,2021-07-07,-1.3337835571589687,0.5933900873520955,-0.37924740977730853,-0.09578637252250756,-0.1601483950151402,0.12551318008423823,0.41153676448233606,-0.3195183873378292,-0.2644207324907225,-0.15495586233616768,35.07768631
PINC,2021-07-08,-1.086675901682874,0.006457894113924739,-0.5150191077687439,-0.11927421407039693,0.24862557021786308,-0.6525698971219523,0.30322567988618115,-0.24159297944249133,-0.004926190220633733,-0.22135286113474045,34.94839478
PINC,2021-07-09,-1.2979152126752365,0.29268367922444316,-0.4230890695938099,0.1726593501952492,0.06532794376592409,-0.16001436141083364,0.32320295393952575,-0.3269953018237857,0.13816244787606552,0.1901591887770576,35.32632446
PINC,2021-07-12,-1.2556778178003893,0.35619341210341643,-0.31674108909704457,0.18026393969595977,0.09129637300510472,-0.1451382394281814,0.38065513120510786,-0.3364184417895852,0.21557351050892526,0.17590151142940805,35.455616
PINC,2021-07-13,-1.164202607822885,0.12988293779842341,-0.5721246254336134,-0.022010678772169476,-0.03846806572620128,0.23811785378836867,0.4124057424868407,-0.39549276596950234,-0.31782151135627074,-0.33290164706522873,34.8489418
PINC,2021-07-14,-1.066767242793076,-0.01914950949717959,-0.5072671153363015,-0.06680641511937851,0.12452499559931812,-0.12328944017155637,0.3300565737847548,-0.33447521505687505,-0.07297376958090539,-0.22109102984477458,35.15724945
PINC,2021-07-15,-1.239112908423009,0.012319257862647879,-0.5419649216033742,-0.013998135014429617,0.021101267933538094,-0.06254665617883637,0.3033965585789675,-0.36150215385203954,0.0059158589904436025,-0.02432912617151173,35.44567108
PINC,2021-07-16,-1.2320380334407366,0.016952241807854495,-0.5274070188550051,-0.01796784828389764,0.006741280088861282,-0.07004545077466885,0.3010680364047239,-0.36374491418106036,-0.017062688391059774,-0.06699898016043165,35.22686768
PINC,2021-07-19,-0.9778566988693171,-0.147387280146096,-0.5001820838080168,-0.140655695491066,0.143076028040489,-0.036150495720603505,0.3551182089723017,-0.36274985937532356,-0.009636433419135788,-0.22303970384312455,35.07768631
PINC,2021-07-20,-1.1971878478401634,0.07666591581696507,-0.5259426746068773,-0.023932811495121567,-0.036730953296485,0.44106534269148395,0.5631142578751893,-0.3955048739185751,-0.0025829069675404673,-0.14838518622769278,35.39594269
PINC,2021-07-21,-1.2061957175859301,0.028055356232030856,-0.4754510304234868,0.11531341481892829,-0.08685031068076426,0.42581280391853954,0.3220070372199406,-0.42621155027641344,-0.10219855277992733,-0.046477881341509604,35.455616
PINC,2021-07-22,-1.0915349369165093,-0.12670835229001956,-0.4147924132371329,0.09815573159536331,0.11946407310541979,-0.033489106761407955,0.3098677374741261,-0.3581385401616456,0.036938186035911875,-0.1899516548501018,35.50534439
PINC,2021-07-23,-0.8930771832380298,-0.20902952614827522,-0.32387667627356037,-0.0731126454244547,0.14443976799302138,-0.02281810267902652,0.2759787736929634,-0.3419165388308215,-0.015013258981861186,-0.20876096615857734,35.16719818
PINC,2021-07-26,-0.797002588622694,-0.4834300674092784,-0.39515320092841183,0.0009024136119565159,0.3411091585280887,-0.37026881885775786,0.26062829780895125,-0.30789658357283956,0.1772213722484405,-0.162647621996342,35.10752487
PINC,2021-07-27,-0.8141785728770029,-0.5450364234409512,-0.3567235898807702,0.15755486515126355,0.36270389047519414,-0.30740546335734986,0.18336238396648755,-0.30425531515183535,0.25046834974131055,-0.0735184978337534,35.38599777
PINC,2021-07-28,-0.9048901587855187,-0.3035993415426446,-0.26326342931378516,0.3763841692027365,0.23859128938888477,0.04996530575241703,0.2635047439182109,-0.34106853046382407,0.09615099162547436,-0.17316195096918105,35.455616
PINC,2021-07-29,-1.016181482734876,0.1959505883882804,0.037104613910352774,0.3648767227116209,0.012104289419901751,0.36910876851217017,0.33684593315899336,-0.3185041845546938,-0.023296420034139894,-0.10841081214939988,35.54512787
PINC,2021-07-30,-0.9141004596436646,-0.03240386725345263,0.024307245855563746,0.3800829769725632,0.21369424436686973,-0.1462171936247013,0.36347528129213236,-0.2266293598392564,-0.007481595332850272,-0.3074896736737829,35.44567108
PINC,2021-08-02,-0.8948802167616774,-0.20375306662008902,0.07780526577686846,0.45670948806581213,0.19832046413525778,-0.6830860176251644,-0.26590325671536674,-0.20627405866492662,-0.16538374912253406,-0.06522707525509193,35.48545074
PINC,2021-08-03,-1.5226303837350947,0.3083500039501077,-0.11598811953524565,0.15012423299011246,-0.41589199746424255,0.21679599746435269,-0.1793301401722643,-0.17027896439329357,-0.2157914932096728,0.2132872227184955,35.79376221
PINC,2021-08-04,-0.9405914649309828,-0.11796106102125602,-0.016966673589884008,-0.3970051304571759,-0.27969894196405576,0.3202842551452096,-0.1870419462273551,-0.200268816412498,-0.4001839399705577,-0.1313971775755244,35.22686768
PINC,2021-08-05,0.4777106835232961,-0.7181889830198552,0.34035581309441204,-1.0649708497333403,-0.20092647355144094,-0.4065244726102041,0.19438378845121726,0.16515157238008782,-0.5318954859641702,0.25918394655491545,34.67986679
PINC,2021-08-06,-0.15577129546530816,-0.24547635704545354,0.6335872853629266,-0.8098475607274999,0.19064006767048547,0.20294895257113169,-0.2034450440167669,-0.275853952499576,-0.1826510627702071,0.281739824299711,35.54512787
PINC,2021-08-09,0.17453024426566036,-0.21592062898001343,0.5381181604136567,-0.510332965838283,-0.33922435299487425,0.0046505893845328545,0.2239447488967043,0.08454030364726985,-0.31377581666191395,0.5653009296665992,35.39594269
PINC,2021-08-10,-0.34828011548200455,0.10511251556745563,0.865720144390722,-0.4747333074783843,0.16262567675632383,0.002767776577395187,-0.14271858378795257,-0.16798764474563344,-0.24485866040135146,0.0860799831327872,35.75398254
PINC,2021-08-11,-0.5117122247856968,0.2629814383526684,0.9430003629723986,-0.2997833093903761,0.08971420201231291,-0.11405968242450534,-0.11872615838818149,-0.10590587526559966,-0.3509407489803067,0.1432954459654815,35.66447067
PINC,2021-08-12,-1.2247586767936347,0.26651965688352797,0.329922418782388,-0.5082133582210889,-0.35637359058637386,-0.2078117793996748,-0.19090351142912432,0.06273479106569559,-0.08724766060529195,-0.06229739905454003,36.02251053
PINC,2021-08-13,-1.2662867108015128,0.313342627425791,0.2506395204834997,-0.4370306146138368,-0.4450925872378097,0.21745686225344438,0.08264548734193279,0.006155026477128972,-0.23066952800087487,-0.1777404511224854,35.87332535
PINC,2021-08-16,-1.1708506363465871,0.047939220841515896,0.1818192206722643,-0.3579374312114671,-0.28103760368892805,-0.17332276078607775,-0.1361875747240792,-0.005999281698308656,-0.13806838055819864,-0.06259545335391108,35.78381729
PINC,2021-08-17,-0.7240154226808609,0.1139564553592226,0.6604800547334451,-1.0775737300685815,-0.06925876251867454,-0.38948427293837096,-0.19816894184668998,0.17449997200529158,0.2872501675256968,0.33269050670118044,36.48994446
PINC,2021-08-18,-1.3671247045958044,0.4765434691072659,0.715562804773019,-0.6900517018243766,-0.6287902370076075,0.27499077283494633,-0.17762210624010552,0.00939031804613924,0.14412765304870198,0.26108719026457283,38.16078186
PINC,2021-08-19,-1.382872291171507,0.3324189963165125,0.7537444639597264,-0.6206744676953155,-0.5131475757305888,-0.23925759950036032,-0.1421788419139706,0.03946227939086044,0.16224962306689922,0.1839172305948898,37.54416656
PINC,2021-08-20,-1.299599456102337,0.16773760533104864,0.6931934148122207,-0.5675019062178209,-0.46041231496911006,-0.2797646100619685,-0.1145278163290648,0.029476263473951023,-0.07016732694656774,-0.0632232469019917,37.49443817
PINC,2021-08-23,-1.372788479367344,0.24660138350680053,0.7105157178797715,-0.365045534116403,-0.40437002412555745,-0.2767623526088037,-0.027590703605735917,-0.009105500903588023,0.14266753709641364,0.15454746929097915,37.59389114
PINC,2021-08-24,-1.3954638456058575,0.18541615418711901,0.7548043279492053,-0.16740279147853784,-0.5257112415815777,0.2134298597876888,-0.009112630662527647,-0.10185662420703417,-0.007443991661365204,0.18964892624887114,37.70329285
PINC,2021-08-25,-0.9623146561636011,-0.6979695432906083,0.5088372546369087,-0.30491423577939514,-0.11587750754403167,-0.4649718291332491,-0.19686018853777873,-0.08162290004600126,0.05378997817368191,-0.05951151848082177,36.98721695
PINC,2021-08-26,-0.7995263715806141,-0.9063599381739119,0.34905882850102526,-0.17703014179449975,-0.1378877051191671,0.16880032231913497,-0.22683605669123788,-0.21014908371859936,-0.03003574636616894,0.03404907420244359,36.68885422
PINC,2021-08-27,-0.6621522976496481,-1.169531614620948,0.2288144350078841,-0.07432360493420148,-0.036245375449820066,0.3679391728646026,-0.2314536984138908,-0.2899815772036218,0.10347987466332659,0.12988806726348784,36.63912582
PINC,2021-08-30,-0.5683212536073259,-1.25398210886342,0.1372151927367699,0.05413974536302864,0.04207297272817404,0.4609376931262286,-0.2455694796485797,-0.3987350752212228,0.18269315276952253,0.19579756498525644,36.47999954
PINC,2021-08-31,-0.7053750908778733,-0.8770660367914681,0.37278589902955145,0.3866907239578744,-0.11518933572298788,0.9123999288074338,-0.3250372583978018,-0.44205794367479134,0.28893050016679406,0.16224697832498497,37.18000031
PINC,2021-09-01,-0.6904232904238109,-0.974677071949428,0.39183994623666957,0.451881741124271,0.018573959010244556,0.36419160068184975,-0.36304530941553304,-0.33343237678383464,0.1845983113690163,-0.005588084311075126,36.70000076
PINC,2021-09-02,-0.8294065033210465,-0.7244985921278665,0.5050300772733591,0.6270546511190673,0.01684630598703299,0.2018247114707636,-0.32353241510910163,-0.28836554503400774,0.13514997360475905,-0.05492977620448849,37.04999924
PINC,2021-09-03,-0.8409625976721193,-0.7719374767526002,0.47395828631760095,0.7199264500299624,0.02329336406393956,0.08966251820608928,-0.274656194359109,-0.256694614634317,-0.04882537709841584,-0.08019494381492222,36.93000031
PINC,2021-09-07,-0.9648997966377632,-0.3720061198232645,0.5110051726802722,0.8878351408074011,-0.11536639902652751,0.34032261864282504,-0.13411112632840322,-0.3833745634286195,-0.25612643256620726,-0.09118295181799599,37.36000061
PINC,2021-09-08,-0.6002940120519746,0.06407396059072754,1.5342192122817526,0.3482849753451776,0.06512362807193857,-0.04671793817505314,-0.07717930206232015,-0.25197301995023613,-0.02965158206438653,0.5340917428919058,38.31999969
PINC,2021-09-09,-1.6480315641241305,0.21850262317749403,0.6832094551992158,-0.3884579335686022,-0.7968238553795458,0.2874458741699585,-0.05980407544795925,-0.09468026279771163,0.060640223614706126,0.22658411201868936,38.81999969
PINC,2021-09-10,-1.6853265018774313,0.11289678971163541,0.6952344191339775,-0.28743560260206524,-0.6363894861622714,-0.2219724447468406,-0.02031652733127479,-0.07781146971466701,0.16319802125639468,0.20879419471877736,39.13000107
PINC,2021-09-13,-1.5285006048475958,-0.14695283944218834,0.5252637889256304,-0.22925644864285763,-0.5379533121503576,-0.25883058978598783,0.07402397889397326,-0.2165486424906931,-0.12000030606987483,-0.06015076564377114,38.59000015
PINC,2021-09-14,-1.8085778748882133,-0.014288529111100349,0.6034846840464105,-0.20248319421596495,-0.6615704109243943,-0.23854681473670417,-0.012114383240111734,-0.15185665572312212,0.12405465508365751,0.18889772153636664,39.68999863
PINC,2021-09-15,-1.811320333447093,-0.14469516604444643,0.5506503676680058,-0.14374462093081783,-0.684684393682886,-0.2419065159450976,-0.025253387566732555,-0.21993351094991842,0.03500491341753394,0.16151393686766324,39.41999817
PINC,2021-09-16,-1.7272612782511654,-0.27818004818730474,0.4920992895493009,-0.05468657019958018,-0.6520117985573364,-0.27915280545651927,0.0011389046116181297,-0.28686961732659183,-0.18891553205606465,-0.06800575371746305,39.40000153
PINC,2021-09-17,-1.4783820099404403,-0.5756208741590367,0.32654859176863804,-0.054251061216661206,-0.5139195284221856,-0.2513714907753894,-0.02283241397995446,-0.2793903370896098,-0.2620895361043643,-0.31233678851544566,38.97999954
PINC,2021-09-20,-1.3288309506203133,-0.9399167914573453,0.14988555983411062,0.06918481519515561,-0.20293551633032086,-0.5080230446246493,0.01927601588470974,-0.42819605801931654,-0.005592977590017428,-0.12493369182711742,38.79000092
PINC,2021-09-21,-1.1676416985382811,-1.0710592636862069,0.15947063834653663,0.08854514023867231,-0.29696585142801196,0.07389461481955788,-0.06712813660154499,-0.5318262161206644,-0.11455557327673704,-0.043378463767156226,38.56000137
PINC,2021-09-22,-1.1161299259187463,-1.2279567909535989,0.15113323488900934,0.20862015979710508,-0.10664736685581608,-0.25564883943756944,-0.14420885626283997,-0.5342199838901278,0.17633711111743056,0.050672851319155145,38.93000031
PINC,2021-09-23,-1.1300949703593182,-0.8900810026212046,0.28180166304427434,0.326186495458122,-0.35600225291031407,0.5506733720102535,-0.0423309235173743,-0.6699602686232713,-0.13201602359548853,-0.02562737388031651,38.88999939
PINC,2021-09-24,-1.1136266698070767,-1.008028710315529,0.32704981597405125,0.3844174293386489,-0.07088489462391113,-0.3453839419050233,-0.1059918535820322,-0.5176381928253171,0.18388255447842983,-0.07278623999263086,38.84000015
PINC,2021-09-27,-1.1030259536748357,-0.9257207568550492,0.3371811652599107,0.4448657691578222,-0.031241464587812618,-0.4376715814445299,-0.015177077777956863,-0.5398437925396283,0.1233293481804712,-0.09028596254253832,38.81999969
PINC,2021-09-28,-1.1166217519764965,-0.8686729872665131,0.43343564923902683,0.5085057921757771,-0.05003208841572141,-0.5025409366950898,-0.06839802751758417,-0.5100032644249977,0.05384739236744898,-0.0857669793768925,38.90000153
PINC,2021-09-29,-1.1172787886308522,-0.8492387614066648,0.4928419936719947,0.5581705035106974,-0.06793126745354969,-0.5211282978199206,-0.06563111641471377,-0.5274197994930504,0.0443094950867134,-0.014171466007036686,39.11999893
PINC,2021-09-30,-0.3670907328982881,-0.7421729128043796,1.197348359939915,-0.03515453282094193,0.2078796339188477,-0.4396676625821361,0.04869245403632997,-0.5944727490585999,-0.18192674378375437,0.15286720277075314,38.75999832
PINC,2021-10-01,0.054227697061656546,-0.9122770330674472,1.2816004325984256,-0.4411617667022934,0.3150198242814363,-0.3411015804641061,0.08771915812849349,-0.5986989546014861,-0.252827357237257,-0.03974535542035771,38.27999878
