,Ticker,Date,SMA_10,MACD,MACD_Signal,MACD_Hist,CCI_20,ROC_10,RSI_5,STOCH_SlowD,STOCH_SlowK,ADX,AROON_Up,AROON_Down,BBANDS_Lower_Band,BBANDS_Middle_Band,BBANDS_Upper_Band,Chaikin A/D
0,aapl,2019-12-31,70.3765,1.9897,1.7359,0.2538,122.8712,11.1637,94.0259,85.4303,84.0097,47.2410,85.7143,0.0000,69.9654,71.5000,73.0346,74895469091.6198
1,aapl,2020-01-02,70.8684,2.1579,1.8203,0.3376,161.5191,15.7641,96.7291,87.0953,92.5057,49.1699,100.0000,7.1429,70.3645,72.2934,74.2222,75018579814.1664
2,aapl,2020-01-03,71.3048,2.2076,1.8978,0.3099,145.7214,13.6357,77.6001,89.3852,91.6402,50.9060,92.8571,0.0000,70.7600,72.6644,74.5688,74938847256.1625
3,aapl,2020-01-06,71.7928,2.2680,1.9718,0.2962,123.2599,12.8850,81.3433,91.6725,90.8716,50.0050,85.7143,0.0000,71.4559,73.1578,74.8596,75052162982.7392
4,aapl,2020-01-07,72.2603,2.2618,2.0298,0.2320,118.8033,10.2250,72.3519,88.8518,84.0437,49.4240,100.0000,0.0000,72.3264,73.4967,74.6671,74999994271.6236
5,aapl,2020-01-08,72.7337,2.3256,2.0890,0.2366,123.1027,13.5883,81.1965,87.4217,87.3498,49.6939,100.0000,21.4286,72.9957,73.9674,74.9392,75086903459.4665
6,aapl,2020-01-09,73.3593,2.4758,2.1663,0.3095,156.1231,15.3270,87.7621,86.3229,87.5753,50.9459,100.0000,14.2857,72.2420,74.4253,76.6086,75192903133.6529
7,aapl,2020-01-10,73.8631,2.5790,2.2489,0.3302,150.1690,14.6102,88.3164,88.6456,91.0117,52.3771,100.0000,7.1429,72.6329,75.0618,77.4907,75184616716.7071
8,aapl,2020-01-13,74.5331,2.7610,2.3513,0.4097,160.7243,16.7612,92.3946,90.9930,94.3919,54.1844,100.0000,0.0000,72.7615,75.9084,79.0554,75300267952.7776
9,aapl,2020-01-14,75.0551,2.7879,2.4386,0.3493,135.5113,13.6398,72.0894,91.1058,87.9139,55.8658,100.0000,0.0000,74.3994,76.6135,78.8276,75168370070.0483
10,aapl,2020-01-15,75.4915,2.7508,2.5010,0.2498,109.1634,11.2485,66.3802,85.2903,73.5651,55.7143,92.8571,0.0000,75.7342,77.0156,78.2971,75119805572.3367
11,aapl,2020-01-16,75.8589,2.7672,2.5543,0.2129,112.0022,12.4211,73.9001,75.6317,65.4159,55.6153,85.7143,0.0000,76.0797,77.2924,78.5051,75200899769.8620
12,aapl,2020-01-17,76.3843,2.8171,2.6068,0.2103,120.0739,13.9379,79.1234,70.7823,73.3660,56.0763,100.0000,7.1429,76.3722,77.7069,79.0416,75337979251.4166
13,aapl,2020-01-21,76.7980,2.7816,2.6418,0.1398,104.7131,13.0526,68.5154,73.9295,83.0067,56.5401,100.0000,0.0000,76.3790,77.6876,78.9963,75270162200.6691
14,aapl,2020-01-22,77.2744,2.7444,2.6623,0.0821,100.2484,13.6917,71.0532,80.1337,84.0284,57.1349,100.0000,0.0000,76.6692,77.9353,79.2014,75197967546.1895
15,aapl,2020-01-23,77.6701,2.7140,2.6727,0.0414,89.5985,12.4049,74.5282,82.6310,80.8579,56.3857,92.8571,14.2857,77.6090,78.3246,79.0402,75284804863.0701
16,aapl,2020-01-24,77.8842,2.6412,2.6664,-0.0252,91.9837,11.9745,68.3600,78.0933,69.3936,56.5489,100.0000,7.1429,78.0229,78.4761,78.9293,75178117477.5897
17,aapl,2020-01-27,77.8502,2.3699,2.6071,-0.2372,10.7611,6.5676,33.3053,66.9922,50.7251,51.1371,92.8571,0.0000,76.1664,77.9935,79.8207,75207497016.7791
18,aapl,2020-01-28,77.8682,2.3023,2.5461,-0.2438,63.1363,9.6239,58.2776,54.6203,43.7421,47.6477,85.7143,7.1429,76.1960,78.0488,79.9016,75332633988.0858
19,aapl,2020-01-29,78.1559,2.3539,2.5077,-0.1537,125.9077,11.2582,69.2338,51.0679,58.7366,46.3836,100.0000,0.0000,75.9256,78.3764,80.8272,75314221338.6855
20,aapl,2020-01-30,78.4650,2.3583,2.4778,-0.1195,101.0029,10.2912,67.6641,60.4733,78.9410,44.3712,92.8571,78.5714,75.8605,78.6053,81.3502,75430521308.1182
21,aapl,2020-01-31,78.3236,2.0523,2.3927,-0.3404,12.2623,3.0498,36.2629,66.7313,62.5163,40.1185,85.7143,71.4286,74.8808,78.1711,81.4615,75264775568.7963
22,aapl,2020-02-03,78.0752,1.7724,2.2687,-0.4962,-55.4099,3.7757,35.0590,61.3699,42.6522,37.5229,78.5714,100.0000,74.8322,78.1568,81.4815,75289630655.0802
23,aapl,2020-02-04,78.1314,1.7335,2.1616,-0.4281,48.5066,6.3542,56.6328,47.2971,36.7228,33.7736,71.4286,92.8571,74.8667,78.2141,81.5614,75390331362.9690
24,aapl,2020-02-05,78.2239,1.7344,2.0762,-0.3418,104.1234,7.7281,60.7876,45.9391,58.4422,31.4210,64.2857,85.7143,74.9929,78.0715,81.1500,75373765138.1328
25,aapl,2020-02-06,78.3715,1.7893,2.0188,-0.2295,126.0564,7.2628,66.5760,59.5168,83.3855,29.3949,57.1429,78.5714,74.8952,78.1376,81.3800,75478765575.1401
26,aapl,2020-02-07,78.4329,1.7252,1.9601,-0.2349,80.0662,3.6075,54.7311,76.8375,88.6847,27.1783,50.0000,71.4286,75.9498,78.6946,81.4395,75449562496.5626
27,aapl,2020-02-10,78.7628,1.6853,1.9051,-0.2199,48.8141,3.8648,57.9612,85.7733,85.2497,24.7945,42.8571,64.2857,78.3409,79.3688,80.3967,75558911356.5626
28,aapl,2020-02-11,78.8291,1.5965,1.8434,-0.2469,74.7520,1.0787,52.0373,81.3322,70.0622,22.5845,35.7143,57.1429,78.5961,79.4442,80.2923,75497301457.3682
29,aapl,2020-02-12,78.9191,1.6585,1.8064,-0.1479,140.5244,4.8955,68.0212,77.2434,76.4182,21.4125,100.0000,50.0000,78.3480,79.7668,81.1856,75610240582.1104
30,aapl,2020-02-13,78.9631,1.6422,1.7736,-0.1314,118.7368,4.5968,60.3089,75.1232,78.8893,20.3577,92.8571,42.8571,78.3391,79.7886,81.2381,75615852807.3970
31,aapl,2020-02-14,79.3633,1.6123,1.7413,-0.1290,103.8399,3.3282,60.5011,81.2464,88.4318,19.2379,85.7143,35.7143,78.6954,80.0319,81.3684,75643239948.9827
32,aapl,2020-02-18,79.6373,1.4531,1.6837,-0.2306,-14.0187,0.3255,41.7189,78.0247,66.7529,18.7959,78.5714,28.5714,78.3054,79.9058,81.5061,75751421726.2601
33,aapl,2020-02-19,79.7742,1.4030,1.6276,-0.2245,65.9509,2.4730,55.2136,72.7601,63.0955,16.9636,71.4286,21.4286,78.7584,80.1041,81.4498,75806331394.4982
34,aapl,2020-02-20,79.7648,1.2823,1.5585,-0.2762,33.9307,1.0610,45.7070,60.5355,51.7581,15.8025,64.2857,14.2857,78.5523,79.7628,80.9733,75771039614.9109
35,aapl,2020-02-21,79.4834,1.0300,1.4528,-0.4228,-70.7778,-1.7000,31.0934,53.4994,45.6445,16.5561,57.1429,7.1429,77.1172,79.1783,81.2393,75707816253.0030
36,aapl,2020-02-24,78.9431,0.5273,1.2677,-0.7404,-258.2071,-6.0986,17.0871,42.5509,30.2502,20.0561,50.0000,100.0000,73.4032,77.8543,82.3053,75751660812.8939
37,aapl,2020-02-25,78.1154,-0.0718,0.9998,-1.0716,-261.2178,-6.5308,12.3600,30.4986,15.6011,23.4787,42.8571,100.0000,69.6457,76.3250,83.0043,75575842629.9674
38,aapl,2020-02-26,77.4487,-0.4502,0.7098,-1.1600,-199.0368,-7.6603,24.2177,20.5345,15.7523,26.5590,35.7143,92.8571,68.7289,74.7933,80.8577,75591907359.8457
39,aapl,2020-02-27,76.1213,-1.1189,0.3441,-1.4630,-235.4110,-15.4658,14.1793,13.0253,7.7226,30.3953,28.5714,100.0000,66.0975,72.4797,78.8618,75298838506.6174
40,aapl,2020-02-28,74.8475,-1.6333,-0.0514,-1.5819,-213.4438,-15.3927,14.1181,13.7852,17.8807,34.6920,21.4286,100.0000,65.5272,70.5167,75.5062,75530100119.3637
41,aapl,2020-03-02,74.2010,-1.5156,-0.3442,-1.1713,-81.8339,-3.2248,53.7751,22.8296,42.8856,33.8666,14.2857,92.8571,65.4770,70.5478,75.6187,75795791316.3233
42,aapl,2020-03-03,73.4671,-1.5933,-0.5941,-0.9992,-71.9018,-6.0403,44.2509,42.1062,65.5522,32.7147,7.1429,85.7143,65.4991,70.6092,75.7192,75599893209.0056
43,aapl,2020-03-04,72.9508,-1.3713,-0.7495,-0.6218,-37.7579,-4.8241,57.5430,64.8654,86.1583,31.6779,0.0000,78.5714,65.0152,71.1082,77.2012,75790900563.8506
44,aapl,2020-03-05,72.2737,-1.3755,-0.8747,-0.5008,-53.6329,-8.6562,47.2406,77.6003,81.0903,30.9478,0.0000,71.4286,67.0454,72.0677,77.0899,75672918607.4390
45,aapl,2020-03-06,71.6797,-1.4398,-0.9877,-0.4521,-77.4475,-10.9113,43.3936,79.8749,72.3762,31.3997,0.0000,64.2857,70.1728,72.8427,75.5125,75814662473.3329
46,aapl,2020-03-09,70.8881,-1.9247,-1.1751,-0.7496,-135.5585,-16.8297,27.1516,65.3228,42.5019,33.2641,14.2857,57.1429,65.2900,71.2284,77.1667,75648392275.8502
47,aapl,2020-03-10,70.8203,-1.9046,-1.3210,-0.5836,-82.7202,-11.2611,47.6794,50.0777,35.3551,33.3950,7.1429,50.0000,65.0831,71.0315,76.9800,75896913862.8167
48,aapl,2020-03-11,70.3945,-2.0626,-1.4693,-0.5933,-92.5141,-13.8231,40.3349,36.7342,32.3456,33.5129,0.0000,42.8571,64.8688,69.6808,74.4929,75836105814.3405
49,aapl,2020-03-12,69.7691,-2.6994,-1.7153,-0.9841,-163.8197,-24.1351,26.3887,32.5494,29.9475,35.3639,0.0000,100.0000,60.2179,67.4706,74.7232,75426381658.6722
50,aapl,2020-03-13,69.8831,-2.5809,-1.8885,-0.6925,-95.6527,-14.4365,50.0113,33.2656,37.5037,35.3623,0.0000,92.8571,60.6094,66.9236,73.2377,75743504024.0019
51,aapl,2020-03-16,68.4835,-3.1641,-2.1436,-1.0205,-168.0178,-25.4624,33.7382,31.7350,27.7539,36.2483,35.7143,100.0000,57.2070,65.7385,74.2701,75495771952.5277
52,aapl,2020-03-17,67.5818,-3.3749,-2.3899,-0.9850,-138.2844,-20.7335,40.8975,34.6963,38.8313,37.1489,28.5714,100.0000,56.9146,64.1321,71.3497,75659571140.4835
53,aapl,2020-03-18,66.1953,-3.6237,-2.6366,-0.9871,-141.4497,-23.7779,37.9208,28.9552,20.2804,38.0479,21.4286,100.0000,56.4497,62.7097,68.9698,75804559738.4017
54,aapl,2020-03-19,65.0048,-3.8146,-2.8722,-0.9424,-121.2690,-23.5779,36.8958,27.9238,24.6598,38.2967,14.2857,92.8571,56.1000,62.5391,68.9783,75648035999.5995
55,aapl,2020-03-20,63.5263,-4.2272,-3.1432,-1.0840,-142.9238,-26.7721,28.8747,19.8912,14.7333,39.5897,7.1429,100.0000,56.2745,60.1290,63.9836,75288147046.6575
56,aapl,2020-03-23,62.4926,-4.5984,-3.4343,-1.1642,-170.0129,-24.7535,26.6086,18.4666,16.0067,41.6012,0.0000,100.0000,53.8654,59.2467,64.6280,75449847745.7344
57,aapl,2020-03-24,61.5415,-4.3928,-3.6260,-0.7668,-83.7440,-14.3016,49.5047,23.0587,38.4361,40.3117,0.0000,92.8571,54.1981,58.9509,63.7038,75702591655.5879
58,aapl,2020-03-25,60.8019,-4.2085,-3.7425,-0.4660,-54.7678,-16.1046,48.3652,38.5283,61.1421,37.7857,0.0000,85.7143,54.2347,58.8941,63.5534,75452092768.0998
59,aapl,2020-03-26,61.0544,-3.7612,-3.7462,-0.0150,-33.1643,-5.5133,59.4494,61.7230,85.5907,35.4574,0.0000,78.5714,53.4163,59.5697,65.7230,75694813417.7649
60,aapl,2020-03-27,60.3068,-3.5790,-3.7128,0.1338,-43.9258,-9.3723,48.6403,76.4487,82.6135,33.3618,7.1429,71.4286,54.9919,60.4846,65.9774,75522549064.7878
61,aapl,2020-03-30,60.6184,-3.2560,-3.6214,0.3654,-28.9197,-14.7251,55.3461,84.9413,86.6196,31.4759,0.0000,64.2857,59.4977,61.9901,64.4826,75651550579.1713
62,aapl,2020-03-31,60.6538,-2.9761,-3.4924,0.5163,-12.3796,-12.1077,54.6896,80.3333,71.7667,28.6791,0.0000,57.1429,59.9886,62.3566,64.7246,75540560889.5947
63,aapl,2020-04-01,60.5113,-2.9868,-3.3912,0.4044,-64.8284,-20.4235,39.5869,69.0917,48.8888,27.7500,7.1429,50.0000,59.0571,62.1286,65.2002,75429758192.1396
64,aapl,2020-04-02,60.5150,-2.8819,-3.2894,0.4075,-64.6212,-16.3833,45.2637,50.6540,31.3065,27.1614,0.0000,42.8571,58.8038,61.4604,64.1171,75586842352.3113
65,aapl,2020-04-03,60.8160,-2.8363,-3.1988,0.3625,-61.8962,-16.4758,41.0426,33.0233,18.8745,26.5299,78.5714,35.7143,58.1276,61.1474,64.1671,75551139807.6227
66,aapl,2020-04-06,61.7582,-2.3527,-3.0296,0.6768,50.4554,-1.3901,65.2669,33.0116,48.8539,24.5346,100.0000,28.5714,57.3951,61.5262,65.6574,75734145090.6469
67,aapl,2020-04-07,62.0685,-2.0071,-2.8251,0.8180,102.1182,-9.0804,60.7621,42.5676,59.9745,23.7724,100.0000,21.4286,57.2131,61.7804,66.3477,75544996593.3083
68,aapl,2020-04-08,62.5767,-1.5824,-2.5765,0.9941,127.3536,-3.3983,66.9839,63.6230,82.0405,23.0865,92.8571,14.2857,58.1589,63.0248,67.8906,75642372701.6720
69,aapl,2020-04-09,62.8129,-1.1938,-2.3000,1.1062,133.5770,7.9604,68.7735,73.6970,79.0760,22.8112,85.7143,7.1429,59.4664,64.1653,68.8641,75678901743.6198
70,aapl,2020-04-13,63.4437,-0.7719,-1.9944,1.2224,158.3165,-1.6980,73.6625,83.7762,90.2121,23.0250,100.0000,0.0000,63.3990,65.7400,68.0811,75794941105.7856
71,aapl,2020-04-14,64.2410,-0.1604,-1.6276,1.4672,206.3748,18.5129,82.5976,87.8418,94.2373,24.7566,100.0000,0.0000,62.3713,66.9557,71.5401,75944054690.7231
72,aapl,2020-04-15,64.9863,0.2689,-1.2483,1.5172,167.0220,12.4852,76.4431,92.5842,93.3031,26.3151,92.8571,42.8571,63.9769,68.1922,72.4074,75987772878.7231
73,aapl,2020-04-16,66.1184,0.6467,-0.8693,1.5160,150.4061,16.2241,78.1949,93.0841,91.7119,27.9058,85.7143,35.7143,65.3567,69.2120,73.0673,76063783853.5503
74,aapl,2020-04-17,67.0549,0.8586,-0.5237,1.3823,114.9490,15.5323,67.4091,89.9972,84.9765,28.0115,78.5714,28.5714,67.4514,69.9444,72.4375,76101969913.2653
75,aapl,2020-04-20,67.9332,0.8991,-0.2391,1.1382,86.9335,20.8035,53.4916,77.7593,56.5896,28.1043,71.4286,21.4286,68.3124,70.1265,71.9405,75976261828.3852
76,aapl,2020-04-21,68.0791,0.7517,-0.0410,0.7927,41.8610,19.6105,38.8649,57.1115,29.7683,25.6975,64.2857,14.2857,65.9460,69.2026,72.4592,75885306672.9233
77,aapl,2020-04-22,68.4914,0.7801,0.1232,0.6569,61.4474,11.8357,53.2841,35.5052,20.1578,23.6472,57.1429,7.1429,65.6949,68.7906,71.8863,75928433071.6689
78,aapl,2020-04-23,68.7129,0.7724,0.2531,0.5193,64.5187,12.0194,51.1948,28.2399,34.7938,22.4994,50.0000,0.0000,65.9350,68.2139,70.4928,75809424061.2585
79,aapl,2020-04-24,69.0834,0.9142,0.3853,0.5289,76.9468,9.4916,64.2111,39.5663,63.7473,21.6953,42.8571,0.0000,65.9180,68.2223,70.5267,75934248816.7902
80,aapl,2020-04-27,69.3287,1.0188,0.5120,0.5068,78.4084,14.3013,64.5092,59.2040,79.0710,21.2620,35.7143,0.0000,65.7969,68.5309,71.2650,75981440975.4508
81,aapl,2020-04-28,69.1192,0.9986,0.6093,0.3893,63.7299,9.3285,52.0700,74.2075,79.8040,20.3865,28.5714,0.0000,67.3609,69.0359,70.7110,75880592663.6847
82,aapl,2020-04-29,69.2008,1.1519,0.7178,0.4340,91.3059,13.1503,67.6257,78.1285,75.5105,20.4003,100.0000,0.0000,67.4649,69.6111,71.7573,75925719575.5305
83,aapl,2020-04-30,69.3767,1.3786,0.8500,0.5286,114.7690,21.9543,74.4909,77.2755,76.5120,21.3199,100.0000,0.0000,67.9861,70.5394,73.0928,76065535348.3132
84,aapl,2020-05-01,69.5317,1.4472,0.9694,0.4778,107.4176,18.0215,61.7385,76.7839,78.3291,22.8830,100.0000,42.8571,68.2691,70.8411,73.4131,75942756788.8559
85,aapl,2020-05-04,69.9331,1.5651,1.0886,0.4766,105.8115,21.4366,67.7128,76.0602,73.3395,24.2899,92.8571,35.7143,68.6342,71.3352,74.0362,76057114146.6007
86,aapl,2020-05-05,70.6549,1.7265,1.2161,0.5104,153.3480,13.3691,73.3158,73.2315,68.0258,26.6542,100.0000,28.5714,70.5328,72.2739,74.0151,76049432892.5976
87,aapl,2020-05-06,71.2615,1.8938,1.3517,0.5421,167.9205,15.8810,76.8236,73.4339,78.9364,29.0735,100.0000,21.4286,70.9570,72.9119,74.8669,76021747837.8645
88,aapl,2020-05-07,71.9715,2.0647,1.4943,0.5704,170.0184,14.1579,80.1310,77.5968,85.8282,31.5010,100.0000,14.2857,70.8203,73.4035,75.9868,76033989437.5596
89,aapl,2020-05-08,72.6634,2.3172,1.6589,0.6584,183.8370,16.0304,85.9439,85.6662,92.2340,34.3830,100.0000,7.1429,71.5204,74.4857,77.4509,76158304523.8274
90,aapl,2020-05-11,73.4714,2.5852,1.8441,0.7411,184.2011,15.5875,88.7387,90.7963,94.3268,37.5988,100.0000,0.0000,72.2807,75.6075,78.9344,76243551412.5269
91,aapl,2020-05-12,74.3036,2.6945,2.0142,0.6803,157.9866,8.7732,74.9896,90.1939,84.0210,40.7080,100.0000,0.0000,73.5504,76.3332,79.1160,76099735673.9608
92,aapl,2020-05-13,74.8163,2.6751,2.1464,0.5287,110.1024,8.4497,62.3727,80.3300,62.6423,40.5999,92.8571,0.0000,74.7266,76.7207,78.7147,76038950503.9370
93,aapl,2020-05-14,75.2258,2.6667,2.2505,0.4163,86.5326,8.2558,65.9701,64.5284,46.9218,39.9429,85.7143,0.0000,75.8325,77.0480,78.2635,76188259175.8161
94,aapl,2020-05-15,75.7068,2.5936,2.3191,0.2745,68.6400,9.0960,59.1281,49.5864,39.1951,38.8983,78.5714,7.1429,75.5660,76.9280,78.2900,76346387476.0192
95,aapl,2020-05-18,76.2665,2.6502,2.3853,0.2649,103.6534,14.0334,72.9971,46.2976,52.7759,39.3447,71.4286,0.0000,75.5721,76.9255,78.2789,76414292775.3680
96,aapl,2020-05-19,76.6723,2.6283,2.4339,0.1944,100.3961,16.9907,65.9724,51.1944,61.6123,40.0230,64.2857,0.0000,75.5463,77.0113,78.4763,76317363540.3361
97,aapl,2020-05-20,77.1531,2.7016,2.4875,0.2142,110.2153,15.9269,75.7381,65.3332,81.6113,40.7743,57.1429,7.1429,75.5701,77.5855,79.6010,76407310794.0830
98,aapl,2020-05-21,77.4980,2.6813,2.5262,0.1550,99.5557,15.5102,66.4254,75.4723,83.1932,41.6513,100.0000,0.0000,76.0149,77.9480,79.8812,76344715602.3265
99,aapl,2020-05-22,77.7152,2.6751,2.5560,0.1191,92.8039,12.9919,70.3337,83.8283,86.6803,42.2030,92.8571,0.0000,77.3526,78.5024,79.6523,76412182007.2792
100,aapl,2020-05-26,77.7579,2.5970,2.5642,0.0328,95.0323,12.1473,60.9442,78.2543,64.8894,43.4676,100.0000,0.0000,77.5144,78.5902,79.6661,76294120144.1705
101,aapl,2020-05-27,77.9240,2.5336,2.5581,-0.0245,73.9168,14.4917,64.7069,68.2151,53.0755,43.0719,92.8571,0.0000,78.3288,78.8367,79.3446,76382948849.5640
102,aapl,2020-05-28,78.1868,2.4577,2.5380,-0.0803,87.3335,10.8996,65.1329,53.1468,41.4753,43.5169,85.7143,42.8571,78.3715,78.7881,79.2046,76338921092.9870
103,aapl,2020-05-29,78.3951,2.3642,2.5032,-0.1390,76.5530,8.5026,63.0273,46.4945,44.9327,43.9174,78.5714,35.7143,78.4928,78.8421,79.1915,76281814096.6754
104,aapl,2020-06-01,78.7457,2.3413,2.4709,-0.1295,88.7350,11.6342,75.5096,47.5072,56.1136,44.4869,71.4286,28.5714,78.1342,78.9889,79.8436,76347070332.7919
105,aapl,2020-06-02,78.9535,2.3262,2.4419,-0.1158,101.6141,10.5863,78.9025,58.2484,73.6989,45.1942,64.2857,21.4286,78.1989,79.3167,80.4345,76430826549.4044
106,aapl,2020-06-03,79.2505,2.3230,2.4181,-0.0951,128.8276,9.5509,82.5189,72.9798,89.1271,46.3057,100.0000,14.2857,78.2679,79.6643,81.0607,76477445707.3161
107,aapl,2020-06-04,79.3271,2.2387,2.3822,-0.1436,103.1449,7.4983,61.7170,81.9353,82.9798,46.4212,92.8571,7.1429,78.6911,79.8661,81.0412,76445605574.9565
108,aapl,2020-06-05,79.6903,2.3286,2.3715,-0.0429,172.7759,9.4280,81.1702,84.9452,82.7288,47.5883,100.0000,0.0000,78.7927,80.5386,82.2844,76574801185.7504
109,aapl,2020-06-08,80.0516,2.4114,2.3795,0.0319,189.9312,7.5227,83.4188,83.8417,85.8165,48.9049,100.0000,0.0000,78.8888,81.1143,83.3398,76666190869.8301
110,aapl,2020-06-09,80.7275,2.6570,2.4350,0.2220,250.9133,9.1997,90.7983,88.4931,96.9340,51.3232,100.0000,0.0000,78.3972,82.1383,85.8793,76778712935.3515
111,aapl,2020-06-10,81.5886,2.9942,2.5468,0.4473,270.3839,13.3040,93.7299,92.7883,95.6144,54.0658,100.0000,28.5714,78.2748,83.5129,88.7510,76871254576.4355
112,aapl,2020-06-11,82.0262,2.8892,2.6153,0.2739,147.7023,9.1825,53.1864,89.5126,75.9896,52.7263,92.8571,21.4286,80.2719,84.1863,88.1007,76680464811.1846
113,aapl,2020-06-12,82.5434,2.8313,2.6585,0.1728,121.4382,9.4527,57.1525,76.7918,58.7715,51.1363,85.7143,14.2857,81.1355,84.5483,87.9611,76615321545.3637
114,aapl,2020-06-15,83.0676,2.8367,2.6941,0.1425,104.9607,11.4653,62.8386,59.3909,43.4117,49.1848,78.5714,7.1429,82.1652,85.0209,87.8765,76697123443.2554
115,aapl,2020-06-16,83.7802,2.9883,2.7530,0.2353,146.2548,11.7856,72.6728,53.8324,59.3138,48.5385,71.4286,0.0000,82.0171,85.4221,88.8270,76818854016.6902
116,aapl,2020-06-17,84.4365,3.0633,2.8150,0.2483,139.4937,12.2789,71.3996,58.6223,73.1414,48.2438,100.0000,0.0000,82.0993,85.3601,88.6208,76730991945.1846
117,aapl,2020-06-18,85.1657,3.0900,2.8700,0.2199,114.8224,10.1807,71.5774,72.4961,85.0331,47.3206,92.8571,0.0000,83.4145,86.1451,88.8757,76749074239.1242
118,aapl,2020-06-19,85.6174,3.0359,2.9032,0.1327,96.3006,10.3740,64.3920,79.2468,79.5660,45.1201,100.0000,0.0000,84.9925,86.6866,88.3806,76696457229.1195
119,aapl,2020-06-22,86.2475,3.1399,2.9505,0.1894,114.7806,12.5372,77.3376,82.7987,83.7970,43.6800,100.0000,0.0000,85.9144,87.4740,89.0337,76812669591.6113
120,aapl,2020-06-23,86.8063,3.3371,3.0278,0.3093,151.1985,15.7232,83.5832,81.7866,81.9966,44.2111,100.0000,7.1429,85.0878,88.1906,91.2934,76779303893.6012
121,aapl,2020-06-24,86.9853,3.3256,3.0874,0.2382,118.2779,13.1873,64.7442,80.7389,76.4231,43.5212,92.8571,0.0000,85.6047,88.6106,91.6165,76644448760.4731
122,aapl,2020-06-25,87.7029,3.3733,3.1446,0.2287,107.4151,14.6394,70.8183,75.6490,68.5274,42.6038,85.7143,0.0000,86.3436,89.2607,92.1778,76776048364.8255
123,aapl,2020-06-26,88.0706,3.1504,3.1457,0.0047,72.8437,11.2254,47.0536,63.7332,46.2491,40.3938,78.5714,0.0000,87.1840,89.4546,91.7253,76591150329.7455
124,aapl,2020-06-29,88.5365,3.1011,3.1368,-0.0357,72.0710,12.4064,59.4269,53.1204,44.5849,37.8993,71.4286,0.0000,87.3762,89.5989,91.8217,76712355578.9252
125,aapl,2020-06-30,88.8519,3.0869,3.1268,-0.0399,95.1001,12.8224,63.3898,45.6844,46.2192,36.4366,64.2857,21.4286,87.4686,89.5131,91.5576,76797239908.0334
126,aapl,2020-07-01,89.1623,3.0269,3.1068,-0.0799,100.1479,11.9925,61.6695,53.2419,68.9215,35.3959,57.1429,14.2857,87.6063,89.7140,91.8216,76699320041.7157
127,aapl,2020-07-02,89.4692,2.9454,3.0746,-0.1291,101.7778,12.9654,61.6695,63.2535,74.6198,35.0699,50.0000,7.1429,87.6169,89.6778,91.7386,76599924727.3795
128,aapl,2020-07-06,90.0675,3.0407,3.0678,-0.0271,139.2339,12.7753,76.0219,74.3770,79.5896,35.6953,100.0000,0.0000,88.6042,90.6804,92.7567,76641196584.4443
129,aapl,2020-07-07,90.4102,3.0577,3.0658,-0.0081,138.2610,11.7645,72.0080,76.6401,75.7109,36.6952,100.0000,0.0000,89.0409,91.2215,93.4021,76544612994.7606
130,aapl,2020-07-08,90.7781,3.2079,3.0942,0.1137,158.3991,10.8666,81.2619,80.6054,86.5157,38.0156,100.0000,14.2857,88.8050,92.0431,95.2813,76655787669.8792
131,aapl,2020-07-09,91.3472,3.3214,3.1396,0.1818,151.9226,8.5506,82.6190,82.6284,85.6587,39.7109,100.0000,7.1429,89.6172,92.9804,96.3436,76695134743.0826
132,aapl,2020-07-10,91.8143,3.3858,3.1889,0.1969,137.2487,14.2245,83.2389,88.3358,92.8330,41.2367,92.8571,0.0000,91.6259,93.9508,96.2757,76776897256.4911
133,aapl,2020-07-13,92.5155,3.3626,3.2236,0.1390,155.8437,12.7243,74.4684,83.3097,71.4373,44.1640,100.0000,0.0000,92.3651,94.3505,96.3359,76603196408.0858
134,aapl,2020-07-14,93.1713,3.4311,3.2651,0.1660,119.4251,13.1899,82.6348,74.4329,59.0282,44.7953,92.8571,28.5714,93.9143,95.1211,96.3279,76754191244.4040
135,aapl,2020-07-15,93.8184,3.4985,3.3118,0.1867,141.6457,11.0259,85.1441,60.2348,50.2389,46.1489,85.7143,21.4286,93.8902,95.5937,97.2972,76738215576.1898
136,aapl,2020-07-16,94.3634,3.4163,3.3327,0.0836,98.5951,9.8126,64.2402,54.1060,53.0509,46.5883,78.5714,14.2857,94.1632,95.7464,97.3297,76718679121.1062
137,aapl,2020-07-17,94.8890,3.2976,3.3257,-0.0281,85.2388,9.5471,61.1948,50.7789,49.0470,46.8929,71.4286,7.1429,94.3395,95.8273,97.3150,76695235768.0199
138,aapl,2020-07-20,95.3745,3.3275,3.3261,0.0015,104.9546,12.4986,76.0002,52.6171,55.7534,47.7838,64.2857,0.0000,94.8994,96.3985,97.8976,76774349598.1246
139,aapl,2020-07-21,95.7541,3.2057,3.3020,-0.0963,95.6850,8.1171,57.6230,52.4620,52.5856,48.8957,57.1429,0.0000,94.8831,96.3871,97.8912,76692893982.7302
140,aapl,2020-07-22,95.9455,3.0953,3.2606,-0.1654,77.9780,6.1550,60.0471,53.8300,53.1509,49.6685,50.0000,7.1429,94.8805,96.2974,97.7142,76690786475.4836
141,aapl,2020-07-23,95.6572,2.6232,3.1332,-0.5099,-9.4880,3.1439,27.7768,44.9747,29.1875,44.9869,42.8571,0.0000,91.8477,95.5679,99.2882,76558721297.3309
142,aapl,2020-07-24,95.3294,2.2053,2.9476,-0.7423,-76.8662,1.5404,26.8401,37.2111,29.2948,42.1799,35.7143,100.0000,90.0661,94.8315,99.5970,76709738829.7084
143,aapl,2020-07-27,95.2632,2.0263,2.7633,-0.7370,-7.2444,7.2420,47.8273,30.8204,33.9790,38.1796,28.5714,92.8571,90.2116,94.1279,98.0441,76814791129.4418
144,aapl,2020-07-28,94.8858,1.7398,2.5586,-0.8188,-39.8842,3.1041,38.1264,36.3044,45.6394,34.7413,21.4286,85.7143,89.9432,93.3845,96.8258,76711961432.5383
145,aapl,2020-07-29,94.6195,1.6370,2.3743,-0.7373,-14.0134,4.2105,52.0724,46.1943,58.9645,31.4176,14.2857,78.5714,90.9315,92.9417,94.9519,76779671171.3850
146,aapl,2020-07-30,94.5866,1.6287,2.2252,-0.5965,8.0997,5.6714,59.4267,59.2379,73.1097,29.2315,7.1429,71.4286,91.0522,93.6052,96.1582,76924363264.7811
147,aapl,2020-07-31,95.5716,2.4003,2.2602,0.1401,319.3279,16.7340,84.8583,74.2063,90.5448,31.4482,100.0000,64.2857,87.0494,96.3117,105.5741,77277901739.0903
148,aapl,2020-08-03,96.6209,3.1894,2.4461,0.7434,348.7861,16.5574,87.4689,85.9563,94.2143,34.4622,100.0000,57.1429,86.4537,99.1140,111.7743,77141772066.4892
149,aapl,2020-08-04,97.8770,3.8288,2.7226,1.1062,254.2539,17.7010,88.1621,91.9361,91.0490,37.1749,92.8571,50.0000,89.8306,102.3695,114.9084,77152740156.5478
150,aapl,2020-08-05,99.1455,4.3176,3.0416,1.2760,190.3506,15.4391,88.5931,91.2562,88.5054,39.6162,85.7143,42.8571,95.0570,105.3493,115.6416,77220876129.7538
151,aapl,2020-08-06,101.2339,4.9551,3.4243,1.5308,179.2141,18.9551,92.0764,90.5670,92.1465,42.5098,100.0000,35.7143,103.9888,108.8627,113.7365,77378564514.4388
152,aapl,2020-08-07,103.0888,5.1937,3.7782,1.4155,136.5497,16.0524,73.2533,86.8805,79.9897,45.1140,92.8571,28.5714,106.4083,109.8658,113.3233,77276541017.3586
153,aapl,2020-08-10,104.8864,5.4494,4.1124,1.3369,118.8368,18.2849,76.9413,82.2968,74.7541,47.1873,85.7143,21.4286,107.4274,110.6589,113.8903,77371067574.1564
154,aapl,2020-08-11,106.5054,5.3219,4.3543,0.9676,87.2920,12.8988,56.6663,67.1738,46.7777,48.1964,78.5714,14.2857,107.3684,110.6414,113.9144,77213035766.0771
155,aapl,2020-08-12,108.3083,5.4495,4.5733,0.8761,92.3864,15.8542,68.0700,58.7785,54.8038,49.3116,71.4286,7.1429,108.1771,111.2674,114.3577,77349442129.4833
156,aapl,2020-08-13,110.1959,5.6458,4.7878,0.8580,103.9542,19.3734,72.9634,53.1982,58.0132,50.9587,100.0000,0.0000,107.7605,111.5291,115.2978,77354408608.4410
157,aapl,2020-08-14,111.0746,5.7272,4.9757,0.7515,88.6876,19.5084,72.2540,64.8677,81.7861,51.5608,92.8571,7.1429,108.2211,112.2833,116.3455,77504306520.5027
158,aapl,2020-08-17,111.6579,5.7019,5.1210,0.5810,85.0720,16.7363,69.7723,74.1051,82.5161,52.3942,100.0000,0.0000,108.4251,112.6569,116.8886,77458045333.4191
159,aapl,2020-08-18,112.2639,5.6929,5.2353,0.4575,80.3236,19.3564,73.4069,82.9193,84.4558,53.1443,92.8571,0.0000,112.1735,113.8865,115.5995,77517290242.3669
160,aapl,2020-08-19,112.8449,5.6324,5.3147,0.3176,82.2707,19.1714,74.0002,81.7012,78.1316,54.1487,100.0000,0.0000,113.6016,114.4225,115.2434,77390032370.7177
161,aapl,2020-08-20,113.3002,5.7243,5.3966,0.3276,89.7080,27.6248,82.5953,82.3522,84.4692,55.3765,100.0000,0.0000,112.4943,115.0713,117.6483,77505769769.1139
162,aapl,2020-08-21,114.6175,6.2142,5.5601,0.6540,140.6477,34.5349,91.2140,82.8567,85.9695,57.6227,100.0000,0.0000,109.9022,116.9517,124.0012,77783891617.8915
163,aapl,2020-08-24,115.9221,6.6450,5.7771,0.8679,169.0874,32.9920,92.3671,87.1945,91.1449,60.0564,100.0000,0.0000,110.5486,119.1873,127.8261,77712099943.9462
164,aapl,2020-08-25,117.4572,6.8251,5.9867,0.8384,144.8807,34.1040,82.9244,86.3232,81.8553,61.4362,92.8571,0.0000,112.9921,121.0280,129.0639,77853130283.5593
165,aapl,2020-08-26,118.7998,7.0229,6.1940,0.8289,154.0648,33.3711,85.8890,83.5332,77.5992,62.9191,85.7143,21.4286,117.3223,123.1772,129.0320,77935921697.1599
166,aapl,2020-08-27,119.7934,6.9780,6.3508,0.6272,132.0580,30.2013,71.9719,76.8201,71.0057,63.0912,78.5714,14.2857,122.9818,124.5155,126.0493,77880663868.7619
167,aapl,2020-08-28,120.7771,6.8472,6.4500,0.3971,112.0051,17.6715,70.0718,68.8337,57.8963,63.2461,71.4286,7.1429,123.2538,124.6025,125.9512,77739312645.2556
168,aapl,2020-08-31,122.2111,7.0022,6.5605,0.4417,131.9493,18.6718,82.2887,61.4520,55.4540,64.1949,100.0000,0.0000,121.9952,125.2349,128.4746,77787589883.6217
169,aapl,2020-09-01,124.0610,7.4512,6.7386,0.7126,154.0668,22.5802,89.0648,60.0390,66.7667,65.5259,100.0000,0.0000,120.1785,127.0939,134.0093,77895782982.0347
170,aapl,2020-09-02,125.6202,7.4978,6.8905,0.6073,124.4356,19.6070,70.7618,65.5375,74.3917,64.0086,100.0000,7.1429,120.8418,128.0632,135.2846,77856050796.2196
171,aapl,2020-09-03,125.8790,6.6150,6.8354,-0.2204,31.7355,6.3217,35.8820,63.7207,50.0036,59.0591,92.8571,0.0000,117.8498,127.2425,136.6351,77621925463.9042
172,aapl,2020-09-04,125.5402,5.8543,6.6391,-0.7849,-23.9061,8.8626,36.1810,51.7803,30.9454,54.9241,85.7143,100.0000,115.6450,126.4779,137.3108,77812246346.4008
173,aapl,2020-09-08,124.2448,4.5464,6.2206,-1.6742,-67.3128,0.0821,22.7102,32.1464,15.4902,51.2025,78.5714,92.8571,107.8017,123.2547,138.7077,77591146445.4438
174,aapl,2020-09-09,123.4991,3.8265,5.7418,-1.9153,-46.8770,7.2640,38.5263,23.0377,22.6775,47.7897,71.4286,85.7143,107.7155,119.9042,132.0930,77602091215.8888
175,aapl,2020-09-10,122.2042,2.9154,5.1765,-2.2611,-71.7384,0.4247,31.6384,17.7609,15.1149,45.5416,64.2857,78.5714,109.4277,116.3451,123.2626,77464929736.6656
176,aapl,2020-09-11,120.9115,2.0502,4.5512,-2.5011,-105.5451,-2.6172,29.1077,18.4662,17.6063,44.1971,57.1429,100.0000,107.9045,114.5805,121.2565,77422394707.9681
177,aapl,2020-09-14,119.9723,1.6149,3.9639,-2.3491,-78.6310,0.3894,42.1350,19.8052,26.6944,42.6238,50.0000,92.8571,109.6632,113.4667,117.2702,77511051951.4718
178,aapl,2020-09-15,118.6309,1.2701,3.4252,-2.1551,-64.3181,0.8136,42.8588,27.9181,39.4535,39.7652,42.8571,85.7143,110.3706,114.0072,117.6438,77462972140.9841
179,aapl,2020-09-16,116.4400,0.7152,2.8832,-2.1680,-93.3365,-2.9703,33.2707,35.8324,41.3492,37.7366,35.7143,78.5714,109.9590,112.9758,115.9927,77314992133.0027
180,aapl,2020-09-17,114.3475,0.1304,2.3326,-2.2022,-119.3174,-4.6389,29.0120,36.8404,29.7186,36.9561,28.5714,100.0000,108.2964,112.3498,116.4033,77303260751.1903
181,aapl,2020-09-18,112.9525,-0.6066,1.7448,-2.3514,-131.4216,-9.6681,22.0984,28.3872,14.0938,36.9677,21.4286,100.0000,104.8438,111.3244,117.8051,77106063452.3254
182,aapl,2020-09-21,111.8714,-0.9204,1.2117,-2.1321,-116.9903,-11.4899,38.9365,21.9789,22.1241,37.6984,14.2857,100.0000,104.6222,110.2762,115.9302,77295704342.1522
183,aapl,2020-09-22,111.7711,-1.0186,0.7657,-1.7843,-75.9532,-11.1614,46.6352,25.1597,39.2611,36.8848,7.1429,92.8571,105.8032,109.5350,113.2668,77374863422.3119
184,aapl,2020-09-23,110.7576,-1.4556,0.3214,-1.7771,-93.4567,-14.1839,32.6751,37.4711,51.0282,36.8012,0.0000,85.7143,104.6886,108.5394,112.3901,77243901880.4250
185,aapl,2020-09-24,110.2340,-1.6943,-0.0817,-1.6126,-94.9721,-14.4658,38.1069,48.0039,53.7223,37.1763,0.0000,78.5714,104.3794,108.1181,111.8568,77281923706.2395
186,aapl,2020-09-25,110.2618,-1.5402,-0.3734,-1.1668,-60.3791,-10.1832,54.8960,55.7729,62.5683,36.2731,0.0000,71.4286,105.2351,109.1991,113.1632,77421843499.1760
187,aapl,2020-09-28,110.2225,-1.1894,-0.5366,-0.6528,-18.5277,-7.8902,63.1450,65.7667,81.0093,33.9961,14.2857,64.2857,104.5003,110.1689,115.8374,77520490654.0162
188,aapl,2020-09-29,110.0785,-0.9700,-0.6233,-0.3467,-12.2949,-11.5856,58.7826,78.8204,92.8835,31.9468,7.1429,57.1429,104.3951,110.6220,116.8488,77480236419.4438
189,aapl,2020-09-30,110.4441,-0.6508,-0.6288,-0.0220,20.8596,-13.6906,64.7934,88.2716,90.9220,29.1129,0.0000,50.0000,106.9969,112.3489,117.7008,77509241813.9967
190,aapl,2020-10-01,111.0850,-0.3155,-0.5661,0.2506,67.0597,-11.1187,68.1060,90.9352,89.0002,26.3309,14.2857,42.8571,110.9914,114.0519,117.1124,77511084995.5350
191,aapl,2020-10-02,111.6990,-0.3481,-0.5225,0.1744,10.7405,-6.5023,46.8904,81.4701,64.4882,25.4365,7.1429,35.7143,111.5945,114.1989,116.8034,77439877510.3148
192,aapl,2020-10-05,112.3369,-0.0938,-0.4368,0.3430,66.1299,-3.6872,60.9325,71.5083,61.0366,23.9230,0.0000,28.5714,111.6162,114.5050,117.3937,77535839687.4695
193,aapl,2020-10-06,112.4711,-0.1583,-0.3811,0.2228,24.2791,0.3014,46.2591,54.0032,36.4848,23.1328,78.5714,21.4286,111.0669,114.3202,117.5734,77450291538.9871
194,aapl,2020-10-07,113.2620,-0.0548,-0.3158,0.2610,56.8356,-1.9093,54.1866,48.8304,48.9697,22.4217,71.4286,14.2857,111.0048,114.1751,117.3454,77483029224.0759
195,aapl,2020-10-08,113.9327,0.0182,-0.2490,0.2672,67.8799,1.3041,53.6202,43.0590,43.7226,21.2137,64.2857,7.1429,111.2174,113.8134,116.4094,77434595963.4633
196,aapl,2020-10-09,114.3987,0.2337,-0.1525,0.3862,85.2979,4.4375,62.5240,54.6135,71.1484,19.7185,57.1429,0.0000,111.9383,114.5984,117.2585,77532203591.9523
197,aapl,2020-10-12,115.3366,0.9888,0.0758,0.9130,220.6650,7.8410,80.1870,66.6695,85.1376,20.9355,100.0000,14.2857,108.3558,116.1683,123.9807,77708864292.0055
198,aapl,2020-10-13,116.0331,1.3076,0.3221,0.9854,177.1418,4.8122,63.5565,80.4549,85.0788,22.0999,100.0000,7.1429,110.4140,117.7461,125.0782,77579070131.5442
199,aapl,2020-10-14,116.5677,1.5495,0.5676,0.9819,138.8949,8.0799,63.8123,80.8476,72.3263,23.1265,92.8571,0.0000,112.3043,118.9603,125.6163,77567109186.3357
200,aapl,2020-10-15,116.9572,1.6834,0.7908,0.8926,103.5064,9.3982,60.9591,72.2808,59.4374,22.9858,85.7143,0.0000,115.4108,120.1010,124.7911,77643501836.6137
201,aapl,2020-10-16,117.5534,1.6352,0.9597,0.6755,90.6929,11.4002,50.9360,58.1910,42.8094,23.0214,78.5714,28.5714,117.0427,120.5083,123.9740,77545809051.0665
202,aapl,2020-10-19,117.5017,1.3378,1.0353,0.3025,36.5355,5.3597,37.1874,41.9274,23.5354,20.9266,71.4286,21.4286,114.9156,118.8351,122.7546,77441393537.4884
203,aapl,2020-10-20,117.9339,1.2108,1.0704,0.1404,31.5136,5.0979,46.3053,26.6384,13.5703,19.0226,64.2857,14.2857,114.2488,118.1217,121.9946,77456621516.1632
204,aapl,2020-10-21,118.1118,1.0468,1.0657,-0.0189,23.5541,9.1019,43.0386,17.8849,16.5491,17.3090,57.1429,7.1429,113.9403,117.2632,120.5861,77400180912.3010
205,aapl,2020-10-22,118.1893,0.8176,1.0161,-0.1984,-18.1879,6.9580,37.2848,17.0431,21.0100,16.6361,50.0000,0.0000,113.9335,116.2776,118.6216,77366776162.1346
206,aapl,2020-10-23,117.9975,0.5724,0.9273,-0.3549,-51.6393,2.4581,33.7134,18.0757,16.6681,16.2286,42.8571,7.1429,113.7641,115.4867,117.2092,77339494451.2170
207,aapl,2020-10-26,117.0685,0.3746,0.8168,-0.4422,-66.8829,0.0783,33.8250,19.7399,21.5417,16.7368,35.7143,0.0000,113.3318,115.3018,117.2719,77359914053.4548
208,aapl,2020-10-27,116.6214,0.3382,0.7211,-0.3828,-30.7556,2.2000,50.1016,25.1606,37.2721,16.5294,28.5714,92.8571,113.6054,115.1210,116.6366,77406390887.5486
209,aapl,2020-10-28,115.6287,-0.1221,0.5524,-0.6746,-130.6859,-3.9807,24.1905,30.8132,33.6258,18.2452,21.4286,100.0000,110.3089,113.9943,117.6796,77269101462.8439
210,aapl,2020-10-29,115.0932,-0.1549,0.4110,-0.5659,-59.0527,-1.2587,49.2311,38.4758,44.5295,18.4862,14.2857,92.8571,110.3026,113.9088,117.5150,77315751579.3822
211,aapl,2020-10-30,114.0837,-0.6908,0.1906,-0.8814,-192.1372,-3.6808,29.8843,35.1240,27.2168,20.6425,7.1429,100.0000,106.9144,112.6807,118.4471,77226936306.0407
212,aapl,2020-11-02,113.3673,-1.1100,-0.0695,-1.0405,-180.0445,-6.6352,29.6812,34.4452,31.5892,22.7251,0.0000,100.0000,104.9627,111.4328,117.9028,77210115242.4644
213,aapl,2020-11-03,112.6648,-1.2933,-0.3143,-0.9791,-136.2745,-2.4037,39.2576,26.1519,19.6497,23.8839,0.0000,92.8571,105.4613,110.2086,114.9559,77235851523.5386
214,aapl,2020-11-04,112.4740,-1.0648,-0.4644,-0.6004,-41.5648,-0.1130,58.3879,31.1264,42.1403,21.9526,7.1429,85.7143,105.2012,110.9538,116.7064,77319475457.1047
215,aapl,2020-11-05,112.8000,-0.5502,-0.4815,-0.0687,49.1700,3.5314,69.3158,43.6040,69.0220,21.3368,0.0000,78.5714,103.7418,111.6911,119.6404,77391658581.3525
216,aapl,2020-11-06,113.1830,-0.1515,-0.4155,0.2640,39.2571,1.6457,68.5710,66.9102,89.5685,20.4575,0.0000,71.4286,105.2861,113.6853,122.0844,77468088138.3881
217,aapl,2020-11-09,113.3291,-0.0255,-0.3375,0.3120,50.4188,-6.3337,55.4691,80.3240,82.3816,20.8857,100.0000,64.2857,108.9512,115.2255,121.4998,77327619670.2324
218,aapl,2020-11-10,113.2864,0.0456,-0.2609,0.3065,6.1988,-4.0708,53.5793,78.5082,63.5746,20.0692,92.8571,57.1429,113.1887,116.3643,119.5398,77336395723.9165
219,aapl,2020-11-11,114.1306,0.3804,-0.1326,0.5130,79.0043,-1.2325,67.4995,66.9644,54.9371,20.2257,85.7143,50.0000,114.4614,117.3075,120.1535,77438834067.4820
220,aapl,2020-11-12,114.5376,0.6161,0.0171,0.5990,104.2993,-1.0721,65.5451,58.5713,57.2022,20.7403,78.5714,42.8571,114.4204,117.3841,120.3479,77402977711.1984
221,aapl,2020-11-13,115.5914,0.7977,0.1732,0.6245,92.7879,0.3747,65.7664,59.3899,66.0305,20.7073,71.4286,35.7143,114.3878,117.4976,120.6074,77447333566.0542
222,aapl,2020-11-16,116.7577,1.0134,0.3413,0.6722,108.1340,3.9039,70.6641,65.5042,73.2800,21.2862,64.2857,28.5714,115.3233,118.2899,121.2564,77494271659.7251
223,aapl,2020-11-17,117.6675,1.0987,0.4927,0.6059,97.6149,1.7753,61.1027,70.8862,73.3480,21.8073,57.1429,21.4286,118.1797,118.9707,119.7616,77457263995.0572
224,aapl,2020-11-18,117.9938,1.0450,0.6032,0.4418,68.1006,1.1670,48.7740,66.6432,53.3017,21.4624,50.0000,14.2857,117.2414,118.6800,120.1187,77383457997.6025
225,aapl,2020-11-19,117.9754,1.0394,0.6904,0.3490,52.8019,2.6738,53.9800,54.8547,37.9144,20.1887,42.8571,7.1429,117.0497,118.5666,120.0835,77429902126.7057
226,aapl,2020-11-20,117.8410,0.9200,0.7363,0.1836,40.4272,2.1755,42.4795,37.2484,20.5292,19.0423,35.7143,0.0000,116.1291,118.1844,120.2397,77361271102.3307
227,aapl,2020-11-23,117.5952,0.5388,0.6968,-0.1580,-23.3789,-0.8721,24.7701,25.9149,19.3012,18.7677,28.5714,0.0000,113.0726,116.9004,120.7283,77239924327.2366
228,aapl,2020-11-24,117.5155,0.3389,0.6252,-0.2864,-33.3666,-1.0558,37.1564,18.8110,16.6028,19.1677,21.4286,0.0000,112.4594,116.0604,119.6613,77305915085.2910
229,aapl,2020-11-25,117.1711,0.2466,0.5495,-0.3029,-4.9154,4.5237,44.5867,22.0010,30.0991,18.7606,14.2857,92.8571,112.3473,115.6622,118.9772,77312693498.4216
230,aapl,2020-11-27,116.9104,0.2160,0.4828,-0.2668,11.8632,1.2759,49.4513,32.6315,51.1927,17.7727,7.1429,85.7143,112.8575,115.2542,117.6509,77293208139.8246
231,aapl,2020-11-30,116.8895,0.3849,0.4632,-0.0783,62.7446,9.5495,65.8928,48.7619,64.9939,17.5035,0.0000,78.5714,112.1619,115.5946,119.0272,77306239691.8435
232,aapl,2020-12-01,117.1303,0.8042,0.5314,0.2728,156.6642,13.0201,78.7700,64.8317,78.3086,18.5297,100.0000,71.4286,111.9290,117.3603,122.7915,77377610556.5077
233,aapl,2020-12-02,117.4976,1.1522,0.6556,0.4966,179.1931,11.6376,79.7093,77.2686,88.5034,19.4533,92.8571,64.2857,113.0366,118.9349,124.8331,77445799254.3237
234,aapl,2020-12-03,117.9863,1.4005,0.8046,0.5960,181.9677,7.1356,78.0310,86.4163,92.4369,20.4967,100.0000,57.1429,115.1025,120.3104,125.5183,77440266490.4995
235,aapl,2020-12-04,118.3456,1.5244,0.9485,0.5758,128.5642,2.8826,69.0714,89.4520,87.4156,20.7597,92.8571,50.0000,118.4401,121.4371,124.4341,77447224009.9890
236,aapl,2020-12-07,118.9836,1.7231,1.1034,0.6197,149.0370,4.2632,76.4266,87.6125,82.9851,21.9596,100.0000,42.8571,121.3975,122.3727,123.3479,77472639593.2960
237,aapl,2020-12-08,120.0317,1.9092,1.2646,0.6446,142.4585,6.9292,79.0431,84.0665,81.7988,23.2569,100.0000,35.7143,121.2546,122.7031,124.1516,77502658431.0061
238,aapl,2020-12-09,120.6896,1.8268,1.3770,0.4498,94.6409,5.0099,50.2630,75.2730,61.0351,22.3366,100.0000,28.5714,120.5518,122.4444,124.3369,77423839771.5381
239,aapl,2020-12-10,121.4072,1.8574,1.4731,0.3843,71.7837,3.1383,60.3871,64.7628,51.4545,20.7630,92.8571,21.4286,120.6065,122.5041,124.4016,77477610722.6678
240,aapl,2020-12-11,121.9865,1.7942,1.5373,0.2569,52.0841,2.6843,52.7561,49.4964,35.9997,19.3467,85.7143,14.2857,120.6902,122.5359,124.3816,77537013019.9396
241,aapl,2020-12-14,122.2582,1.6743,1.5647,0.1096,54.7472,2.1130,47.1079,42.5230,40.1149,18.5674,78.5714,7.1429,120.1753,122.1438,124.1122,77478907459.6616
242,aapl,2020-12-15,122.7718,2.0456,1.6609,0.3847,144.6721,6.3009,76.9612,43.9061,55.6036,20.6295,100.0000,0.0000,118.2730,122.8405,127.4080,77634807867.4256
243,aapl,2020-12-16,123.2426,2.3076,1.7903,0.5174,145.3302,7.0525,76.3431,56.4654,73.6776,22.6958,100.0000,0.0000,118.7248,124.0408,129.3568,77672246501.5558
244,aapl,2020-12-17,123.8159,2.5573,1.9437,0.6136,153.5721,9.0401,79.0208,74.5586,94.3947,25.0846,100.0000,0.0000,119.1962,125.1277,131.0593,77658415258.9546
245,aapl,2020-12-18,124.2543,2.5614,2.0672,0.4942,115.0338,6.7557,59.6337,83.4754,82.3538,25.2205,92.8571,0.0000,121.0368,125.9728,130.9087,77535007790.0968
246,aapl,2020-12-21,124.7002,2.6605,2.1859,0.4746,96.1246,9.2807,67.3463,84.6778,77.2850,23.1326,85.7143,0.0000,125.9074,127.2567,128.6061,77652268343.6220
247,aapl,2020-12-22,125.4467,2.9976,2.3482,0.6494,186.1248,15.8366,78.9804,77.4966,72.8511,24.1911,100.0000,42.8571,124.5711,128.0530,131.5349,77641761763.5231
248,aapl,2020-12-23,126.3604,3.1545,2.5094,0.6450,150.7917,13.7102,71.0092,74.8776,74.4967,25.1437,92.8571,35.7143,124.9123,128.6800,132.4477,77572786877.0152
249,aapl,2020-12-24,127.2294,3.3216,2.6719,0.6498,143.5708,13.7378,74.5360,73.9253,74.4280,26.4002,85.7143,28.5714,125.0951,129.3310,133.5669,77558356097.5144
250,aapl,2020-12-28,128.6507,3.7895,2.8954,0.8941,182.7868,17.2399,85.1142,76.4917,80.5505,28.7848,100.0000,21.4286,125.8922,131.3286,136.7650,77639689078.9782
251,aapl,2020-12-29,129.9535,3.9684,3.1100,0.8584,162.4230,13.2885,70.9150,77.2388,76.7378,31.3146,100.0000,14.2857,128.3611,132.6504,136.9397,77547438831.9769
252,aapl,2020-12-30,130.5348,3.9720,3.2824,0.6896,117.4575,8.9635,62.6588,73.4458,63.0491,32.7795,92.8571,7.1429,128.9572,133.0166,137.0761,77474820437.4881
253,aapl,2020-12-31,131.0205,3.8478,3.3955,0.4523,84.9489,7.8079,55.4334,59.3184,38.1685,32.7166,85.7143,0.0000,130.0411,133.3610,136.6810,77439374770.9764
254,aapl,2021-01-04,131.0912,3.4462,3.4056,0.0406,30.4624,5.2627,37.9937,42.5634,26.4726,29.5295,78.5714,0.0000,128.0176,132.8514,137.6853,77406922904.5709
255,aapl,2021-01-05,131.5247,3.2194,3.3684,-0.1490,32.7851,7.1656,47.9740,30.2182,26.0134,26.6610,71.4286,0.0000,127.8626,131.7207,135.5788,77461509025.8287
256,aapl,2021-01-06,131.3624,2.6548,3.2257,-0.5709,-12.1311,2.3030,30.8605,24.1209,19.8768,24.9970,64.2857,28.5714,125.0662,130.0745,135.0828,77320906874.9168
257,aapl,2021-01-07,131.2669,2.5252,3.0856,-0.5604,21.6861,5.2581,51.8797,25.5073,30.6318,23.1385,57.1429,21.4286,125.4442,129.5171,133.5900,77389211561.6595
258,aapl,2021-01-08,131.3754,2.4846,2.9654,-0.4808,44.3937,8.4332,56.2305,31.8322,44.9880,20.8370,50.0000,14.2857,125.6151,129.3897,133.1643,77443543321.5733
259,aapl,2021-01-11,131.0778,2.1807,2.8084,-0.6277,-12.2722,4.6576,43.0209,44.5707,58.0922,19.7845,42.8571,7.1429,125.4615,129.3041,133.1467,77400764384.5840
260,aapl,2021-01-12,130.2925,1.9035,2.6275,-0.7239,-41.8261,5.2202,42.2928,51.9914,52.8939,19.7077,35.7143,0.0000,125.1204,128.8642,132.6079,77434319956.1996
261,aapl,2021-01-13,129.8963,1.8306,2.4681,-0.6375,-6.3223,7.4807,53.6733,53.6760,50.0419,18.4042,28.5714,64.2857,127.2345,129.7182,132.2018,77489418526.8294
262,aapl,2021-01-14,129.4176,1.5953,2.2935,-0.6982,-33.6993,0.8054,43.5116,50.3200,48.0243,17.2311,21.4286,57.1429,126.7019,129.3180,131.9342,77411280042.5666
263,aapl,2021-01-15,128.8652,1.2523,2.0853,-0.8330,-80.1573,-0.5242,35.9138,45.0746,37.1576,17.2345,14.2857,50.0000,125.9744,128.3406,130.7068,77309373090.4454
264,aapl,2021-01-19,128.7079,1.0241,1.8731,-0.8489,-86.4243,-0.6760,40.9392,35.3675,20.9206,17.2743,7.1429,42.8571,125.5875,128.1117,130.6359,77309987699.8750
265,aapl,2021-01-20,128.8094,1.1671,1.7319,-0.5648,7.2707,4.2438,63.0093,32.5758,39.6493,16.4956,0.0000,35.7143,125.0904,128.7547,132.4189,77389948323.4135
266,aapl,2021-01-21,129.8316,1.6501,1.7155,-0.0654,168.2693,6.7379,75.9533,41.3961,63.6186,18.7574,100.0000,28.5714,122.8316,129.9451,137.0586,77399463813.7319
267,aapl,2021-01-22,130.6428,2.1845,1.8093,0.3751,170.4755,5.4519,79.9414,63.7206,87.8940,20.8481,100.0000,21.4286,122.5049,131.9676,141.4302,77476954933.2090
268,aapl,2021-01-25,131.7247,2.8839,2.0242,0.8596,203.8457,9.1326,85.2812,79.3945,86.6709,24.0942,100.0000,14.2857,124.5659,135.1088,145.6517,77554562572.0007
269,aapl,2021-01-26,133.1361,3.4180,2.3030,1.1150,184.3771,8.4792,85.5803,88.2256,90.1119,27.0156,92.8571,7.1429,129.9232,138.1605,146.3977,77576389828.2257
270,aapl,2021-01-27,134.4559,3.7102,2.5844,1.1258,150.7589,3.9286,76.6554,86.7086,83.3430,28.8989,85.7143,0.0000,135.2739,140.1571,145.0403,77555027921.3359
271,aapl,2021-01-28,135.0730,3.5023,2.7680,0.7343,85.8270,1.6460,48.2417,78.1005,60.8465,28.0731,78.5714,21.4286,135.4574,140.2009,144.9443,77433435995.5883
272,aapl,2021-01-29,135.3766,2.8921,2.7928,0.0993,-0.9522,-1.3162,32.6343,59.8375,35.3230,26.2354,71.4286,14.2857,130.1412,138.7855,147.4299,77351062771.9526
273,aapl,2021-02-01,136.0733,2.5542,2.7451,-0.1909,6.8356,1.0928,42.5135,38.7464,20.0697,24.5816,64.2857,7.1429,128.3693,137.0377,145.7062,77398094783.4939
274,aapl,2021-02-02,136.7859,2.3279,2.6617,-0.3338,31.3102,4.3119,46.3483,26.6395,24.5259,22.6258,57.1429,0.0000,128.5906,135.4114,142.2321,77352606292.9983
275,aapl,2021-02-03,136.9760,2.0406,2.5374,-0.4968,14.7156,2.2365,42.0201,25.2519,31.1602,21.3256,50.0000,21.4286,130.4862,133.7950,137.1038,77290188975.5861
276,aapl,2021-02-04,137.0278,2.0662,2.4432,-0.3770,41.1972,8.5229,58.0932,36.9453,55.1498,19.2715,42.8571,14.2857,130.3514,133.8547,137.3580,77373772868.8932
277,aapl,2021-02-05,136.8183,2.0290,2.3604,-0.3314,43.0898,4.6173,55.7149,53.3982,73.8844,17.3895,35.7143,7.1429,131.9994,134.8510,137.7026,77385418073.4974
278,aapl,2021-02-08,136.2405,1.9887,2.2860,-0.2974,32.4941,3.8358,56.5017,73.8193,92.4237,16.1451,28.5714,0.0000,132.7228,135.4433,138.1638,77453220326.0399
279,aapl,2021-02-09,135.5492,1.8628,2.2014,-0.3386,33.0295,5.6085,49.8579,81.6155,78.5382,14.6136,21.4286,0.0000,133.1897,135.6869,138.1842,77389229309.6312
280,aapl,2021-02-10,134.9055,1.6937,2.0998,-0.4062,10.1936,5.2740,45.2736,76.3422,58.0645,13.9583,14.2857,42.8571,134.7043,136.0160,137.3276,77372119165.7701
281,aapl,2021-02-11,134.7306,1.5212,1.9841,-0.4629,-4.6662,3.3941,43.1919,58.8705,40.0087,13.7439,7.1429,35.7143,134.1892,135.6064,137.0236,77374572601.9814
282,aapl,2021-02-12,135.0902,1.3878,1.8649,-0.4770,-16.9983,5.1687,46.0540,44.0151,33.9719,13.6000,0.0000,28.5714,134.0463,135.3293,136.6123,77424245757.6177
283,aapl,2021-02-16,135.0155,1.0941,1.7107,-0.6166,-49.5548,4.9156,29.2956,33.6682,27.0238,14.0579,7.1429,21.4286,132.6753,134.5877,136.5000,77363688402.1352
284,aapl,2021-02-17,134.6219,0.6647,1.5015,-0.8368,-145.1046,2.5081,19.6571,27.6848,22.0585,16.2288,0.0000,100.0000,130.0213,133.5569,137.0926,77363334321.4343
285,aapl,2021-02-18,134.2203,0.2309,1.2474,-1.0165,-185.9107,-1.6099,16.4117,22.1045,17.2312,19.0118,0.0000,100.0000,127.9167,132.4246,136.9325,77438833875.4321
286,aapl,2021-02-19,133.4912,-0.0990,0.9781,-1.0771,-142.4203,-4.9721,18.7849,21.1449,24.1451,20.8333,50.0000,92.8571,127.0363,131.3759,135.7156,77449390855.5028
287,aapl,2021-02-22,132.4186,-0.6640,0.6497,-1.3137,-177.8798,-9.2623,10.1080,20.2432,19.3532,23.6705,42.8571,100.0000,124.8792,129.5079,134.1366,77366481976.5829
288,aapl,2021-02-23,131.3171,-1.1102,0.2977,-1.4080,-211.8397,-11.8047,9.9012,24.1061,28.8200,27.8660,35.7143,100.0000,123.8622,128.0466,132.2310,77492415558.9668
289,aapl,2021-02-24,130.2545,-1.4878,-0.0594,-1.4284,-167.3988,-12.3094,9.0573,28.7632,38.1163,31.6419,28.5714,92.8571,122.9686,126.9521,130.9356,77589450430.0587
290,aapl,2021-02-25,128.8191,-2.1133,-0.4702,-1.6431,-165.9734,-14.7041,4.7402,36.9355,43.8701,35.3343,21.4286,85.7143,119.5907,125.2136,130.8365,77466697569.0233
291,aapl,2021-02-26,127.4365,-2.5578,-0.8877,-1.6701,-143.2074,-11.4146,8.1299,38.7653,34.3095,38.6574,14.2857,78.5714,118.9692,123.4971,128.0250,77308645762.9658
292,aapl,2021-03-01,126.6809,-2.3577,-1.1817,-1.1760,-74.9923,-3.0149,55.7410,42.1674,48.3225,38.9275,7.1429,71.4286,118.5118,123.8540,129.1961,77418617816.4893
293,aapl,2021-03-02,125.8765,-2.3864,-1.4226,-0.9637,-65.9942,-6.5845,44.0683,47.5277,59.9512,38.5489,0.0000,64.2857,118.5110,123.7064,128.9019,77322420862.8356
294,aapl,2021-03-03,125.0013,-2.6249,-1.6631,-0.9618,-98.2912,-9.4429,33.8988,55.3251,57.7015,39.2714,0.0000,57.1429,117.8210,123.0505,128.2801,77222298241.0727
295,aapl,2021-03-04,124.0464,-2.9354,-1.9176,-1.0179,-117.0546,-10.1761,28.6808,49.1645,29.8409,40.7683,0.0000,50.0000,117.2958,122.8791,128.4624,77152181022.0161
296,aapl,2021-03-05,123.2041,-3.0426,-2.1426,-0.9001,-111.0907,-11.4914,36.8078,36.7432,22.6872,42.3605,7.1429,100.0000,117.3722,122.9110,128.4498,77269663636.9782
297,aapl,2021-03-08,122.2431,-3.4943,-2.4129,-1.0814,-129.4140,-14.9166,23.6141,23.1403,16.8929,44.1033,0.0000,100.0000,114.9542,120.6323,126.3104,77124955708.2161
298,aapl,2021-03-09,121.7671,-3.4327,-2.6169,-0.8158,-86.7605,-11.5587,46.1463,22.8649,29.0147,44.7396,0.0000,92.8571,115.7929,119.8278,123.8628,77177241344.2046
299,aapl,2021-03-10,121.2319,-3.4331,-2.7801,-0.6530,-82.5746,-11.7859,42.4830,26.8058,34.5099,45.2117,7.1429,85.7143,115.8191,119.4132,123.0073,77108922990.8448
300,aapl,2021-03-11,121.3285,-3.2369,-2.8715,-0.3654,-53.5813,-9.9195,51.1660,41.6719,61.4912,44.6564,0.0000,78.5714,115.7753,119.7780,123.7807,77079864230.4994
301,aapl,2021-03-12,121.3056,-3.1202,-2.9212,-0.1990,-74.8410,-10.4344,47.0002,54.4465,67.3383,44.9306,0.0000,71.4286,115.7839,119.7003,123.6166,77155695940.1935
302,aapl,2021-03-15,120.9268,-2.7579,-2.8886,0.1307,-28.8199,-8.4066,59.9676,70.8107,83.6027,42.8024,35.7143,64.2857,118.5384,121.2214,123.9044,77247769229.5563
303,aapl,2021-03-16,120.9717,-2.3169,-2.7742,0.4573,46.2244,-5.7212,65.5857,77.8907,82.7312,38.7944,28.5714,57.1429,118.0839,122.1155,126.1472,77211199884.6341
304,aapl,2021-03-17,121.2408,-2.0095,-2.6213,0.6118,21.3758,-4.6469,60.1741,83.0908,82.9385,36.3739,21.4286,50.0000,119.6644,123.0685,126.4726,77253258400.3073
305,aapl,2021-03-18,121.2807,-2.0820,-2.5134,0.4314,-53.0523,-7.0773,39.1091,73.6682,55.3350,35.0753,14.2857,42.8571,118.7457,122.7834,126.8211,77149626861.0393
306,aapl,2021-03-19,121.1382,-2.1581,-2.4424,0.2843,-77.5115,-7.6076,37.0399,56.1635,30.2171,34.1772,7.1429,35.7143,118.0440,122.5761,127.1081,77030684859.7355
307,aapl,2021-03-22,121.8389,-1.9227,-2.3384,0.4157,2.7628,-2.0714,55.5490,36.3407,23.4701,31.7386,0.0000,28.5714,118.0075,122.4564,126.9054,77112836536.3382
308,aapl,2021-03-23,121.9840,-1.7840,-2.2276,0.4435,22.2511,-2.6379,50.8752,28.9775,33.2451,29.3097,64.2857,21.4286,118.3141,121.8524,125.3906,77053737829.4119
309,aapl,2021-03-24,121.9949,-1.8498,-2.1520,0.3022,-47.9633,-4.1963,39.0402,30.5330,34.8838,28.2091,57.1429,14.2857,118.1476,120.9214,123.6951,76966768728.5897
310,aapl,2021-03-25,121.8584,-1.8405,-2.0897,0.2492,-64.9754,-0.3306,42.4551,32.2382,28.5856,27.7307,50.0000,7.1429,118.1726,120.9333,123.6940,76986091748.8896
311,aapl,2021-03-26,121.8763,-1.7630,-2.0244,0.2614,-55.0770,-0.0412,47.0526,30.3209,27.4932,27.3400,42.8571,0.0000,118.7294,121.1765,123.6237,77060319831.9896
312,aapl,2021-03-29,121.6171,-1.6678,-1.9531,0.2852,-9.6776,-5.0082,48.5444,32.0060,39.9391,26.0762,35.7143,0.0000,119.1267,120.7778,122.4289,77037171842.3062
313,aapl,2021-03-30,121.0519,-1.6928,-1.9010,0.2083,-85.4538,-4.1720,37.5862,35.2792,38.4054,25.9807,28.5714,100.0000,119.0754,120.2515,121.4275,77066980184.8049
314,aapl,2021-03-31,120.7918,-1.5141,-1.8236,0.3095,43.5572,0.0737,56.2345,41.9784,47.5907,23.5865,21.4286,92.8571,119.1477,120.6622,122.1766,77048507688.7492
315,aapl,2021-04-01,121.0380,-1.2892,-1.7167,0.4275,81.4271,2.3891,61.6460,48.0168,58.0543,21.4484,14.2857,85.7143,119.0854,121.1426,123.1999,77018738623.7378
316,aapl,2021-04-05,121.6271,-0.8678,-1.5469,0.6792,144.0255,3.6897,74.8880,62.4214,81.6191,20.7151,7.1429,78.5714,118.0984,122.0777,126.0569,77092465899.4297
317,aapl,2021-04-06,121.9082,-0.5030,-1.3382,0.8351,177.7036,8.4651,75.9954,75.7947,87.7107,20.5889,0.0000,71.4286,118.3113,123.0386,127.7659,77072964783.8821
318,aapl,2021-04-07,122.4425,-0.0772,-1.0860,1.0088,171.5760,5.6283,81.5422,88.1118,95.0057,20.9044,100.0000,64.2857,120.3761,124.6335,128.8908,77155230539.9566
319,aapl,2021-04-08,123.4662,0.4530,-0.7782,1.2312,218.9826,8.6514,87.0056,92.9277,96.0668,22.3789,100.0000,57.1429,121.4358,126.2702,131.1047,77241224502.3612
320,aapl,2021-04-09,124.7028,1.0727,-0.4080,1.4807,215.8683,9.0480,90.6938,96.8990,99.6245,24.7157,100.0000,50.0000,122.9224,128.2629,133.6033,77345221624.6058
321,aapl,2021-04-12,125.7026,1.4065,-0.0451,1.4516,170.6200,8.4359,73.3591,95.9398,92.1280,26.8188,92.8571,42.8571,124.5199,129.3275,134.1350,77304041452.0817
322,aapl,2021-04-13,127.0024,1.9056,0.3450,1.5606,175.9343,8.4200,81.4255,94.4006,91.4493,29.3456,100.0000,35.7143,126.5011,130.9662,135.4313,77379929751.3869
323,aapl,2021-04-14,128.2115,2.0841,0.6929,1.3913,137.2389,5.1445,63.3785,86.6331,76.3220,31.7338,100.0000,28.5714,128.9786,131.7896,134.6006,77312263646.9658
324,aapl,2021-04-15,129.4426,2.3966,1.0336,1.3630,135.5503,7.8070,71.5036,82.8914,80.9030,33.8832,100.0000,21.4286,130.0424,132.6150,135.1876,77335914350.4345
325,aapl,2021-04-16,130.5550,2.5871,1.3443,1.2428,113.2876,11.3084,68.8743,77.5087,75.3010,35.3551,92.8571,14.2857,130.1269,132.8472,135.5675,77358519589.8310
326,aapl,2021-04-19,131.4462,2.7610,1.6276,1.1333,106.3476,12.3760,71.4948,80.4261,85.0742,37.0363,100.0000,7.1429,131.5620,133.5649,135.5678,77397021874.7885
327,aapl,2021-04-20,132.1340,2.7281,1.8477,0.8804,81.6736,7.8775,56.3956,75.8820,67.2709,36.5948,100.0000,0.0000,131.2522,133.3018,135.3513,77368476221.3173
328,aapl,2021-04-21,132.6922,2.7023,2.0187,0.6837,65.9693,8.9440,58.8449,70.0087,57.6810,35.5952,92.8571,0.0000,132.3274,133.5948,134.8623,77423272347.8910
329,aapl,2021-04-22,132.8497,2.5273,2.1204,0.4069,55.6514,9.8676,45.9421,53.2823,34.8949,34.9751,85.7143,0.0000,131.1278,133.0845,135.0411,77371421382.1777
330,aapl,2021-04-23,132.9818,2.5506,2.2064,0.3441,68.6270,11.3857,61.8815,46.2509,46.1768,35.0738,78.5714,0.0000,131.1138,133.1164,135.1189,77407606929.2901
331,aapl,2021-04-26,133.3287,2.5716,2.2794,0.2921,72.6503,11.1459,64.1050,45.6209,55.7909,35.1627,71.4286,7.1429,131.1503,133.0924,135.0345,77444181700.3912
332,aapl,2021-04-27,133.3247,2.5325,2.3301,0.2024,71.4769,10.7093,60.4676,59.2589,75.8089,35.4975,64.2857,0.0000,131.3518,133.3476,135.3435,77406603473.5114
333,aapl,2021-04-28,133.4792,2.4086,2.3458,0.0628,56.0989,11.4095,51.5016,67.2313,70.0942,34.2040,57.1429,0.0000,131.3755,133.3636,135.3517,77354389818.2686
334,aapl,2021-04-29,133.3775,2.2761,2.3318,-0.0557,63.7734,9.2755,50.3495,66.0028,52.1053,34.6115,100.0000,0.0000,132.7055,133.6706,134.6357,77270662883.2225
335,aapl,2021-04-30,133.1084,1.9857,2.2626,-0.2769,-3.9195,6.8780,32.1752,50.4789,29.2373,33.1500,92.8571,0.0000,130.8369,133.1004,135.3639,77195602246.1071
336,aapl,2021-05-03,132.8791,1.8215,2.1744,-0.3529,10.7148,5.2740,45.3571,33.5614,19.3415,32.2453,85.7143,92.8571,130.6639,132.6658,134.6677,77168097432.6923
337,aapl,2021-05-04,132.3548,1.2991,1.9993,-0.7002,-173.8431,1.2994,22.0717,20.8852,14.0768,31.1339,78.5714,100.0000,127.1559,131.3620,135.5680,77096588133.6476
338,aapl,2021-05-05,131.8165,0.8949,1.7785,-0.8835,-185.5423,0.1564,24.6492,16.6009,16.3843,30.1337,71.4286,92.8571,125.6735,130.2695,134.8655,77021393779.5926
339,aapl,2021-05-06,131.5972,0.6985,1.5625,-0.8640,-174.7334,-0.4756,40.7256,17.4691,21.9462,29.7747,64.2857,85.7143,125.8625,129.5238,133.1852,77098925714.0749
340,aapl,2021-05-07,131.2095,0.5915,1.3683,-0.7768,-90.8550,-1.9286,46.7056,24.4834,35.1198,27.7341,57.1429,78.5714,125.9144,129.3185,132.7226,77085054903.6633
341,aapl,2021-05-10,130.4463,0.2332,1.1413,-0.9080,-168.3674,-3.1817,28.9176,30.0736,33.1550,27.6084,50.0000,71.4286,125.7348,128.2269,130.7189,76999564516.5849
342,aapl,2021-05-11,129.6222,-0.1249,0.8880,-1.0130,-205.7809,-6.1796,25.5188,33.3371,31.7364,29.2692,42.8571,100.0000,124.6781,127.8825,131.0869,77099757961.2054
343,aapl,2021-05-12,128.5654,-0.6543,0.5796,-1.2338,-197.5537,-6.8564,17.1180,27.2273,16.7904,30.9499,35.7143,100.0000,121.5214,126.8613,132.2011,77036397048.7967
344,aapl,2021-05-13,127.7381,-0.8863,0.2864,-1.1727,-128.0394,-6.9285,35.6663,24.2822,24.3199,31.0433,28.5714,92.8571,121.0732,125.9524,130.8316,77010071742.2088
345,aapl,2021-05-14,127.3599,-0.8604,0.0570,-0.9174,-75.5467,-4.8410,51.0897,25.6254,35.7659,29.6682,21.4286,85.7143,122.1215,125.4012,128.6810,77056652537.8771
346,aapl,2021-05-17,126.7561,-0.9243,-0.1392,-0.7851,-85.6207,-6.1975,44.7140,39.2288,57.6006,28.8098,14.2857,78.5714,122.1540,125.2854,128.4168,77075213693.9193
347,aapl,2021-05-18,126.4781,-1.0770,-0.3268,-0.7502,-87.7330,-6.0469,37.6469,52.0896,62.9022,28.2613,7.1429,71.4286,121.9456,125.0737,128.2019,77015883439.1551
348,aapl,2021-05-19,126.1592,-1.1971,-0.5008,-0.6962,-104.6389,-6.4414,36.8272,57.2518,51.2525,28.7979,0.0000,64.2857,123.3346,125.4571,127.5797,77088215430.5468
349,aapl,2021-05-20,125.9384,-1.0688,-0.6144,-0.4544,-48.4619,-3.3461,56.3037,57.0460,56.9834,26.8880,7.1429,57.1429,123.5844,125.9244,128.2644,77141018034.1532
350,aapl,2021-05-21,125.4611,-1.1059,-0.7127,-0.3932,-54.3894,-6.4607,44.1067,55.5065,58.2836,24.9554,0.0000,50.0000,123.5783,125.5210,127.4638,77074227971.5988
351,aapl,2021-05-24,125.4861,-0.9893,-0.7680,-0.2213,-32.0323,-5.4968,54.9443,62.9734,73.6532,23.2160,0.0000,42.8571,123.4608,125.6868,127.9128,77084322842.7912
352,aapl,2021-05-25,125.5849,-0.9026,-0.7950,-0.1077,-21.2994,-5.4138,53.3945,66.9215,68.8276,21.3107,14.2857,35.7143,124.0270,126.0962,128.1654,77054078860.3981
353,aapl,2021-05-26,125.9923,-0.8284,-0.8017,-0.0268,-23.0908,-4.8777,52.9279,70.9192,70.2769,19.5959,7.1429,28.5714,125.2011,126.5275,127.8539,77047663034.4910
354,aapl,2021-05-27,126.0233,-0.8859,-0.8185,-0.0674,-46.0381,-5.9847,39.4112,61.3141,44.8378,19.2116,0.0000,21.4286,124.5499,126.1221,127.6943,76967822683.6172
355,aapl,2021-05-28,125.7397,-0.9742,-0.8496,-0.1246,-80.2006,-5.0506,34.6860,45.2729,20.7041,19.2909,0.0000,14.2857,123.9448,125.9584,127.9720,76903357441.1433
356,aapl,2021-06-01,125.5410,-1.0586,-0.8914,-0.1671,-93.7568,-6.0737,32.3016,23.5725,5.1756,19.8471,71.4286,7.1429,123.1938,125.3952,127.5967,76868339642.4345
357,aapl,2021-06-02,125.5620,-1.0505,-0.9232,-0.1272,-74.2028,-2.0170,43.7301,13.0293,13.2081,20.3478,64.2857,0.0000,123.2547,125.0278,126.8009,76909685403.3538
358,aapl,2021-06-03,125.4472,-1.1532,-0.9692,-0.1840,-110.3785,-3.3968,30.9875,11.3639,15.7079,21.5606,57.1429,28.5714,123.1391,124.3668,125.5944,76869798046.9941
359,aapl,2021-06-04,125.3054,-1.0334,-0.9821,-0.0513,-31.4387,-2.8035,55.8499,24.1332,43.4834,20.8202,50.0000,21.4286,122.9230,124.4886,126.0541,76927395335.8142
360,aapl,2021-06-07,125.3523,-0.9270,-0.9710,0.0441,2.1030,-3.3100,55.9344,40.5098,62.3380,19.9435,42.8571,14.2857,122.9086,124.7462,126.5839,76958337056.7734
361,aapl,2021-06-08,125.3163,-0.7661,-0.9301,0.1640,103.3665,-0.0867,63.3038,62.5686,81.8843,19.1520,100.0000,7.1429,123.0760,125.2375,127.3989,76918980671.3648
362,aapl,2021-06-09,125.3393,-0.6003,-0.8641,0.2638,92.2624,0.9689,66.5504,73.5864,76.5369,18.4396,92.8571,0.0000,123.1614,125.6508,128.1403,76918518249.1391
363,aapl,2021-06-10,125.2654,-0.5447,-0.8002,0.2555,60.7812,2.7205,51.6201,74.1182,63.9335,17.0469,85.7143,64.2857,125.1727,126.1641,127.1554,76858088887.2699
364,aapl,2021-06-11,125.4721,-0.3963,-0.7194,0.3232,70.1520,1.9045,63.9203,68.3206,64.4915,15.7934,78.5714,57.1429,125.3322,126.4556,127.5791,76904421687.7857
365,aapl,2021-06-14,126.0582,-0.0261,-0.5808,0.5547,212.3133,2.3774,79.9801,66.9332,72.3744,17.5953,100.0000,50.0000,124.3377,127.3703,130.4028,76997976944.7258
366,aapl,2021-06-15,126.5934,0.1973,-0.4252,0.6224,198.9557,2.6689,69.5890,73.1218,82.4995,19.2604,100.0000,42.8571,124.6691,127.9494,131.2296,76961158849.0629
367,aapl,2021-06-16,127.1017,0.4107,-0.2580,0.6687,168.1778,4.2451,72.3184,80.8630,87.7151,19.3983,100.0000,35.7143,125.1313,128.5525,131.9736,76996844746.2021
368,aapl,2021-06-17,127.9254,0.7038,-0.0656,0.7695,212.8667,5.6941,79.6573,84.8123,84.2222,20.8519,100.0000,28.5714,126.7874,129.6868,132.5861,77042870919.7599
369,aapl,2021-06-18,128.3817,0.8195,0.1114,0.7081,152.6806,2.4743,62.7838,83.4379,78.3763,22.1601,92.8571,21.4286,128.8878,130.3078,131.7278,76971665213.9389
370,aapl,2021-06-21,129.0208,1.0474,0.2986,0.7488,143.5617,5.4772,72.7616,81.3067,81.3215,21.8143,85.7143,14.2857,128.6563,130.6713,132.6863,77045851676.9784
371,aapl,2021-06-22,129.7437,1.3478,0.5085,0.8394,167.8589,5.4131,79.1435,81.4512,84.6559,22.8855,100.0000,7.1429,128.7853,131.5380,134.2907,77114555326.0774
372,aapl,2021-06-23,130.3997,1.5455,0.7159,0.8297,150.1555,5.3586,75.4602,86.4339,93.3244,24.0279,100.0000,0.0000,129.6706,132.2469,134.8232,77106268968.3086
373,aapl,2021-06-24,131.1286,1.6597,0.9046,0.7551,126.0432,5.1715,71.1718,88.5974,87.8118,25.3037,100.0000,0.0000,129.9982,132.5704,135.1427,77076132565.6587
374,aapl,2021-06-25,131.7037,1.7064,1.0650,0.6414,103.4478,6.2500,66.2998,86.7163,79.0127,26.2404,92.8571,0.0000,131.9453,133.0996,134.2540,77044673122.9993
375,aapl,2021-06-28,132.1331,1.8565,1.2233,0.6332,117.2496,8.1615,77.1730,81.8686,78.7812,28.1447,100.0000,14.2857,132.4544,133.5949,134.7354,77076302361.6975
376,aapl,2021-06-29,132.8011,2.0764,1.3939,0.6825,131.9366,9.6958,83.3904,80.8922,84.8826,30.6370,100.0000,7.1429,131.7159,134.0642,136.4124,77131205196.9478
377,aapl,2021-06-30,133.4811,2.2753,1.5702,0.7051,137.8106,9.5154,85.4095,84.8926,91.0140,33.3709,100.0000,0.0000,131.6571,134.7152,137.7733,77157495646.0455
378,aapl,2021-07-01,134.0282,2.4298,1.7421,0.6877,126.5378,11.1138,86.4245,90.0573,94.2754,35.6149,92.8571,0.0000,132.3919,135.4860,138.5802,77205969774.9570
379,aapl,2021-07-02,134.9768,2.7374,1.9412,0.7963,157.9499,11.1764,92.2629,93.6045,95.5241,38.8270,100.0000,0.0000,133.4891,136.8540,140.2188,77282114617.1502
380,aapl,2021-07-06,135.9473,3.1114,2.1752,0.9361,181.7865,12.8038,94.5192,94.7681,94.5047,42.5609,100.0000,7.1429,134.0060,138.2998,142.5936,77310916263.3084
381,aapl,2021-07-07,137.0048,3.5720,2.4546,1.1174,196.3513,14.0682,96.2234,94.7932,94.3509,46.2509,100.0000,0.0000,134.1893,139.9453,145.7014,77385718696.7421
382,aapl,2021-07-08,137.9573,3.7862,2.7209,1.0653,147.4248,12.6721,80.0050,92.4610,88.5273,46.8851,92.8571,14.2857,136.0731,141.1994,146.3258,77440294522.5918
383,aapl,2021-07-09,139.1256,4.0599,2.9887,1.0712,151.9488,15.0662,84.5745,91.1362,90.5306,48.0108,100.0000,7.1429,139.0639,142.7651,146.4662,77504198244.1206
384,aapl,2021-07-12,140.2628,4.1794,3.2268,0.9526,138.3691,13.4668,77.3653,87.0167,81.9922,49.2415,100.0000,0.0000,141.4404,143.6717,145.9030,77460786335.0565
385,aapl,2021-07-13,141.3472,4.3162,3.4447,0.8715,128.5978,11.6186,81.1240,83.8703,79.0882,50.7040,100.0000,0.0000,142.7967,144.3946,145.9926,77465788201.5901
386,aapl,2021-07-14,142.6273,4.6538,3.6865,0.9673,147.5243,15.0494,88.4841,80.2911,79.7930,52.5816,100.0000,14.2857,141.3556,145.3093,149.2629,77536371971.0346
387,aapl,2021-07-15,143.7776,4.8119,3.9116,0.9003,125.3546,14.0837,80.9526,80.4951,82.6042,53.4911,100.0000,7.1429,142.6105,146.3557,150.1008,77531599930.2537
388,aapl,2021-07-16,144.6882,4.7145,4.0722,0.6423,98.7815,11.0782,60.7802,78.3463,72.6417,52.7742,92.8571,0.0000,143.1359,146.6113,150.0867,77462863054.3853
389,aapl,2021-07-19,144.9368,4.2706,4.1119,0.1587,36.1125,9.1906,38.2940,66.4159,44.0018,48.1997,85.7143,0.0000,141.4705,146.2019,150.9333,77420360954.5835
390,aapl,2021-07-20,145.3492,4.1689,4.1233,0.0456,64.5696,10.4686,56.9777,50.7115,35.4911,45.7260,78.5714,0.0000,141.6223,146.3038,150.9852,77472503135.3386
391,aapl,2021-07-21,145.4321,3.9819,4.0950,-0.1131,59.1714,8.5237,52.9179,38.4891,35.9744,43.4997,71.4286,7.1429,141.6587,145.5549,149.4510,77474502960.9239
392,aapl,2021-07-22,145.7875,3.9016,4.0563,-0.1548,76.4034,9.7981,59.6297,41.8186,53.9903,42.4871,64.2857,0.0000,142.1003,145.2194,148.3385,77461370066.4794
393,aapl,2021-07-23,146.1320,3.9343,4.0319,-0.0976,89.2276,11.3560,67.0182,52.8718,68.6506,41.8099,57.1429,0.0000,141.6491,145.6527,149.6564,77520282290.3148
394,aapl,2021-07-26,146.5803,3.9494,4.0154,-0.0660,96.9159,11.9300,68.7641,68.5411,82.9823,41.6935,50.0000,0.0000,144.1983,146.9588,149.7193,77535585266.8718
395,aapl,2021-07-27,146.6932,3.7394,3.9602,-0.2208,63.4491,8.8960,51.2548,75.7320,75.5631,39.5994,42.8571,7.1429,144.4659,147.0826,149.6993,77500645740.8336
396,aapl,2021-07-28,146.2768,3.3897,3.8461,-0.4564,7.6686,6.3449,40.7873,70.8926,54.1324,35.7419,35.7143,0.0000,144.1290,146.9987,149.8684,77512726787.3046
397,aapl,2021-07-29,145.9932,3.1296,3.7028,-0.5732,18.3230,6.3376,45.8813,56.2483,39.0495,32.2702,28.5714,42.8571,143.6252,146.7671,149.9089,77516863059.9297
398,aapl,2021-07-30,145.9403,2.9077,3.5438,-0.6361,1.7084,6.2577,47.7540,44.5647,40.5121,29.4781,21.4286,35.7143,143.4436,146.2279,149.0121,77557477474.9001
399,aapl,2021-08-02,146.2468,2.6737,3.3698,-0.6961,7.8738,3.9726,44.7617,41.2698,44.2478,26.5851,14.2857,28.5714,144.3669,145.5349,146.7029,77514571148.5406
400,aapl,2021-08-03,146.3677,2.6064,3.2171,-0.6107,40.0769,3.7600,61.2059,48.0062,59.2588,24.8200,7.1429,21.4286,144.0582,145.6527,147.2473,77548377778.1764
401,aapl,2021-08-04,146.5224,2.4913,3.0719,-0.5806,40.7660,1.6463,56.5194,57.2141,68.1357,23.2315,0.0000,14.2857,144.5576,146.0461,147.5347,77542031681.4710
402,aapl,2021-08-05,146.5484,2.3815,2.9339,-0.5523,34.5222,2.6669,57.6080,68.5424,78.2326,21.6891,42.8571,7.1429,144.8860,146.3297,147.7734,77545087815.7072
403,aapl,2021-08-06,146.3287,2.2126,2.7896,-0.5770,3.7842,0.8614,48.0408,69.7148,62.7759,19.9510,35.7143,0.0000,145.1282,146.4296,147.7309,77528264617.0721
404,aapl,2021-08-09,146.0611,2.0510,2.6419,-0.5908,-11.0819,1.2525,47.3378,64.2911,51.8646,18.2592,28.5714,42.8571,145.7702,146.5873,147.4044,77526606695.4111
405,aapl,2021-08-10,145.9662,1.8620,2.4859,-0.6239,-8.0097,0.1230,40.1421,48.5550,31.0246,17.8124,21.4286,35.7143,145.3709,146.2796,147.1883,77474767783.9546
406,aapl,2021-08-11,146.0760,1.7134,2.3314,-0.6180,-11.4709,-2.0586,45.6243,35.9768,25.0412,17.4102,14.2857,28.5714,145.2787,146.1058,146.9329,77453169855.0555
407,aapl,2021-08-12,146.4229,1.8192,2.2290,-0.4098,117.9710,0.4271,76.7046,33.2906,43.8060,19.1181,7.1429,21.4286,144.1113,146.5160,148.9207,77519594040.9028
408,aapl,2021-08-13,146.7688,1.8981,2.1628,-0.2647,165.4262,2.0045,77.8037,46.3557,70.2199,20.9383,0.0000,14.2857,144.0081,147.1080,150.2079,77543926261.5098
409,aapl,2021-08-16,147.3507,2.0994,2.1501,-0.0507,188.3854,6.2460,85.8380,69.8125,95.4116,20.1085,100.0000,7.1429,143.9177,148.1140,152.3103,77644413384.7216
410,aapl,2021-08-17,147.6558,2.1590,2.1519,0.0071,191.2167,2.9190,71.0398,84.7965,88.7580,19.8121,100.0000,0.0000,145.4782,149.0320,152.5858,77630525509.5672
411,aapl,2021-08-18,147.6189,1.8756,2.0966,-0.2210,40.7216,0.8118,37.6376,81.7774,61.1627,19.1130,92.8571,7.1429,145.9301,149.1320,152.3339,77552133199.1733
412,aapl,2021-08-19,147.6050,1.6593,2.0092,-0.3499,-33.7162,0.0823,40.7300,62.7866,38.4390,19.6831,85.7143,0.0000,144.9298,148.6940,152.4582,77574494421.7448
413,aapl,2021-08-20,147.8100,1.5898,1.9253,-0.3355,45.7917,-0.0989,53.3909,43.3047,30.3125,19.6436,78.5714,92.8571,144.7559,148.5120,152.2681,77613218022.3261
414,aapl,2021-08-23,148.1720,1.6384,1.8679,-0.2295,120.1705,0.6345,63.3689,40.0945,51.5320,17.9076,71.4286,85.7143,145.1483,148.2300,151.3117,77648251337.7175
415,aapl,2021-08-24,148.5740,1.6507,1.8245,-0.1738,128.0489,2.0953,62.3805,49.9991,68.1529,16.4928,64.2857,78.5714,145.3022,148.1160,150.9298,77626364232.7116
416,aapl,2021-08-25,148.8240,1.5410,1.7678,-0.2268,69.3891,2.4854,49.0044,63.6458,71.2525,15.6797,57.1429,71.4286,146.3118,148.5160,150.7202,77593591289.9338
417,aapl,2021-08-26,148.6890,1.3721,1.6887,-0.3166,26.9652,1.4571,41.7259,64.2265,53.2741,15.1965,50.0000,64.2857,146.9901,148.6840,150.3779,77546805170.5239
418,aapl,2021-08-27,148.6390,1.3087,1.6127,-0.3040,21.5959,2.0319,53.0047,55.2022,41.0800,15.3502,42.8571,57.1429,147.1373,148.7660,150.3947,77593888435.3989
419,aapl,2021-08-30,148.8390,1.6046,1.6111,-0.0064,194.2988,5.3811,76.8683,48.8950,52.3308,16.0910,100.0000,50.0000,145.5435,149.4480,153.3525,77671052540.5669
420,aapl,2021-08-31,149.0030,1.7153,1.6319,0.0834,170.2575,3.1885,65.0791,54.8525,71.1467,16.7577,92.8571,42.8571,145.5335,149.8900,154.2465,77646433441.0239
421,aapl,2021-09-01,149.6180,1.8367,1.6729,0.1639,187.6992,3.9398,68.2842,67.7384,79.7376,18.6024,100.0000,35.7143,146.2655,150.7200,155.1745,77576463162.5011
422,aapl,2021-09-02,150.3130,2.0019,1.7387,0.2632,169.3741,4.6385,73.4003,75.6780,76.1498,20.2627,92.8571,28.5714,148.3857,151.9420,155.4983,77581985075.0270
423,aapl,2021-09-03,150.9240,2.1603,1.8230,0.3373,156.7167,5.5837,76.1431,78.9290,80.8997,21.7569,85.7143,21.4286,151.3610,153.0820,154.8030,77615051398.4556
424,aapl,2021-09-07,151.6220,2.4505,1.9485,0.5020,186.6634,7.2558,83.8141,81.6230,87.8194,24.4658,100.0000,14.2857,150.4292,153.7960,157.1628,77664647702.1246
425,aapl,2021-09-08,152.1710,2.5238,2.0636,0.4603,140.0001,6.5316,66.2191,82.4706,78.6927,26.3739,92.8571,7.1429,151.6407,154.4520,157.2633,77645344581.5487
426,aapl,2021-09-09,152.7420,2.4696,2.1448,0.3248,106.0085,5.6287,56.4659,75.6279,60.3717,28.0571,85.7143,0.0000,152.6160,154.7640,156.9120,77594406154.8820
427,aapl,2021-09-10,152.8850,1.9921,2.1142,-0.1221,5.8476,0.0537,29.6746,56.7789,31.2724,26.0398,78.5714,0.0000,148.6345,153.8280,159.0215,77464734504.9706
428,aapl,2021-09-13,152.9800,1.6416,2.0197,-0.3781,-27.3335,0.3018,34.1183,35.8198,15.8154,24.2243,71.4286,28.5714,146.7277,152.8780,159.0283,77423696066.0080
429,aapl,2021-09-14,152.4800,1.2341,1.8626,-0.6284,-58.7998,-1.9852,28.5572,18.4769,8.3429,23.8221,64.2857,21.4286,145.4578,151.1640,156.8702,77377980788.7724
430,aapl,2021-09-15,152.2000,0.9735,1.6848,-0.7113,-65.0735,-0.7724,36.7570,13.5178,16.3949,23.7935,57.1429,100.0000,145.7252,149.9480,154.1708,77439017583.1535
431,aapl,2021-09-16,151.8280,0.7390,1.4956,-0.7566,-65.2827,1.6603,35.4169,15.5592,21.9397,23.7678,50.0000,92.8571,147.9692,148.8920,149.8148,77493048133.7316
432,aapl,2021-09-17,151.0690,0.3291,1.2623,-0.9332,-105.5419,-0.4363,23.3253,19.3531,19.7249,24.6811,42.8571,100.0000,145.8794,148.3100,150.7406,77388643785.0257
433,aapl,2021-09-20,149.9330,-0.2447,0.9609,-1.2056,-186.9291,-3.5427,15.6785,19.3221,16.3018,27.4818,35.7143,100.0000,142.4320,146.9880,151.5440,77380688564.1602
434,aapl,2021-09-21,148.6070,-0.6523,0.6383,-1.2906,-151.0379,-4.1948,20.7771,17.4288,16.2598,30.0023,28.5714,92.8571,140.9178,146.0500,151.1822,77359021717.8744
435,aapl,2021-09-22,147.6810,-0.7713,0.3564,-1.1276,-99.8781,-2.5197,42.3116,22.2938,34.3198,30.2980,21.4286,85.7143,141.2129,145.4140,149.6151,77402960021.4518
436,aapl,2021-09-23,146.9570,-0.7775,0.1296,-0.9071,-69.9104,-1.0313,49.2892,34.5889,53.1870,29.9190,14.2857,78.5714,141.9364,145.0220,148.1076,77445284937.9796
437,aapl,2021-09-24,146.7520,-0.7663,-0.0496,-0.7167,-64.3770,-0.4202,49.9836,54.0857,74.7502,29.1815,7.1429,71.4286,141.8143,145.1940,148.5737,77467960047.1902
438,aapl,2021-09-27,146.3340,-0.8724,-0.2142,-0.6583,-89.4369,-2.1736,38.6028,67.0894,73.3309,29.5590,0.0000,64.2857,143.1427,145.6800,148.2173,77501223925.6201
439,aapl,2021-09-28,145.7130,-1.2217,-0.4157,-0.8060,-117.6216,-7.3211,23.6055,66.0444,50.0521,30.9352,0.0000,57.1429,141.7169,145.3760,149.0351,77407920810.9795
440,aapl,2021-09-29,145.0930,-1.4080,-0.6141,-0.7939,-101.4500,-5.9277,32.3420,49.8779,26.2506,32.1738,0.0000,50.0000,140.6567,144.7720,148.8873,77382642432.4341
441,aapl,2021-09-30,144.3640,-1.6440,-0.8201,-0.8239,-104.9421,-7.2192,26.8030,28.4435,9.0277,33.6454,0.0000,42.8571,139.5148,143.7060,147.8972,77306234229.4283
442,aapl,2021-10-01,144.0230,-1.7184,-0.9998,-0.7187,-108.6783,-7.1591,38.2359,20.0878,24.9850,35.8639,0.0000,100.0000,140.1543,142.8520,145.5497,77387459974.4378
