Ticker,Date,SMA_10,SMA_10_min_max,SMA_10_fluc_pctg,MACD,MACD_Signal,MACD_Hist,MACD_polarize,MACD_Signal_polarize,MACD_Hist_polarize,CCI_20,CCI_20_polarize,ROC_10,ROC_10_polarize,ROC_10_fluc_pctg,RSI_5,RSI_5_polarize,RSI_5_fluc_pctg,STOCH_SlowD,STOCH_SlowK,STOCH_SlowD_min_max,STOCH_SlowD_fluc_pctg,STOCH_SlowK_min_max,STOCH_SlowK_fluc_pctg,ADX,ADX_fluc_pctg,AROON_Up,AROON_Down,AROON_Up_min_max,AROON_Down_min_max,AROON_polarize,BBANDS_Lower_Band,BBANDS_Middle_Band,BBANDS_Upper_Band,BBANDS_width,Chaikin_AD,BBANDS_compare_high_low_price,Chaikin_AD_fluc_pctg,Open,High,Low,Close,Volume,Dividends,Stock Splits,Close_Change,Close_Change_pctg,Volume_min_max,daily_trend,New Cases,Case 7-Day Moving Avg,Historic Cases,New Deaths,Death 7-Day Moving Avg,Historic Deaths
FROG,2020-11-02,78.559,0.96747074,-0.00964399,-0.0468,1.0605,-1.1072,-1,1,-1,-116.7027,1,-9.6398,-1,1.19946153,27.3866,1,-0.12315741,10.9642,10.3862,0.05721301,-0.33441389,0.07541498,0.28639195,30.3078,-0.08057881,64.2857,100.0,0.642857,1.0,-1,67.456,75.044,82.632,15.176,-16220750.5252,0.0,0.01388456,73.63999939,74.0,68.72000122,70.48999786,674100.0,0.0,0.0,-1.94000244,-0.02678452,0.03112248,45,87393,88004,0,856,924,0
FROG,2020-11-03,77.563,0.94643234,-0.01267837,-0.4068,0.767,-1.1738,-1,1,-1,-99.7239,0,-3.7657,-1,-0.60935912,34.2715,0,0.25139667,11.3723,15.6569,0.06182855,0.03722114,0.13252722,0.50747145,27.9172,-0.07887738,57.1429,92.8571,0.571429,0.928571,-1,68.9991,73.094,77.1889,8.1898,-16081134.3755,0.0,-0.00860726,71.0,73.22000122,69.48000336,71.80999756,567600.0,0.0,0.0,1.31999969,0.01872606,0.02365561,38,104611,91530,0,1133,954,0
FROG,2020-11-04,77.009,0.93473026,-0.00714258,-0.6802,0.4776,-1.1578,-1,1,-1,-83.8612,0,-1.5616,-1,-0.5853095,34.5653,0,0.00857272,15.655,20.922,0.11026514,0.37659049,0.18957878,0.33627985,26.2859,-0.05843351,50.0,85.7143,0.5,0.857143,-1,68.6445,72.578,76.5115,7.867,-16354640.1464,0.0,0.01700787,74.70999908,74.70999908,70.16999817,71.86000061,1070400.0,0.0,0.0,0.05000305,0.00069632,0.05890766,65,120649,96236,0,1300,996,0
FROG,2020-11-05,75.418,0.90112374,-0.02065992,-1.4363,0.0948,-1.5311,-1,1,-1,-175.9589,1,-11.4488,-1,6.33145492,19.5301,1,-0.43497959,19.0526,20.5788,0.1486914,0.2170297,0.18585993,-0.01640379,24.7577,-0.05813763,42.8571,100.0,0.428571,1.0,-1,64.8206,70.312,75.8034,10.9828,-19018476.559,1.0,0.16287955,68.5,68.5,64.04000092,64.97000122,4569500.0,0.0,0.0,-6.88999939,-0.09588087,0.30423473,61,129867,101426,0,1210,1010,0
FROG,2020-11-06,73.335,0.85712475,-0.0276194,-2.0562,-0.3354,-1.7208,-1,-1,-1,-165.3047,1,-12.9459,-1,0.1307648,18.7177,1,-0.04159733,18.7502,14.7499,0.14527131,-0.01587185,0.12269915,-0.28324781,23.5927,-0.04705607,35.7143,100.0,0.357143,1.0,-1,62.0712,68.71,75.3488,13.2776,-19880531.2854,0.0,0.04532722,65.19999695,67.13999939,63.38100052,64.41999817,1928400.0,0.0,0.0,-0.55000305,-0.00846549,0.11906331,42,140268,107325,0,1314,1059,0
FROG,2020-11-09,70.843,0.8044865,-0.03398105,-2.8591,-0.8402,-2.019,-1,-1,-1,-172.9802,1,-21.6082,-1,0.66911532,13.3347,1,-0.28758875,13.7884,6.0365,0.08915422,-0.26462651,0.02828252,-0.59074299,23.5728,-0.00084348,28.5714,100.0,0.285714,1.0,-1,57.5287,66.642,75.7553,18.2266,-21406058.0539,0.0,0.07673471,64.5,65.80000305,60.00999832,60.15000153,1603000.0,0.0,0.0,-4.26999664,-0.06628371,0.09624904,56,124754,123064,0,1067,1145,0
FROG,2020-11-10,68.647,0.75810063,-0.03099812,-3.4994,-1.372,-2.1274,-1,-1,-1,-170.4528,1,-19.0437,-1,-0.1186818,12.7445,1,-0.04426046,9.5879,7.9772,0.0416473,-0.30464013,0.04931155,0.32149424,24.3166,0.03155332,21.4286,100.0,0.214286,1.0,-1,55.3964,64.2,73.0036,17.6072,-21343925.0475,0.0,-0.00290259,60.5,61.86999893,57.18000031,59.59999847,1942700.0,0.0,0.0,-0.55000305,-0.00914386,0.1200659,56,155448,130327,0,1311,1171,466
FROG,2020-11-11,67.308,0.72981708,-0.01950559,-3.8456,-1.8667,-1.9788,-1,-1,-1,-129.1349,1,-17.2764,-1,-0.09280234,23.8502,1,0.8714112,10.1095,16.3149,0.0475465,0.0544019,0.13965718,1.0451913,24.6424,0.01339825,14.2857,92.8571,0.142857,0.928571,-1,57.5878,62.038,66.4882,8.9004,-21615249.3696,0.0,0.01271202,60.97000122,62.56000137,60.20000076,61.04999924,970200.0,0.0,0.0,1.45000076,0.02432887,0.05188249,43,162098,136248,0,1515,1202,0
FROG,2020-11-12,65.677,0.69536564,-0.02423189,-4.1575,-2.3249,-1.8326,-1,-1,-1,-115.3998,1,-20.024,-1,0.15903776,21.3653,1,-0.10418781,16.5646,25.4017,0.12055255,0.63851823,0.2381199,0.55696327,25.2448,0.02444567,7.1429,85.7143,0.071429,0.857143,-1,57.5328,61.042,64.5512,7.0184,-22274575.2805,0.0,0.03050281,61.00999832,63.40000153,59.14500046,59.99000168,1091100.0,0.0,0.0,-1.05999756,-0.01736278,0.06035897,44,168971,141834,0,1367,1224,0
FROG,2020-11-13,64.681,0.67432724,-0.01516513,-4.1567,-2.6912,-1.4654,-1,-1,-1,-94.3515,0,-22.0878,-1,0.10306632,39.7297,0,0.85954328,27.6576,41.2563,0.24601244,0.66968113,0.40991714,0.62415508,25.7869,0.02147373,0.0,78.5714,0.0,0.785714,-1,58.6006,60.652,62.7034,4.1028,-21854717.839,-1.0,-0.01884918,60.56999969,63.24000168,60.25,62.47000122,865100.0,0.0,0.0,2.47999954,0.04134021,0.04451378,26,184907,148211,0,1337,1227,0
FROG,2020-11-16,63.972,0.6593511,-0.01096149,-4.0344,-2.9599,-1.0746,-1,-1,-1,-79.13,0,-18.8636,-1,-0.14597198,45.6766,0,0.14968399,43.2484,63.0871,0.42234165,0.56370762,0.64647127,0.5291507,26.1584,0.01440654,0.0,71.4286,0.0,0.714286,-1,58.411,61.302,64.193,5.782,-21322945.4339,0.0,-0.02433216,62.04000092,63.41999817,61.47000122,63.40000153,542900.0,0.0,0.0,0.93000031,0.01488715,0.02192386,68,151216,161034,0,1208,1345,0
FROG,2020-11-17,62.989,0.6385873,-0.0153661,-4.006,-3.1691,-0.8369,-1,-1,-1,-70.7592,0,-24.202,-1,0.28300006,38.4379,0,-0.15847721,58.3058,70.5741,0.59263821,0.34816086,0.72759888,0.11867719,25.6165,-0.0207161,7.1429,64.2857,0.071429,0.642857,-1,59.4324,61.778,64.1236,4.6912,-21931580.0753,-1.0,0.02854365,63.00999832,64.73999786,61.75,61.97999954,719200.0,0.0,0.0,-1.42000198,-0.02239751,0.03428451,100,173982,163682,0,1687,1399,0
FROG,2020-11-18,62.13,0.62044274,-0.0136373,-3.8351,-3.3023,-0.5328,-1,-1,-1,-61.3624,0,-18.2558,-1,-0.24569044,47.827,0,0.24426673,69.4517,74.6939,0.71869638,0.1911628,0.7722402,0.05837552,25.1737,-0.01728573,0.0,57.1429,0.0,0.571429,-1,59.7582,62.222,64.6858,4.9276,-21778033.6753,0.0,-0.00700116,62.15999985,64.40000153,61.65000153,63.27000046,861400.0,0.0,0.0,1.29000092,0.02081318,0.04425436,38,185997,167096,0,1905,1454,0
FROG,2020-11-19,61.845,0.61442271,-0.00458716,-3.7493,-3.3917,-0.3576,-1,-1,-1,-59.6708,0,-23.1949,-1,0.27054963,40.8794,0,-0.14526523,66.8727,55.3501,0.68952835,-0.03713372,0.5626347,-0.25897429,24.7752,-0.01583001,0.0,50.0,0.0,0.5,-1,61.4787,62.648,63.8173,2.3386,-22192304.4596,-1.0,0.01902241,63.29999924,63.90000153,61.86000061,62.11999893,556000.0,0.0,0.0,-1.15000153,-0.01817609,0.02284232,25,197718,171203,0,1935,1536,0
FROG,2020-11-20,61.526,0.60768451,-0.00515806,-3.7104,-3.4554,-0.2549,-1,-1,-1,-67.065,0,-28.176,-1,0.21474979,35.8425,0,-0.12321365,58.5734,45.6761,0.59566472,-0.12410595,0.4578092,-0.17477837,25.2095,0.01752963,14.2857,42.8571,0.142857,0.428571,-1,60.7555,62.4,64.0445,3.289,-22238080.1263,1.0,0.00206268,61.84999847,62.29700089,60.25999832,61.22999954,960400.0,0.0,0.0,-0.88999939,-0.0143271,0.0511954,26,200215,173390,0,1962,1625,0
FROG,2020-11-23,61.559,0.60838156,0.00053636,-3.6974,-3.5038,-0.1935,-1,-1,-1,-82.5803,0,-28.9056,-1,0.02589438,31.725,0,-0.11487759,45.5905,35.7452,0.44883039,-0.22165181,0.35019997,-0.21742005,26.8684,0.06580456,7.1429,100.0,0.071429,1.0,-1,59.948,61.816,63.684,3.736,-20214863.1359,1.0,-0.09097984,60.0,60.88000107,57.14199829,60.47999954,2567800.0,0.0,0.0,-0.75,-0.0122489,0.16389259,38,162791,178610,0,1620,1749,0
FROG,2020-11-24,61.572,0.60865616,0.00021118,-3.7049,-3.544,-0.1609,-1,-1,-1,-61.7616,0,-26.7656,-1,-0.0740341,27.7413,1,-0.12556974,38.3902,33.7494,0.36739626,-0.15793422,0.32857389,-0.05583407,26.0915,-0.02891501,0.0,92.8571,0.0,0.928571,-1,58.8883,61.366,63.8437,4.9554,-22413712.4976,-1.0,0.10877389,61.5,63.86999893,59.63999939,59.72999954,2310000.0,0.0,0.0,-0.75,-0.01240079,0.14581785,62,181504,179685,0,2015,1796,0
FROG,2020-11-25,62.136,0.62056947,0.00916001,-3.1133,-3.4579,0.3446,-1,-1,1,-4.6714,0,-10.4111,-1,-0.61102684,70.5857,-1,1.54442654,41.935,56.3105,0.40748733,0.09233606,0.5730414,0.66848892,23.8432,-0.08616983,0.0,85.7143,0.0,0.857143,-1,57.1466,62.05,66.9534,9.8068,-18951172.903,-1.0,-0.15448309,59.70899963,67.83000183,59.41999817,66.69000244,4750300.0,0.0,0.0,6.9600029,0.11652441,0.31691089,68,203481,182183,0,2318,1855,0
FROG,2020-11-27,63.074,0.64038275,0.01509592,-2.4006,-3.2464,0.8458,-1,-1,1,77.5108,0,-9.0826,-1,-0.12760419,77.1165,-1,0.09252299,53.7197,71.0992,0.54077022,0.28102301,0.73328876,0.26262775,23.2135,-0.02641005,100.0,78.5714,1.0,0.785714,1,55.8518,63.5,71.1482,15.2964,-17658916.4942,0.0,-0.06818873,69.0,70.98999786,65.51000214,69.37000275,3161400.0,0.0,0.0,2.68000031,0.04018594,0.20551076,44,167378,171223,0,1755,1794,0
FROG,2020-11-30,63.863,0.65704871,0.01250912,-1.7359,-2.9443,1.2085,-1,-1,1,111.323,-1,-2.8579,-1,-0.6853434,79.2444,-1,0.02759332,71.8595,88.1688,0.74592818,0.33767501,0.91825149,0.24008146,23.1831,-0.00130958,100.0,71.4286,1.0,0.714286,1,56.4556,65.326,74.1964,17.7408,-16977466.5838,0.0,-0.03858957,70.22000122,72.35800171,67.40000153,70.36000061,3512100.0,0.0,0.0,0.98999786,0.01427127,0.23009886,55,159070,164176,0,1851,1835,0
FROG,2020-12-01,64.449,0.66942672,0.00917589,-1.283,-2.6121,1.329,-1,-1,1,100.8212,-1,-1.7449,-1,-0.3894468,70.1805,-1,-0.11437906,81.0034,83.7421,0.84934409,0.12724692,0.87028467,-0.0502071,22.9892,-0.00836385,92.8571,64.2857,0.928571,0.642857,1,59.3397,67.082,74.8243,15.4846,-16964550.0731,0.0,-0.0007608,70.5,71.34999847,67.13999939,69.26000214,1816900.0,0.0,0.0,-1.09999847,-0.01563386,0.11124588,62,207728,167922,0,2461,1899,0
FROG,2020-12-02,64.821,0.67728444,0.00577201,-1.1976,-2.3292,1.1316,-1,-1,1,52.0807,0,-8.5086,-1,3.87626798,47.9797,0,-0.31633858,80.7996,70.4879,0.84703914,-0.00251594,0.72666484,-0.15827403,21.5172,-0.06403007,85.7143,57.1429,0.857143,0.571429,1,64.7366,68.276,71.8154,7.0788,-17654731.9493,0.0,0.04068377,65.81999969,68.30000305,65.06999969,65.69999695,1131600.0,0.0,0.0,-3.56000519,-0.05140059,0.06319849,83,228221,171456,0,2848,1974,0
FROG,2020-12-03,65.316,0.68774027,0.00763641,-0.916,-2.0465,1.1305,-1,-1,1,106.4411,-1,-5.0654,-1,-0.40467292,59.3562,0,0.23711069,70.0562,55.9387,0.72553317,-0.13296353,0.56901265,-0.20640706,20.9334,-0.02713178,78.5714,50.0,0.785714,0.5,1,65.3972,68.582,71.7668,6.3696,-17620117.724,0.0,-0.00196062,67.0,69.83000183,66.5,68.22000122,1047900.0,0.0,0.0,2.52000427,0.03835623,0.05733015,42,241213,183939,0,2817,2132,0
FROG,2020-12-04,65.916,0.70041401,0.00918611,-0.6929,-1.7758,1.0829,-1,-1,1,90.931,0,4.8484,1,-1.95716034,58.7192,0,-0.01073182,56.9878,44.5368,0.57773186,-0.18654166,0.44546397,-0.20382848,20.408,-0.02509865,71.4286,42.8571,0.714286,0.428571,1,65.2389,68.332,71.4251,6.1862,-16926787.3158,0.0,-0.0393488,67.70999908,68.5,66.80999756,68.12000275,1259900.0,0.0,0.0,-0.09999847,-0.00146582,0.07219379,72,241069,194466,0,2616,2255,0
FROG,2020-12-07,66.77,0.71845296,0.01295588,-0.3786,-1.4964,1.1178,-1,-1,1,130.7669,-1,8.3049,1,0.7129156,66.2003,0,0.12740466,49.0592,46.7022,0.48806078,-0.13912802,0.46892781,0.04862047,22.0422,0.08007644,100.0,35.7143,1.0,0.357143,1,65.4077,68.214,71.0203,5.6126,-17831938.5199,-1.0,0.05347448,68.88999939,73.61000061,67.87999725,69.76999664,2659800.0,0.0,0.0,1.6499939,0.02422187,0.17034285,78,185686,213617,0,2317,2477,0
FROG,2020-12-08,67.579,0.73554138,0.01211622,-0.2238,-1.2419,1.0181,-1,-1,1,91.4729,0,13.9983,1,0.68554709,56.8365,0,-0.14144649,45.7317,45.9561,0.45042734,-0.06782622,0.46084322,-0.01597569,23.3079,0.05742167,92.8571,28.5714,0.928571,0.285714,1,65.4255,68.076,70.7265,5.301,-18600292.3292,-1.0,0.04308863,70.37999725,71.26999664,67.59999847,68.56999969,1630000.0,0.0,0.0,-1.19999695,-0.01719933,0.09814205,56,230369,216851,0,2751,2519,0
FROG,2020-12-09,68.36,0.75203836,0.01155684,-0.1821,-1.0299,0.8478,-1,-1,1,58.1081,0,13.3221,1,-0.04830587,49.3475,0,-0.13176392,44.1502,39.7924,0.43254085,-0.03458214,0.39405461,-0.13412148,23.0733,-0.01006526,85.7143,21.4286,0.857143,0.214286,1,66.9617,68.444,69.9263,2.9646,-18915584.0364,1.0,0.0169509,69.58999634,70.30000305,65.69000244,67.54000092,1597200.0,0.0,0.0,-1.02999878,-0.01502113,0.09584239,100,233595,217619,0,3475,2608,0
FROG,2020-12-10,68.509,0.75518567,0.00217964,-0.0963,-0.8432,0.7469,-1,-1,1,47.8605,0,11.679,1,-0.12333641,54.0501,0,0.09529561,39.2335,31.952,0.37693384,-0.11136303,0.30909763,-0.1970326,22.856,-0.00941781,78.5714,14.2857,0.785714,0.142857,1,66.9485,68.436,69.9235,2.975,-18466666.8224,1.0,-0.02373266,65.70999908,68.98999786,65.68099976,68.18000031,879600.0,0.0,0.0,0.63999939,0.00947586,0.04553039,7,224719,215263,0,2767,2601,0
FROG,2020-12-11,68.406,0.75301001,-0.00150345,-0.0152,-0.6776,0.6624,-1,-1,1,44.0467,0,13.919,1,0.19179724,55.3456,0,0.0239685,33.7375,29.468,0.31477504,-0.14008437,0.28218151,-0.07774161,22.6603,-0.0085623,71.4286,7.1429,0.714286,0.071429,1,67.0198,68.48,69.9402,2.9204,-17646295.1086,1.0,-0.04442446,68.13999939,68.69999695,66.01000214,68.33999634,1120200.0,0.0,0.0,0.15999603,0.00234667,0.06239921,29,254055,217118,0,3340,2704,0
FROG,2020-12-14,68.177,0.74817287,-0.00334766,0.0269,-0.5367,0.5636,1,-1,1,50.9316,0,8.9643,1,-0.35596666,52.2388,0,-0.05613454,32.4496,35.9287,0.30020912,-0.03817414,0.35218834,0.2192446,23.0539,0.01736958,64.2857,0.0,0.642857,0.0,1,67.4522,68.14,68.8278,1.3756,-17804280.198,1.0,0.00895288,69.12000275,69.76000214,66.84999847,68.06999969,977900.0,0.0,0.0,-0.26999664,-0.00395079,0.05242235,28,190929,220361,0,2365,2780,0
FROG,2020-12-15,67.795,0.74010392,-0.00560306,-0.1501,-0.4594,0.3092,-1,-1,1,1.0281,0,3.2177,1,-0.64105396,31.0302,0,-0.40599325,32.2477,31.3463,0.29792567,-0.00622196,0.30253438,-0.12754149,21.4254,-0.07063881,57.1429,7.1429,0.571429,0.071429,1,65.3716,67.514,69.6564,4.2848,-18820829.1488,1.0,0.05709576,68.33000183,68.66000366,64.38999939,65.44000244,2000300.0,0.0,0.0,-2.62999725,-0.03863666,0.12410433,43,198394,215793,0,3000,2816,0
FROG,2020-12-16,67.545,0.7348232,-0.00368759,-0.4658,-0.4607,-0.0052,-1,-1,-1,-54.676,0,1.9684,1,-0.38825869,21.6656,1,-0.30178987,30.3152,23.6706,0.27606943,-0.05992675,0.21936205,-0.24486782,19.9061,-0.07091116,50.0,0.0,0.5,0.0,1,62.5884,66.646,70.7036,8.1152,-19796214.784,1.0,0.0518248,65.70999908,66.23999786,62.43000031,63.20000076,1637100.0,0.0,0.0,-2.24000168,-0.03422985,0.09863984,22,238544,216500,0,3485,2817,0
FROG,2020-12-17,67.446,0.73273203,-0.00146569,-0.3864,-0.4458,0.0594,-1,-1,1,-12.5009,0,6.2589,1,2.17968909,53.3361,0,1.46178735,28.7563,31.2519,0.25843854,-0.05142305,0.30151149,0.32028339,18.3011,-0.08062855,42.8571,92.8571,0.428571,0.928571,-1,62.6207,66.456,70.2913,7.6706,-18315271.0969,1.0,-0.07480944,63.65999985,67.76000214,62.52000046,67.23000336,1856500.0,0.0,0.0,4.03000259,0.06376586,0.1140223,72,243115,219128,0,3358,2902,0
FROG,2020-12-18,67.524,0.73437962,0.00115648,-0.1865,-0.394,0.2074,-1,-1,1,38.7558,0,10.9144,1,0.7438208,61.4164,0,0.15149777,36.5582,54.7522,0.34667666,0.27131098,0.55615598,0.75196388,17.6129,-0.0376043,35.7143,85.7143,0.357143,0.857143,-1,62.4939,66.568,70.6421,8.1482,-16432211.9023,0.0,-0.10281361,67.02999878,68.98999786,66.01000214,68.90000153,2004100.0,0.0,0.0,1.66999817,0.02484007,0.12437075,61,239956,217114,0,3041,2859,0
FROG,2020-12-21,67.355,0.73080985,-0.00250281,-0.0932,-0.3338,0.2406,-1,-1,1,28.2891,0,11.1873,1,0.02500366,55.5161,0,-0.09607043,55.2633,79.7859,0.55822807,0.51165265,0.82741608,0.45721816,17.0186,-0.03374231,28.5714,78.5714,0.285714,0.785714,-1,62.4929,66.57,70.6471,8.1542,-16152743.09,0.0,-0.01700738,67.5,69.02999878,66.26000214,68.08000183,889800.0,0.0,0.0,-0.81999969,-0.0119013,0.04624553,23,170939,210606,0,2677,2970,0
FROG,2020-12-22,67.25,0.72859195,-0.0015589,-0.0638,-0.2798,0.216,-1,-1,1,2.4048,0,11.6402,1,0.04048341,51.3082,0,-0.07579603,72.7343,83.6649,0.75582202,0.31614109,0.86944814,0.04861761,15.9401,-0.06337184,21.4286,71.4286,0.214286,0.714286,-1,63.0324,66.986,70.9396,7.9072,-15876913.7026,0.0,-0.01707632,68.62599945,68.94000244,65.61000061,67.51999664,1873800.0,0.0,0.0,-0.56000519,-0.00822569,0.11523522,53,197080,210418,0,3264,3007,0
FROG,2020-12-23,67.276,0.72914114,0.00038662,-0.0176,-0.2274,0.2098,-1,-1,1,-0.8569,0,13.5108,1,0.16070171,53.5105,0,0.04292296,81.5762,81.2778,0.85582235,0.12156438,0.84358201,-0.02853168,14.9694,-0.06089673,14.2857,64.2857,0.142857,0.642857,-1,66.7621,67.906,69.0499,2.2878,-15561689.9751,1.0,-0.01985422,67.48000336,68.94000244,66.09500122,67.80000305,1587100.0,0.0,0.0,0.28000641,0.00414701,0.09513426,46,243247,211090,0,3407,2996,0
FROG,2020-12-24,67.34,0.73049301,0.00095131,0.1001,-0.1619,0.262,1,-1,1,88.9746,0,3.1939,1,-0.76360393,61.4501,0,0.14837462,77.909,68.7844,0.81434697,-0.04495429,0.70820606,-0.15371233,16.3084,0.08944914,7.1429,57.1429,0.071429,0.571429,-1,67.1255,68.224,69.3225,2.197,-16081997.2866,1.0,0.03343514,67.84999847,72.27999878,66.62999725,68.81999969,2314800.0,0.0,0.0,1.01999664,0.0150442,0.14615439,17,218145,207523,0,3241,2979,0
FROG,2020-12-28,66.865,0.72045963,-0.00705376,-0.226,-0.1747,-0.0513,-1,-1,-1,-131.409,1,-8.3321,-1,-3.60875419,29.3375,1,-0.52258011,65.0638,45.1291,0.66907,-0.1648744,0.45188202,-0.34390501,14.6792,-0.09989944,0.0,50.0,0.0,0.5,-1,63.4866,67.162,70.8374,7.3508,-17767093.7577,1.0,0.10478154,69.45999908,69.84999847,63.02000046,63.59000015,2029300.0,0.0,0.0,-5.22999954,-0.07599534,0.12613756,15,187494,180222,0,2898,2849,0
FROG,2020-12-29,66.525,0.71327785,-0.00508487,-0.3927,-0.2183,-0.1744,-1,-1,-1,-164.5827,1,-8.087,-1,-0.02941635,37.7363,0,0.28628206,46.3965,25.2759,0.45794611,-0.28690762,0.23675676,-0.43992014,13.5,-0.08033135,85.7143,42.8571,0.857143,0.428571,1,62.4872,66.48,70.4728,7.9856,-17436681.2139,0.0,-0.01859688,64.26999664,65.81600189,62.58000183,64.66999817,1132600.0,0.0,0.0,1.07999802,0.01698377,0.0632686,15,223339,183973,0,3792,2924,0
FROG,2020-12-30,66.455,0.71179925,-0.00105224,-0.5133,-0.2773,-0.236,-1,-1,-1,-124.7318,1,-6.5261,-1,-0.19301348,38.3302,0,0.01573816,29.0206,16.6566,0.26142773,-0.37450885,0.14335977,-0.34100863,12.4388,-0.07860741,78.5714,35.7143,0.785714,0.357143,1,61.8913,65.924,69.9567,8.0654,-17320020.6139,0.0,-0.00669053,64.22000122,65.19999695,64.05000305,64.73999786,583300.0,0.0,0.0,0.06999969,0.00108241,0.02475636,31,276251,188688,0,3938,3000,0
FROG,2020-12-31,66.418,0.7110177,-0.00055677,-0.7543,-0.3727,-0.3816,-1,-1,-1,-166.2265,1,-4.3683,-1,-0.33064158,28.9217,1,-0.24545919,19.9283,17.8522,0.15859541,-0.31330503,0.15631505,0.07177935,12.9824,0.04370196,71.4286,100.0,0.714286,1.0,-1,60.7884,64.93,69.0716,8.2832,-17681671.0964,0.0,0.02088049,64.70999908,64.78800201,61.81000137,62.83000183,1148500.0,0.0,0.0,-1.90999603,-0.02950257,0.06438337,33,278699,197338,0,3672,3061,0
FROG,2021-01-04,65.732,0.6965274,-0.01032853,-1.1308,-0.5243,-0.6065,-1,-1,-1,-203.5631,1,-11.5069,-1,1.63418263,20.7298,1,-0.28324407,15.7623,12.7781,0.11147868,-0.20904944,0.10133313,-0.28422827,14.5996,0.12456865,64.2857,100.0,0.642857,1.0,-1,60.0372,63.24,66.4428,6.4056,-18487944.4903,1.0,0.04559939,62.34999847,62.70000076,59.72999954,60.36999893,1416900.0,0.0,0.0,-2.4600029,-0.03915332,0.08320129,41,197801,225006,0,2915,3243,0
FROG,2021-01-05,64.99,0.68085421,-0.01128826,-1.3243,-0.6843,-0.64,-1,-1,-1,-164.9117,1,-9.7475,-1,-0.15289956,31.6493,0,0.52675376,15.1902,14.9403,0.10500833,-0.03629546,0.12476229,0.16921139,16.0551,0.09969451,57.1429,92.8571,0.571429,0.928571,-1,59.3646,62.818,66.2714,6.9068,-17708741.1367,0.0,-0.04214656,60.79999924,61.65000153,60.00999832,61.47999954,983000.0,0.0,0.0,1.11000061,0.01838663,0.05277992,72,247628,228476,0,3758,3238,0
FROG,2021-01-06,64.136,0.66281526,-0.01314048,-1.6156,-0.8706,-0.745,-1,-1,-1,-172.7706,1,-14.6625,-1,0.50423185,24.328,1,-0.23132581,13.7317,13.4766,0.08851295,-0.09601585,0.10890193,-0.09796992,17.7938,0.10829581,50.0,100.0,0.5,1.0,-1,58.1086,61.792,65.4754,7.3668,-18522069.5924,0.0,0.04592808,60.75,60.79999924,59.22000122,59.54000092,1367100.0,0.0,0.0,-1.93999863,-0.03155496,0.07970974,51,295377,231209,0,4120,3264,0
FROG,2021-01-07,63.591,0.65130328,-0.00849757,-1.6236,-1.0212,-0.6024,-1,-1,-1,-112.6775,1,-9.4794,-1,-0.35349361,45.0496,0,0.85175929,18.9495,28.4316,0.14752535,0.37998209,0.27095129,1.10970126,17.9834,0.0106554,42.8571,92.8571,0.428571,0.928571,-1,58.9051,61.258,63.6109,4.7058,-17142690.8937,0.0,-0.07447217,60.0,62.15000153,59.86000061,62.06999969,1483000.0,0.0,0.0,2.52999878,0.04249242,0.08783566,20,288600,232623,0,4033,3316,0
FROG,2021-01-08,63.07,0.64029826,-0.00819298,-1.5698,-1.1309,-0.4389,-1,-1,-1,-72.5962,0,-7.329,-1,-0.2268498,48.6614,0,0.08017385,28.8993,44.7898,0.26005585,0.52506926,0.44820543,0.57535278,16.8838,-0.06114528,35.7143,85.7143,0.357143,0.857143,-1,58.9808,61.21,63.4392,4.4584,-17012628.5034,-1.0,-0.00758705,62.22000122,63.54999924,61.28499985,62.59000015,853300.0,0.0,0.0,0.52000046,0.00837765,0.04368646,82,293295,243534,0,3964,3427,0
FROG,2021-01-11,62.381,0.62574458,-0.01092437,-1.5625,-1.2172,-0.3453,-1,-1,-1,-79.164,0,-9.1669,-1,0.25077091,44.0662,0,-0.09443214,45.6965,63.8682,0.45002924,0.58123207,0.65493511,0.42595412,16.4708,-0.02446132,28.5714,78.5714,0.285714,0.785714,-1,59.4172,61.522,63.6268,4.2096,-16992179.4674,0.0,-0.00120199,62.0,63.27999878,60.5,61.93000031,710600.0,0.0,0.0,-0.65999985,-0.01054481,0.03368155,50,191081,252728,0,3033,3589,0
FROG,2021-01-12,62.32,0.62445609,-0.00097786,-1.4552,-1.2648,-0.1904,-1,-1,-1,-60.919,0,-7.8431,-1,-0.14441087,52.9095,0,0.20068216,61.4695,75.7506,0.6284191,0.34516867,0.78369039,0.18604564,16.099,-0.02257328,21.4286,71.4286,0.214286,0.714286,-1,59.4201,61.822,64.2239,4.8038,-16427605.9894,0.0,-0.03322549,62.79999924,63.0,61.06600189,62.97999954,581800.0,0.0,0.0,1.04999924,0.01695461,0.0246512,60,210239,247387,0,4109,3639,0
FROG,2021-01-13,62.24,0.62276625,-0.0012837,-1.2835,-1.2685,-0.015,-1,-1,-1,-28.6034,0,-6.1701,-1,-0.21330851,59.666,0,0.12769918,73.8784,82.0164,0.76876159,0.20187085,0.85158533,0.08271618,14.7533,-0.08358904,14.2857,64.2857,0.142857,0.642857,-1,61.2884,62.688,64.0876,2.7992,-15820116.0987,0.0,-0.03697982,62.52000046,64.01000214,62.18000031,63.86999893,717200.0,0.0,0.0,0.88999939,0.01413146,0.03414429,71,240359,239527,0,4169,3646,0
FROG,2021-01-14,61.966,0.61697858,-0.00440231,-1.2836,-1.2716,-0.012,-1,-1,-1,-37.4796,0,-5.2567,-1,-0.1480365,43.3356,0,-0.27369691,76.7963,72.6221,0.80176252,0.03949598,0.7497906,-0.11454173,13.808,-0.0640738,7.1429,57.1429,0.071429,0.571429,-1,61.2488,62.674,64.0992,2.8504,-16439499.6535,-1.0,0.03915164,64.04399872,64.86000061,61.84999847,62.0,688000.0,0.0,0.0,-1.86999893,-0.02927821,0.03209703,21,228294,230912,0,3905,3628,0
FROG,2021-01-15,61.648,0.6102615,-0.00513185,-1.4564,-1.3085,-0.1479,-1,-1,-1,-94.4413,0,-5.6171,-1,0.06856012,30.306,0,-0.30066735,66.1897,43.9307,0.68180374,-0.13811342,0.4388964,-0.39507808,13.8422,0.00247683,0.0,50.0,0.0,0.5,-1,59.265,62.086,64.907,5.642,-17401481.9323,0.0,0.05851652,62.15000153,62.47999954,59.61000061,59.65000153,989600.0,0.0,0.0,-2.34999847,-0.0379032,0.05324266,63,229621,221815,0,3606,3577,0
FROG,2021-01-19,61.654,0.61038824,9.733e-05,-1.5131,-1.3494,-0.1636,-1,-1,-1,-98.8281,0,-10.1145,-1,0.80066226,38.0357,0,0.2550551,45.6106,20.2789,0.44905772,-0.31091091,0.18261028,-0.53838887,14.3974,0.04010923,0.0,100.0,0.0,1.0,-1,58.6599,61.786,64.9121,6.2522,-16890268.8708,0.0,-0.02937756,60.79999924,60.84999847,58.90000153,60.43000031,898100.0,0.0,0.0,0.77999878,0.01307626,0.04682746,69,147309,193536,584,3042,3410,0
FROG,2021-01-20,61.648,0.6102615,-9.732e-05,-1.4612,-1.3718,-0.0894,-1,-1,-1,-71.5899,0,-10.8563,-1,0.07334025,47.3076,0,0.24376835,29.0382,22.905,0.26162678,-0.36334536,0.21106617,0.12949913,14.229,-0.01169656,0.0,92.8571,0.0,0.928571,-1,58.5844,61.474,64.3636,5.7792,-15748862.9514,0.0,-0.06757772,61.27000046,61.47000122,59.83000183,61.41999817,1215500.0,0.0,0.0,0.98999786,0.01638256,0.06908084,49,193604,186857,0,4035,3391,0
FROG,2021-01-21,62.048,0.61871066,0.00648845,-1.2348,-1.3444,0.1096,-1,-1,1,-15.5197,0,-6.6686,-1,-0.38573916,62.3769,0,0.31853867,30.5952,48.6018,0.27923618,0.05361903,0.48951149,1.12188605,13.7062,-0.03674187,0.0,85.7143,0.0,0.857143,-1,58.7332,61.408,64.0828,5.3496,-15083346.4938,0.0,-0.04225806,61.5,63.84999847,60.52399826,63.54000092,818000.0,0.0,0.0,2.12000275,0.03451649,0.04121153,50,197321,182432,0,3789,3375,0
FROG,2021-01-22,62.315,0.62435047,0.00430312,-0.9477,-1.2651,0.3174,-1,-1,1,49.0853,0,-4.1173,-1,-0.38258405,68.7087,0,0.10150873,47.4429,70.8221,0.46978071,0.55066481,0.73028616,0.45719089,14.2373,0.03874889,100.0,78.5714,1.0,0.785714,1,58.1409,61.956,65.7711,7.6302,-14446106.5657,0.0,-0.04224791,63.63999939,65.22499847,63.0,64.73999786,1129800.0,0.0,0.0,1.19999695,0.01888569,0.06307228,42,190828,176890,0,3651,3381,0
FROG,2021-01-25,62.792,0.63442609,0.00765466,-0.5029,-1.1126,0.6098,-1,-1,1,165.4569,-1,-0.649,-1,-0.84237243,78.5574,-1,0.14333993,67.5106,83.1079,0.69674288,0.42298637,0.8634126,0.1734741,16.9799,0.19263484,100.0,71.4286,1.0,0.714286,1,58.5835,63.498,68.4125,9.829,-14730351.9041,-1.0,0.01967626,65.76000214,69.58999634,65.66000366,67.36000061,2107700.0,0.0,0.0,2.62000275,0.04046961,0.1316343,100,121798,164151,0,2525,3207,0
FROG,2021-01-26,63.58,0.65107093,0.01254937,0.0468,-0.8807,0.9275,1,-1,1,226.8336,-1,1.4385,1,-3.2164869,84.3244,-1,0.07341129,80.8137,88.5112,0.84719861,0.19705202,0.92196167,0.06501548,19.7811,0.16497153,100.0,64.2857,1.0,0.642857,1,59.5074,65.374,71.2406,11.7332,-13909910.6172,0.0,-0.05569733,68.16999817,70.44000244,67.4509964,69.80999756,1418200.0,0.0,0.0,2.44999695,0.03637169,0.08329243,60,146852,164086,0,3401,3258,0
FROG,2021-01-27,64.275,0.66575134,0.01093111,0.4865,-0.6073,1.0938,1,-1,1,184.0345,-1,9.9701,1,5.93090024,84.5783,-1,0.00301099,86.9906,89.3528,0.91705827,0.07643382,0.93108108,0.0095084,21.1746,0.07044603,92.8571,57.1429,0.928571,0.571429,1,61.8867,67.076,72.2653,10.3786,-12163746.8502,0.0,-0.12553379,67.18000031,70.01000214,66.31999969,69.93000031,1825300.0,0.0,0.0,0.12000275,0.00171899,0.11183482,50,164140,159877,0,3461,3176,0
FROG,2021-01-28,64.351,0.66735668,0.00118242,0.4026,-0.4053,0.8079,1,-1,1,97.2478,0,-0.0619,-1,-1.00620856,44.6475,0,-0.47211637,82.7133,70.2759,0.86868276,-0.04916968,0.72436765,-0.21350086,20.8993,-0.01300143,85.7143,50.0,0.857143,0.5,1,62.6548,67.294,71.9332,9.2784,-13089595.8502,0.0,0.07611544,69.09999847,69.90000153,64.62999725,64.62999725,925800.0,0.0,0.0,-5.30000305,-0.07579012,0.04876954,61,157644,154209,0,3142,3084,0
FROG,2021-01-29,64.398,0.66834946,0.00073037,0.16,-0.2922,0.4523,1,-1,1,-1.8522,0,-3.5063,-1,55.64458805,35.9912,0,-0.19388096,67.3446,42.405,0.69486545,-0.18580688,0.42236422,-0.39659257,19.2002,-0.08129937,78.5714,42.8571,0.785714,0.428571,1,61.0008,66.84,72.6792,11.6784,-13525502.2935,0.0,0.03330175,64.72000122,65.23999786,61.54000092,62.47000122,876600.0,0.0,0.0,-2.15999603,-0.03342095,0.04532006,31,159674,149758,0,3112,3007,0
FROG,2021-02-01,64.694,0.67460183,0.00459642,-0.0207,-0.2379,0.2172,-1,-1,1,-22.4837,0,-0.3502,-1,-0.90012264,36.9811,0,0.02750395,43.1473,16.7609,0.42119823,-0.35930572,0.14448994,-0.60474237,18.0706,-0.05883272,71.4286,35.7143,0.714286,0.357143,1,59.2129,65.89,72.5671,13.3542,-13369329.1712,0.0,-0.01154657,63.09000015,63.68000031,60.90000153,62.61000061,678400.0,0.0,0.0,0.13999939,0.00224107,0.03142396,90,123164,140838,0,2211,2868,0
FROG,2021-02-02,65.04,0.68191035,0.00534825,-0.0599,-0.2023,0.1424,-1,-1,1,23.4681,0,5.8307,1,-17.64962878,46.4463,0,0.25594696,26.5214,20.3983,0.23316222,-0.38532886,0.18390407,0.21701699,16.5307,-0.08521576,64.2857,28.5714,0.642857,0.285714,1,59.2394,64.706,70.1726,10.9332,-13432198.6221,0.0,0.00470251,63.59999847,65.18499756,62.88899994,63.88999939,493500.0,0.0,0.0,1.27999878,0.020444,0.01846035,45,115387,136343,0,2740,2773,0
FROG,2021-02-03,65.228,0.68588146,0.00289053,-0.1371,-0.1893,0.0522,-1,-1,1,7.5798,0,2.9603,1,-0.49229081,42.747,0,-0.07964682,20.9878,25.8041,0.17057817,-0.2086466,0.24248023,0.26501228,15.1163,-0.08556201,57.1429,21.4286,0.571429,0.214286,1,61.7675,63.38,64.9925,3.225,-13613183.3258,0.0,0.01347394,63.90000153,64.69100189,62.84999847,63.29999924,354000.0,0.0,0.0,-0.59000015,-0.00923462,0.0086798,59,116521,129541,0,3133,2726,0
FROG,2021-02-04,65.22,0.68571248,-0.00012265,-0.1832,-0.1881,0.0049,-1,-1,1,-6.6678,0,6.5838,1,1.22403135,44.2522,0,0.03521183,28.5646,39.4913,0.25627045,0.36100973,0.39079196,0.53042734,13.7136,-0.09279387,50.0,14.2857,0.5,0.142857,1,62.0801,63.146,64.2119,2.1318,-13517994.5528,0.0,-0.0069924,63.45999908,63.96500015,62.68999863,63.45999908,456600.0,0.0,0.0,0.15999985,0.00252764,0.01587324,45,123127,124610,0,2765,2672,0
FROG,2021-02-05,65.468,0.69095095,0.00380251,0.0827,-0.1339,0.2166,1,-1,1,69.4259,0,8.2971,1,0.26022965,68.5439,0,0.54893768,42.3757,61.8316,0.41247157,0.48350406,0.63286692,0.56570181,14.6582,0.06888053,42.8571,7.1429,0.428571,0.071429,1,60.8651,64.096,67.3269,6.4618,-12678253.3206,0.0,-0.06212025,64.0,67.23000336,63.00999832,67.22000122,843700.0,0.0,0.0,3.76000214,0.05924996,0.04301339,39,121851,119206,0,2863,2637,0
FROG,2021-02-08,65.332,0.68807824,-0.00207735,0.1928,-0.0686,0.2614,1,-1,1,95.819,0,5.4482,1,-0.34336093,58.2494,0,-0.15018842,57.0713,69.891,0.57867623,0.34679309,0.72019695,0.13034435,16.5082,0.12620922,35.7143,0.0,0.357143,0.0,1,61.6542,64.774,67.8938,6.2396,-13384026.1242,-1.0,0.05566798,67.87000275,69.19999695,65.88999939,66.0,754700.0,0.0,0.0,-1.22000122,-0.01814938,0.03677347,51,79106,106268,0,1722,2473,0
FROG,2021-02-09,64.95,0.68000929,-0.00584706,0.276,0.0004,0.2757,1,1,1,60.4475,0,6.5558,1,0.2032965,58.1599,0,-0.0015365,66.2829,67.126,0.68285781,0.16140512,0.69023597,-0.0395616,17.4872,0.05930386,28.5714,0.0,0.285714,0.0,1,62.0979,65.194,68.2901,6.1922,-13519823.4756,0.0,0.01014623,67.12000275,67.37000275,65.15000153,65.98999786,560900.0,0.0,0.0,-0.01000214,-0.00015155,0.02318587,59,92412,102986,0,2509,2440,0
FROG,2021-02-10,64.553,0.67162351,-0.00611239,0.3357,0.0674,0.2683,1,1,1,51.7734,0,4.7317,1,-0.27824217,57.8268,0,-0.00572731,62.5353,50.5888,0.64047311,-0.05653947,0.51104222,-0.24636058,17.9528,0.02662519,21.4286,0.0,0.214286,0.0,1,63.2657,65.726,68.1863,4.9206,-13670746.592,0.0,0.0111631,67.26999664,67.62999725,64.70999908,65.95999908,1058000.0,0.0,0.0,-0.02999878,-0.0004546,0.05803828,52,100337,100674,0,2561,2359,0
FROG,2021-02-11,64.683,0.67436948,0.00201385,0.3763,0.1292,0.2471,1,1,1,73.063,0,3.2253,1,-0.31836338,57.4156,0,-0.00711089,54.1513,44.739,0.54565154,-0.13406828,0.44765497,-0.11563429,20.3683,0.13454726,100.0,42.8571,1.0,0.428571,1,65.2188,66.22,67.2212,2.0024,-15102377.9497,1.0,0.10472225,64.58300018,71.77999878,63.56000137,65.93000031,3381600.0,0.0,0.0,-0.02999878,-0.0004548,0.22094931,61,97439,97005,0,2854,2371,0
FROG,2021-02-12,65.016,0.68140341,0.00514818,0.3934,0.182,0.2113,1,1,1,74.024,0,6.129,1,0.90028835,55.2864,0,-0.037084,44.0844,36.9254,0.43179667,-0.1859032,0.36298838,-0.17464852,22.5423,0.10673448,92.8571,35.7143,0.928571,0.357143,1,65.7914,65.936,66.0806,0.2892,-16765905.0418,1.0,0.11015001,65.61000061,70.81999969,65.61000061,65.80000305,1794400.0,0.0,0.0,-0.12999725,-0.00197175,0.10966837,55,94500,93097,0,2191,2275,2559
FROG,2021-02-16,65.678,0.69538676,0.01018211,0.6759,0.2808,0.3951,1,1,1,104.1571,-1,16.0604,1,1.62039484,79.8864,-1,0.44495572,41.613,43.1747,0.40384557,-0.05606065,0.43070453,0.16924123,24.4989,0.08679682,85.7143,28.5714,0.857143,0.285714,1,63.9308,66.582,69.2332,5.3024,-16203212.6272,-1.0,-0.03356171,67.69000244,70.0,67.12999725,69.23000336,1214200.0,0.0,0.0,3.43000031,0.05212766,0.06898969,38,56831,78236,0,1593,1973,0
FROG,2021-02-17,65.926,0.70062524,0.003776,0.6614,0.3569,0.3045,1,1,1,22.6507,0,9.8296,1,-0.38796045,50.7723,0,-0.36444376,41.1904,43.4712,0.39906603,-0.01015548,0.43391735,0.00686745,23.7587,-0.0302136,78.5714,21.4286,0.785714,0.214286,1,64.0578,66.658,69.2582,5.2004,-15876427.4843,0.0,-0.02016792,67.69000244,67.69000244,64.61000061,66.37000275,2290100.0,0.0,0.0,-2.86000061,-0.04131158,0.14442263,30,66665,73426,0,2131,1912,0
FROG,2021-02-18,66.236,0.70717333,0.00470224,0.6449,0.4145,0.2304,1,1,1,-4.3164,0,8.1081,1,-0.17513429,51.0064,0,0.00461078,44.784,47.7061,0.43970902,0.08724363,0.47980587,0.09741852,21.6642,-0.08815718,71.4286,14.2857,0.714286,0.142857,1,64.2174,66.746,69.2746,5.0572,-15145034.4622,1.0,-0.04606786,64.33000183,67.79000092,62.81999969,66.40000153,1659800.0,0.0,0.0,0.02999878,0.00045199,0.10023137,60,69483,69432,0,1997,1789,0
FROG,2021-02-19,66.574,0.71431287,0.00510297,0.6597,0.4636,0.1962,1,1,1,49.1782,0,5.1936,1,-0.35945536,54.9356,0,0.07703347,44.2136,41.4634,0.4332579,-0.01273669,0.41216123,-0.13085748,20.3211,-0.06199629,64.2857,7.1429,0.642857,0.071429,1,64.5331,66.928,69.3229,4.7898,-16412833.6492,0.0,0.08371055,66.54000092,68.56999969,66.11000061,66.83999634,3118800.0,0.0,0.0,0.43999481,0.00662643,0.20252401,55,69944,65924,0,2125,1780,0
FROG,2021-02-22,65.988,0.70193486,-0.00880224,0.2267,0.4162,-0.1895,1,1,-1,-126.4934,1,-5.2209,-1,-2.00525647,24.4317,1,-0.55526653,40.2141,31.4727,0.38802425,-0.09045859,0.30390403,-0.24095226,20.5991,0.01368036,57.1429,0.0,0.571429,0.0,1,60.9053,66.04,71.1747,10.2694,-19114324.4953,0.0,0.16459625,64.83000183,65.91999817,60.97999954,61.36000061,3198700.0,0.0,0.0,-5.47999573,-0.08198677,0.20812592,57,55172,62034,0,1469,1752,0
FROG,2021-02-23,65.366,0.68879642,-0.00942596,-0.2412,0.2847,-0.5259,-1,1,-1,-218.1826,1,-11.253,-1,1.15537551,20.3578,1,-0.16674648,33.6299,27.9535,0.3135581,-0.16372864,0.26577069,-0.11181754,22.6455,0.09934415,50.0,100.0,0.5,1.0,-1,58.2098,64.15,70.0902,11.8804,-17731437.9122,1.0,-0.07234818,59.29999924,60.50999832,56.11999893,59.77999878,2072000.0,0.0,0.0,-1.58000183,-0.0257497,0.12913132,22,71600,64143,0,1744,1773,0
FROG,2021-02-24,64.649,0.6736513,-0.01096901,-0.6817,0.0914,-0.7731,-1,1,-1,-178.8087,1,-15.7427,-1,0.39897805,18.0694,1,-0.112409,25.9529,18.4324,0.22673258,-0.228279,0.16260198,-0.34060493,24.4873,0.08133183,42.8571,92.8571,0.428571,0.928571,-1,55.9355,62.64,69.3445,13.409,-17726126.7422,0.0,-0.00029953,59.50999832,59.88999939,57.74000168,58.81999969,1130500.0,0.0,0.0,-0.95999908,-0.01605887,0.06312136,52,72357,64957,0,1818,1729,0
FROG,2021-02-25,63.511,0.64961345,-0.01760275,-1.3572,-0.1983,-1.1589,-1,-1,-1,-211.7505,1,-21.9505,-1,0.3943288,11.1499,1,-0.38294022,21.514,18.1561,0.1765294,-0.17103676,0.15960805,-0.01498991,27.194,0.11053485,35.7143,100.0,0.357143,1.0,-1,52.3226,60.276,68.2294,15.9068,-19049631.6066,0.0,0.07466408,58.52000046,59.40000153,54.09000015,54.58000183,1652000.0,0.0,0.0,-4.23999786,-0.07208429,0.0996845,52,69813,65004,0,1834,1705,0
FROG,2021-02-26,62.267,0.62333657,-0.01958716,-1.9579,-0.5502,-1.4077,-1,-1,-1,-222.5429,1,-17.2366,-1,-0.21475137,9.9282,1,-0.10957049,16.5877,13.1745,0.12081381,-0.22898113,0.10562844,-0.27437611,30.2484,0.11231889,28.5714,100.0,0.285714,1.0,-1,51.514,57.606,63.698,12.184,-18904192.0277,1.0,-0.00763477,54.72000122,55.18999863,51.38999939,53.49000168,1400500.0,0.0,0.0,-1.09000015,-0.01997069,0.08205146,100,71199,65183,0,1519,1619,0
FROG,2021-03-01,61.274,0.60236154,-0.01594745,-2.2164,-0.8835,-1.333,-1,-1,-1,-148.2506,1,-10.5651,-1,-0.38705429,30.6639,0,2.0885659,17.8835,22.3199,0.13546908,0.07811812,0.20472614,0.69417435,32.121,0.06190741,21.4286,92.8571,0.214286,0.928571,-1,51.6678,56.508,61.3482,9.6804,-18383989.5991,0.0,-0.02751783,55.16999817,56.31000137,54.0,55.86999893,839800.0,0.0,0.0,2.37999725,0.04449425,0.04273996,65,50626,64342,0,1160,1471,0
FROG,2021-03-02,59.702,0.56915635,-0.02565525,-2.582,-1.2232,-1.3588,-1,-1,-1,-141.1989,1,-14.5344,-1,0.37569924,23.8565,1,-0.22200046,21.6667,29.5057,0.17825641,0.21154696,0.28259002,0.32194589,33.9684,0.05751378,14.2857,85.7143,0.142857,0.857143,-1,51.2838,55.254,59.2242,7.9404,-19050530.4634,0.0,0.03625659,55.65999985,55.79999924,53.40499878,53.50999832,730400.0,0.0,0.0,-2.36000061,-0.04224093,0.03506976,58,54606,61915,0,1401,1422,0
FROG,2021-03-03,58.031,0.53386,-0.02798901,-3.1461,-1.6078,-1.5383,-1,-1,-1,-157.3343,1,-22.2727,-1,0.53241276,16.4221,1,-0.31162995,26.1796,26.7132,0.22929652,0.20828737,0.25233105,-0.09464273,36.6487,0.07890569,7.1429,100.0,0.071429,1.0,-1,49.2748,53.422,57.5692,8.2944,-20296943.7205,1.0,0.0654267,53.31000137,53.93000031,49.02999878,49.65999985,1677900.0,0.0,0.0,-3.84999847,-0.07194914,0.10150039,65,65690,60962,0,1361,1357,0
FROG,2021-03-04,56.112,0.49332517,-0.03306853,-3.7476,-2.0357,-1.7119,-1,-1,-1,-165.2158,1,-25.4186,-1,0.14124466,13.16,1,-0.19864086,24.2043,16.3941,0.20695622,-0.07545188,0.14051537,-0.38629217,39.7172,0.08372739,0.0,100.0,0.0,1.0,-1,45.7588,51.948,58.1372,12.3784,-20587736.2099,1.0,0.01432691,49.61999893,49.88999939,45.18999863,47.20999908,2070800.0,0.0,0.0,-2.45000076,-0.0493355,0.12904719,65,64599,60217,0,1234,1271,0
FROG,2021-03-05,54.168,0.45226226,-0.034645,-4.161,-2.4608,-1.7002,-1,-1,-1,-147.4292,1,-25.3073,-1,-0.00437868,14.8006,1,0.12466565,20.2307,17.5849,0.1620155,-0.16416918,0.15341864,0.07263589,42.6784,0.07455712,0.0,100.0,0.0,1.0,-1,43.8731,50.73,57.5869,13.7138,-19399562.0575,1.0,-0.05771272,47.81000137,48.15000153,43.84600067,47.40000153,1823800.0,0.0,0.0,0.19000244,0.00402462,0.11172965,17,62055,58911,0,1643,1289,0
FROG,2021-03-08,52.522,0.41749398,-0.03038694,-4.6369,-2.896,-1.7409,-1,-1,-1,-131.2932,1,-33.2044,-1,0.3120483,11.2918,1,-0.23707147,17.4926,18.4989,0.13104807,-0.13534381,0.16332256,0.05197641,44.8455,0.05077744,0.0,92.8571,0.0,0.928571,-1,42.7206,48.536,54.3514,11.6308,-20455779.2303,0.0,0.05444541,47.40999985,48.75,44.70000076,44.90000153,1172000.0,0.0,0.0,-2.5,-0.05274261,0.06603099,57,42306,55222,0,867,1190,0
FROG,2021-03-09,51.262,0.39087913,-0.02398995,-4.7751,-3.2718,-1.5033,-1,-1,-1,-111.0659,1,-28.5152,-1,-0.14122225,30.1652,0,1.67142528,19.8495,23.4645,0.1577042,0.13473697,0.2171288,0.26842677,46.796,0.04349377,14.2857,85.7143,0.142857,0.857143,-1,44.2557,47.27,50.2843,6.0286,-19588613.6841,0.0,-0.0423922,46.81999969,47.84999847,45.47000122,47.18000031,1984500.0,0.0,0.0,2.27999878,0.05077948,0.12299656,65,54178,55161,891,1063,1142,138
FROG,2021-03-10,49.968,0.36354611,-0.02524287,-4.9326,-3.604,-1.3286,-1,-1,-1,-100.3152,1,-30.4743,-1,0.06870371,26.1934,1,-0.13166828,22.3803,25.1775,0.1863271,0.12749943,0.23569052,0.0730039,47.6491,0.01823019,7.1429,78.5714,0.071429,0.785714,-1,44.5708,46.514,48.4572,3.8864,-20496139.6526,-1.0,0.04632926,48.0,48.81000137,45.31999969,45.88000107,1336400.0,0.0,0.0,-1.29999924,-0.02755403,0.07755732,64,58629,54152,0,1219,1121,0
FROG,2021-03-11,49.412,0.35180178,-0.01112712,-4.7493,-3.8331,-0.9163,-1,-1,-1,-78.0812,0,-25.6822,-1,-0.15725054,47.1883,0,0.80153397,34.2651,54.1531,0.32074211,0.53103846,0.54966425,1.15085294,47.9944,0.00724673,0.0,71.4286,0.0,0.714286,-1,44.0674,46.876,49.6846,5.6172,-19224152.9071,0.0,-0.06205982,47.52999878,49.25,46.5,49.02000046,1527500.0,0.0,0.0,3.13999939,0.06843939,0.09095562,25,59557,53432,0,1101,1102,0
FROG,2021-03-12,49.054,0.34423979,-0.0072452,-4.4806,-3.9626,-0.518,-1,-1,-1,-66.8652,0,-24.2985,-1,-0.05387778,52.0236,0,0.1024682,51.8056,76.0862,0.51912209,0.5119057,0.78732688,0.40502021,47.5932,-0.00835931,0.0,64.2857,0.0,0.642857,-1,43.633,47.378,51.123,7.49,-18281567.6594,0.0,-0.0490313,48.04000092,49.97000122,46.65999985,49.90999985,978000.0,0.0,0.0,0.88999939,0.01815584,0.05242936,34,62162,53447,0,1073,1021,165
FROG,2021-03-15,48.575,0.33412192,-0.00976475,-4.1257,-3.9952,-0.1305,-1,-1,-1,-42.3006,0,-22.3708,-1,-0.07933412,58.2977,0,0.12060103,74.7772,94.0922,0.77892686,0.44341924,0.98243626,0.23665264,45.4682,-0.04464924,0.0,57.1429,0.0,0.571429,-1,44.877,48.614,52.351,7.474,-17929469.3939,0.0,-0.01925974,50.63000107,51.88999939,49.63000107,51.08000183,1242600.0,0.0,0.0,1.17000198,0.02344224,0.07098086,40,43387,53191,0,693,939,0
FROG,2021-03-16,48.2,0.32620084,-0.00772002,-3.9059,-3.9773,0.0714,-1,-1,1,-44.1939,0,-28.1236,-1,0.25715665,49.2202,0,-0.1557094,84.8483,84.3665,0.89282923,0.13468143,0.87705054,-0.10336351,43.9974,-0.03234788,0.0,50.0,0.0,0.5,-1,45.622,49.13,52.638,7.016,-18226446.5718,0.0,0.01656363,51.99000168,51.99000168,48.72999954,49.75999832,806800.0,0.0,0.0,-1.32000351,-0.02584188,0.04042628,55,54208,53195,0,888,914,0
FROG,2021-03-17,47.989,0.32174391,-0.00437759,-3.8655,-3.955,0.0895,-1,-1,1,-65.7442,0,-28.3562,-1,0.00827063,37.1229,0,-0.24577917,78.7489,57.7879,0.82384609,-0.07188594,0.58905021,-0.31503737,43.4277,-0.01294849,0.0,42.8571,0.0,0.428571,-1,47.1387,49.464,51.7893,4.6506,-18841629.8113,1.0,0.03375223,48.29999924,48.75,47.08000183,47.54999924,1407300.0,0.0,0.0,-2.20999908,-0.04441317,0.08252822,41,62165,53701,0,838,859,0
FROG,2021-03-18,48.118,0.32446876,0.00268812,-3.714,-3.9068,0.1928,-1,-1,1,-54.2554,0,-26.9578,-1,-0.04931549,44.458,0,0.19758963,60.7419,40.0713,0.62019007,-0.22866351,0.39707672,-0.30657975,42.2214,-0.0277772,7.1429,35.7143,0.071429,0.357143,-1,46.9209,49.36,51.7991,4.8782,-18540586.3553,0.0,-0.01597757,47.31000137,49.47000122,46.97000122,48.5,1343400.0,0.0,0.0,0.95000076,0.01997899,0.0780481,41,62745,54156,0,708,803,0
FROG,2021-03-19,48.444,0.33135482,0.00677501,-3.3806,-3.8015,0.4209,-1,-1,1,-26.112,0,-24.2071,-1,-0.10203726,58.2879,0,0.31107787,46.7479,42.3844,0.46192039,-0.23038463,0.422141,0.05772461,39.8932,-0.05514265,0.0,28.5714,0.0,0.285714,-1,46.8701,49.51,52.1499,5.2798,-17670371.0892,0.0,-0.04693569,48.04000092,50.81999969,48.04000092,50.65999985,983400.0,0.0,0.0,2.15999985,0.04453608,0.05280796,100,61312,54035,0,1025,796,0
FROG,2021-03-22,49.033,0.34379621,0.01215837,-3.0706,-3.6553,0.5848,-1,-1,1,8.9394,0,-17.2262,-1,-0.28838233,59.0549,0,0.01315882,47.1775,59.0768,0.46677909,0.00918972,0.60301647,0.39383358,36.4295,-0.08682432,0.0,21.4286,0.0,0.214286,-1,46.9431,49.452,51.9609,5.0178,-18316111.3466,-1.0,0.03654367,50.79000092,52.49000168,50.47000122,50.79000092,945200.0,0.0,0.0,0.13000107,0.00256615,0.05012971,41,49143,55613,0,594,759,0
FROG,2021-03-23,49.368,0.35087238,0.00683213,-2.8134,-3.487,0.6735,-1,-1,1,8.6329,0,-15.4734,-1,-0.10175198,56.4594,0,-0.04395063,56.8428,69.0672,0.57609194,0.20487097,0.71127042,0.16910869,33.6614,-0.07598512,0.0,14.2857,0.0,0.142857,-1,46.9502,49.606,52.2618,5.3116,-18612274.8627,0.0,0.01616956,51.0,51.83000183,49.97000122,50.52999878,744400.0,0.0,0.0,-0.26000214,-0.00511916,0.03605132,40,59338,56346,0,713,734,0
FROG,2021-03-24,49.543,0.35456888,0.00354481,-2.8112,-3.3518,0.5406,-1,-1,1,-35.6212,0,-19.0241,-1,0.22947122,35.008,0,-0.37994382,58.8983,48.5507,0.59933928,0.03616113,0.48895778,-0.29705128,32.716,-0.02808558,85.7143,7.1429,0.857143,0.071429,1,47.0154,49.622,52.2286,5.2132,-19115798.0073,0.0,0.02705328,50.52999878,50.79999924,47.47999954,47.63000107,553500.0,0.0,0.0,-2.89999771,-0.0573916,0.02266704,41,68611,57267,0,858,736,0
FROG,2021-03-25,49.167,0.34662667,-0.00758937,-2.9665,-3.2747,0.3082,-1,-1,1,-108.8107,1,-17.0759,-1,-0.10240695,25.2194,1,-0.27961037,48.2966,27.2719,0.47943591,-0.1800001,0.25838501,-0.43827998,33.1222,0.01241594,78.5714,0.0,0.785714,0.0,1,44.5775,48.974,53.3705,8.793,-19953922.8924,0.0,0.04384462,46.38000107,47.20000076,44.84999847,45.25999832,1287300.0,0.0,0.0,-2.37000275,-0.04975861,0.07411484,41,66349,57782,0,767,745,0
FROG,2021-03-26,48.705,0.3368679,-0.00939655,-3.052,-3.2302,0.1782,-1,-1,1,-114.6459,1,-15.33,-1,-0.10224351,25.5488,1,0.01306137,29.0294,11.2654,0.26152726,-0.39893491,0.08494182,-0.5869228,33.894,0.02330159,71.4286,100.0,0.714286,1.0,-1,43.0731,47.9,52.7269,9.6538,-19961194.3279,0.0,0.00036441,45.70999908,46.74000168,43.86999893,45.29000092,695600.0,0.0,0.0,0.03000259,0.00066289,0.03262988,43,76804,59995,0,845,719,0
FROG,2021-03-29,47.935,0.32060327,-0.01580947,-3.2365,-3.2315,-0.0051,-1,-1,-1,-148.3601,1,-22.3555,-1,0.45828441,18.9175,1,-0.25955426,15.5544,8.1258,0.10912737,-0.46418459,0.05092175,-0.27869405,34.8795,0.02907594,64.2857,100.0,0.642857,1.0,-1,41.5011,46.418,51.3349,9.8338,-20613543.5083,0.0,0.03268087,45.18000031,45.59999847,43.15999985,43.38000107,795900.0,0.0,0.0,-1.90999985,-0.04217266,0.03966206,42,57551,63188,0,580,701,0
FROG,2021-03-30,47.307,0.30733809,-0.01310107,-3.3362,-3.2524,-0.0838,-1,-1,-1,-165.6979,1,-18.7442,-1,-0.16153967,20.2718,1,0.0715898,10.5588,12.2853,0.05262801,-0.32116957,0.09599325,0.51188806,36.2674,0.03979128,57.1429,100.0,0.571429,1.0,-1,41.9092,45.008,48.1068,6.1976,-19990861.3923,1.0,-0.03020743,43.27999878,43.95999908,41.88999939,43.47999954,1161000.0,0.0,0.0,0.09999847,0.00230517,0.06525976,34,63546,63789,0,726,703,0
FROG,2021-03-31,46.989,0.30062101,-0.00672205,-3.3054,-3.263,-0.0424,-1,-1,-1,-105.5015,1,-10.6524,-1,-0.4316962,32.7653,0,0.61629949,14.2578,22.3623,0.09446305,0.3503239,0.20518558,0.82024859,36.1104,-0.00432896,50.0,92.8571,0.5,0.928571,-1,42.7044,44.356,46.0076,3.3032,-20253094.817,0.0,0.01311767,43.84000015,45.29999924,43.84000015,44.36999893,957200.0,0.0,0.0,0.88999939,0.02046917,0.05097104,59,72677,64370,0,847,702,0
FROG,2021-04-01,46.619,0.29280554,-0.00787418,-3.2092,-3.2522,0.043,-1,-1,1,-72.3851,0,-5.1049,-1,-0.52077466,38.5781,0,0.1774072,25.388,41.5165,0.22034366,0.78063937,0.41273661,0.8565398,34.9269,-0.03277449,42.8571,85.7143,0.428571,0.857143,-1,42.7815,44.264,45.7465,2.965,-20819472.4548,-1.0,0.02796499,45.95999908,46.36999893,44.52000046,44.79999924,812200.0,0.0,0.0,0.43000031,0.00969124,0.04080488,34,73774,65431,0,689,690,0
FROG,2021-04-05,45.995,0.27962486,-0.0133851,-3.1276,-3.2273,0.0997,-1,-1,1,-75.4119,0,-6.2869,-1,0.23154224,35.215,0,-0.0871764,39.3137,54.0623,0.37784089,0.54851505,0.54868036,0.30218829,34.1272,-0.02289639,35.7143,78.5714,0.357143,0.785714,-1,42.9701,44.09,45.2099,2.2398,-21345760.888,-1.0,0.02527866,46.15000153,46.45000076,44.06800079,44.41999817,747100.0,0.0,0.0,-0.38000107,-0.00848217,0.03624062,100,56928,63226,0,406,638,0
FROG,2021-04-06,45.604,0.27136581,-0.00850092,-2.8318,-3.1482,0.3164,-1,-1,1,-37.8078,0,4.4098,1,-1.70142678,62.0129,0,0.7609797,55.1325,69.8187,0.55674874,0.40237373,0.71941352,0.29144894,32.6373,-0.04365726,28.5714,71.4286,0.285714,0.714286,-1,42.5277,44.79,47.0523,4.5246,-20553854.859,-1.0,-0.03709898,44.74000168,47.20000076,44.43999863,46.88000107,1031000.0,0.0,0.0,2.4600029,0.05538053,0.05614527,32,66538,63654,0,724,638,0
FROG,2021-04-07,45.311,0.2651768,-0.00642488,-2.5103,-3.0206,0.5103,-1,-1,1,-2.3108,0,0.8902,1,-0.79813143,67.006,0,0.08051712,67.4602,78.4997,0.69617287,0.22360132,0.81347908,0.12433632,30.3038,-0.07149795,21.4286,64.2857,0.214286,0.642857,-1,42.9036,45.614,48.3244,5.4208,-20140305.7542,0.0,-0.02012027,46.88000107,48.20999908,46.15000153,47.59999847,1014000.0,0.0,0.0,0.71999741,0.01535831,0.05495338,63,79299,64600,0,734,622,0
FROG,2021-04-08,45.501,0.26919015,0.00419324,-2.0759,-2.8317,0.7558,-1,-1,1,36.8113,0,7.9555,1,7.93675579,77.0942,-1,0.15055667,80.1411,92.1048,0.83959162,0.18797602,0.96090119,0.17331404,27.6865,-0.08636871,14.2857,57.1429,0.142857,0.571429,-1,42.8889,46.646,50.4031,7.5142,-19359350.6169,0.0,-0.03877573,47.97999954,49.74000168,46.68000031,49.52999878,905200.0,0.0,0.0,1.93000031,0.04054623,0.04732525,96,75849,64896,0,717,626,0
FROG,2021-04-09,45.918,0.27799839,0.00916463,-1.7198,-2.6093,0.8895,-1,-1,1,38.2614,0,0.8364,1,-0.89486519,75.5971,-1,-0.0194191,87.6322,92.2919,0.92431465,0.09347389,0.96292857,0.00203138,25.3309,-0.08508118,7.1429,50.0,0.071429,0.5,-1,43.809,47.572,51.335,7.526,-18612739.6956,0.0,-0.03856591,48.97999954,49.49499893,47.27000046,49.43000031,792900.0,0.0,0.0,-0.09999847,-0.00201895,0.03945173,54,79245,66301,72,705,629,26
FROG,2021-04-12,46.511,0.29052427,0.01291433,-1.2785,-2.3431,1.0647,-1,-1,1,79.8239,0,2.6247,1,2.13809182,82.9884,-1,0.09777227,93.3699,95.7131,0.98920703,0.06547479,1.0,0.03706934,24.7877,-0.02144417,0.0,42.8571,0.0,0.428571,-1,45.8562,48.932,52.0078,6.1516,-17637247.2289,0.0,-0.05240993,48.63000107,51.47999954,47.88000107,51.22000122,1139900.0,0.0,0.0,1.79000092,0.03621284,0.06378041,21,60834,68236,0,545,639,0
FROG,2021-04-13,47.374,0.30875333,0.01855475,-0.8551,-2.0455,1.1904,-1,-1,1,117.0938,-1,1.8207,1,-0.30632072,85.424,-1,0.02934868,94.3242,94.9675,1.0,0.01022064,0.99192083,-0.00778995,24.9116,0.00499845,100.0,35.7143,1.0,0.357143,1,46.8822,49.958,53.0338,6.1516,-17075873.1022,0.0,-0.0318289,51.5,52.38000107,50.09000015,52.00999832,829400.0,0.0,0.0,0.7899971,0.01542361,0.0420108,21,74709,69403,0,766,645,0
FROG,2021-04-14,48.222,0.32666554,0.01790011,-0.5177,-1.74,1.2223,-1,-1,1,138.3818,-1,4.4212,1,1.42829681,84.4673,-1,-0.01119943,92.6724,87.3365,0.98131843,-0.01751194,0.90923286,-0.08035381,26.0312,0.04494292,100.0,28.5714,1.0,0.285714,1,48.5547,50.83,53.1053,4.5506,-17767157.2744,-1.0,0.04048309,52.52000046,54.04999924,51.61000061,51.95999908,969400.0,0.0,0.0,-0.04999924,-0.00096134,0.0518264,64,73427,68564,0,700,640,0
FROG,2021-04-15,49.038,0.34390182,0.01692174,-0.2019,-1.4323,1.2305,-1,-1,1,114.7702,-1,10.4732,1,1.36885913,86.6051,-1,0.0253092,87.7996,81.0946,0.92620792,-0.05258092,0.84159689,-0.07146955,26.8202,0.03030978,92.8571,21.4286,0.928571,0.214286,1,49.2627,51.43,53.5973,4.3346,-17552039.6636,0.0,-0.0121076,52.27999878,52.91999817,51.43000031,52.52999878,451400.0,0.0,0.0,0.56999969,0.01096997,0.01550866,64,74560,68380,0,689,636,0
FROG,2021-04-16,49.679,0.3574416,0.0130715,-0.0575,-1.1574,1.0999,-1,-1,1,80.8413,0,5.5876,1,-0.46648589,61.9309,0,-0.2849047,78.7208,67.7312,0.82352828,-0.10340366,0.6967938,-0.16478779,26.2462,-0.02140178,85.7143,14.2857,0.857143,0.142857,1,50.7717,51.786,52.8003,2.0286,-17636447.5417,1.0,0.00480901,52.34000015,52.40999985,50.36000061,51.20999908,494300.0,0.0,0.0,-1.31999969,-0.02512849,0.01851644,22,70773,67170,0,764,644,0
FROG,2021-04-19,50.097,0.36627096,0.00841402,-0.1519,-0.9563,0.8044,-1,-1,1,21.7283,0,-4.0663,-1,-1.72773642,36.3409,0,-0.41320246,66.0204,49.2353,0.67988898,-0.16133474,0.49637597,-0.27307799,24.1606,-0.07946293,78.5714,7.1429,0.785714,0.071429,1,48.4701,51.262,54.0539,5.5838,-17833585.9496,1.0,0.0111779,50.08000183,50.59000015,47.54999924,48.59999847,637600.0,0.0,0.0,-2.61000061,-0.05096662,0.02856342,74,34839,64251,0,502,637,0
FROG,2021-04-20,50.185,0.36812978,0.00175659,-0.2912,-0.8233,0.5321,-1,-1,1,6.6392,0,-5.9657,-1,0.46710769,31.1609,0,-0.14253912,47.6138,25.8749,0.47171356,-0.2788017,0.2432474,-0.47446446,22.5227,-0.06779219,71.4286,0.0,0.714286,0.0,1,46.6346,50.412,54.1894,7.5548,-18074265.7223,0.0,0.01349587,48.52000046,49.45000076,47.25,47.75999832,448700.0,0.0,0.0,-0.84000015,-0.01728395,0.01531936,63,61255,62329,0,736,633,0
FROG,2021-04-21,50.26,0.369714,0.00149447,-0.3499,-0.7286,0.3787,-1,-1,1,-2.3724,0,-4.3143,-1,-0.2768158,38.8176,0,0.24571498,31.2701,18.7001,0.28686918,-0.34325553,0.16550272,-0.27728803,21.9061,-0.02737682,64.2857,0.0,0.642857,0.0,1,45.993,49.69,53.387,7.394,-17451559.8525,0.0,-0.03445262,47.61000061,48.5,46.15499878,48.34999847,714000.0,0.0,0.0,0.59000015,0.01235344,0.03391993,43,64451,61047,0,697,632,0
FROG,2021-04-22,50.315,0.37087576,0.00109431,-0.2539,-0.6337,0.3797,-1,-1,1,55.4585,0,5.1438,1,-2.19226758,56.5363,0,0.45646047,26.269,34.2321,0.23030762,-0.15993233,0.33380433,0.83058379,20.2501,-0.07559538,57.1429,7.1429,0.571429,0.071429,1,46.6748,49.2,51.7252,5.0504,-17314144.4477,0.0,-0.0078741,48.65000153,50.93000031,48.40999985,50.08000183,422300.0,0.0,0.0,1.73000336,0.03578084,0.01346841,64,60966,59105,0,682,631,0
FROG,2021-04-23,50.629,0.37750834,0.00624068,0.0228,-0.5024,0.5252,1,-1,1,115.5217,-1,16.1511,1,2.13991602,71.425,-1,0.26334762,37.9922,61.0444,0.36289495,0.44627508,0.62433698,0.78325022,20.4341,0.00908637,50.0,0.0,0.5,0.0,1,46.0174,49.472,52.9266,6.9092,-17232276.4575,-1.0,-0.00472839,51.84999847,53.45000076,51.40000153,52.56999969,577600.0,0.0,0.0,2.48999786,0.0497204,0.02435673,55,63845,58115,0,791,635,0
FROG,2021-04-26,50.757,0.38021207,0.0025282,0.2338,-0.3551,0.5889,1,-1,1,108.9921,-1,15.9196,1,-0.01433339,70.5754,-1,-0.01189499,58.0871,78.9849,0.59016475,0.52892173,0.81873661,0.29389264,20.6359,0.00987565,42.8571,0.0,0.428571,0.0,1,46.2237,50.252,54.2803,8.0566,-17550559.0975,0.0,0.01847014,53.49000168,53.50999832,52.00999832,52.5,918100.0,0.0,0.0,-0.06999969,-0.00133155,0.04822969,94,39675,54515,-9005,497,638,0
FROG,2021-04-27,50.675,0.37848,-0.00161554,0.2919,-0.2257,0.5176,1,-1,1,78.3917,0,18.0037,1,0.13091409,55.2128,0,-0.21767641,73.6388,80.8872,0.76605175,0.2677307,0.83934955,0.02408435,19.9264,-0.03438183,35.7143,0.0,0.357143,0.0,1,47.763,50.938,54.113,6.35,-18059851.636,0.0,0.02901859,53.02000046,53.04999924,51.09999847,51.18999863,561100.0,0.0,0.0,-1.31000137,-0.02495241,0.02319989,63,52417,53253,0,548,611,0
FROG,2021-04-28,50.584,0.37655781,-0.00179576,0.323,-0.116,0.4389,1,-1,1,45.099,0,17.4103,1,-0.03295989,53.6527,0,-0.02825613,76.234,68.8298,0.79540301,0.03524229,0.708698,-0.14906438,18.0235,-0.09549643,28.5714,64.2857,0.285714,0.642857,-1,49.5896,51.478,53.3664,3.7768,-17391455.116,0.0,-0.03701008,51.15000153,51.68999863,49.68999863,51.04999924,1856700.0,0.0,0.0,-0.13999939,-0.0027349,0.11403632,73,56094,52059,0,764,620,0
FROG,2021-04-29,50.39,0.37245997,-0.0038352,0.3069,-0.0314,0.3383,1,-1,1,29.7867,0,14.0185,1,-0.19481571,48.0734,0,-0.10398917,67.1808,51.8255,0.6930129,-0.11875541,0.52444285,-0.24704852,16.7074,-0.07302133,21.4286,57.1429,0.214286,0.571429,-1,49.9701,51.58,53.1899,3.2198,-17347155.4592,1.0,-0.00254721,51.40999985,51.9070015,49.0,50.59000015,472300.0,0.0,0.0,-0.45999908,-0.00901076,0.01697399,32,56624,51439,0,680,620,0
FROG,2021-04-30,50.172,0.36785518,-0.00432626,0.1664,0.0081,0.1582,1,1,1,-10.4313,0,9.442,1,-0.32646146,33.3654,0,-0.30594882,49.9612,29.2283,0.49826225,-0.25631728,0.27958417,-0.43602474,15.5229,-0.07089673,14.2857,50.0,0.142857,0.5,-1,48.6349,50.872,53.1091,4.4742,-17817262.9723,0.0,0.02709998,49.70000076,50.52000046,49.0,49.02999878,489400.0,0.0,0.0,-1.56000137,-0.03083616,0.01817289,32,54943,50167,0,701,607,0
FROG,2021-05-03,49.974,0.36367285,-0.00394642,-0.1379,-0.0211,-0.1168,-1,-1,-1,-97.0476,0,4.9527,1,-0.47546071,20.9737,1,-0.37139372,31.2126,12.5841,0.28621887,-0.3752632,0.09923098,-0.56945495,16.3921,0.05599469,7.1429,42.8571,0.071429,0.428571,-1,46.2586,49.696,53.1334,6.8748,-18404781.1438,0.0,0.03297466,49.29999924,49.29999924,46.5,46.61999893,642600.0,0.0,0.0,-2.40999985,-0.04915358,0.02891397,56,33517,48032,0,487,585,0
FROG,2021-05-04,49.654,0.35691352,-0.00640333,-0.539,-0.1246,-0.4143,-1,-1,-1,-186.7853,1,-4.9488,-1,-1.99921255,15.0153,1,-0.28408912,15.0796,3.4264,0.10375746,-0.5168746,0.0,-0.7277199,18.5987,0.13461362,0.0,100.0,0.0,1.0,-1,43.4608,48.37,53.2792,9.8184,-18928889.2318,0.0,0.02847674,46.25999832,46.43999863,43.93999863,44.56000137,1039900.0,0.0,0.0,-2.05999756,-0.04418699,0.05676926,34,44478,46898,0,699,606,0
FROG,2021-05-05,49.164,0.34656331,-0.00986829,-0.9357,-0.2868,-0.6488,-1,-1,-1,-198.759,1,-8.7185,-1,0.76174022,12.6037,1,-0.16060951,6.8466,4.5293,0.01064368,-0.54596939,0.0119508,0.32188303,20.9793,0.12799819,50.0,100.0,0.5,1.0,-1,41.5136,46.85,52.1864,10.6728,-19564812.8984,0.0,0.0335954,45.00999832,45.34999847,43.09999847,43.45000076,923100.0,0.0,0.0,-1.11000061,-0.02491025,0.04858024,35,45574,45395,0,632,588,0
FROG,2021-05-06,48.361,0.32960162,-0.01633309,-1.3475,-0.499,-0.8485,-1,-1,-1,-217.2825,1,-15.102,-1,0.7321787,10.0571,1,-0.20205178,5.9055,9.7609,0.0,-0.13745509,0.06863936,1.15505707,24.2431,0.1555724,42.8571,100.0,0.428571,1.0,-1,40.2379,45.142,50.0461,9.8082,-19062568.595,0.0,-0.0256708,43.0,43.13700104,40.25,42.04999924,2034700.0,0.0,0.0,-1.40000153,-0.03222098,0.12651616,100,43020,43452,0,609,577,0
FROG,2021-05-07,46.695,0.29441088,-0.03444925,-2.1445,-0.8281,-1.3165,-1,-1,-1,-270.3882,1,-27.3518,-1,0.8111376,4.7716,1,-0.52554911,8.0029,9.7186,0.02372123,0.35516044,0.06818101,-0.00433362,28.5378,0.17715144,35.7143,100.0,0.357143,1.0,-1,35.2654,42.518,49.7706,14.5052,-20552505.6026,1.0,0.07816035,36.56999969,37.9679985,34.79999924,35.90999985,4979000.0,0.0,0.0,-6.13999939,-0.14601663,0.33294538,96,43671,41842,0,720,580,0
FROG,2021-05-10,45.002,0.25864982,-0.03625656,-2.7717,-1.2168,-1.5549,-1,-1,-1,-217.0559,1,-30.5545,-1,0.11709284,4.6041,1,-0.03510353,10.2614,11.3047,0.04926447,0.2822102,0.08536766,0.16320252,32.455,0.13726356,28.5714,100.0,0.285714,1.0,-1,32.6777,40.308,47.9383,15.2606,-20409519.9359,0.0,-0.00695709,36.24000168,36.45000076,34.52999878,35.56999969,1715800.0,0.0,0.0,-0.34000015,-0.00946812,0.10415761,29,24831,37671,0,412,566,0
FROG,2021-05-11,43.559,0.22816949,-0.03206524,-3.1366,-1.6008,-1.5358,-1,-1,-1,-168.8139,1,-29.3213,-1,-0.04036067,17.3034,1,2.75825894,11.9683,14.8817,0.06856921,0.16634182,0.12412731,0.31641707,36.2064,0.11558774,21.4286,100.0,0.214286,1.0,-1,32.1076,38.748,45.3884,13.2808,-19139507.2156,0.0,-0.06222649,33.66500092,37.36000061,33.3769989,36.75999832,1817600.0,0.0,0.0,1.18999863,0.03345512,0.11129496,42,34552,36253,0,615,554,0
FROG,2021-05-12,42.085,0.19703435,-0.03383916,-3.4226,-1.9651,-1.4575,-1,-1,-1,-135.3358,1,-30.1193,-1,0.02721571,16.2791,1,-0.05919646,16.178,22.3477,0.11618017,0.35173751,0.20502738,0.50169,39.537,0.09198926,14.2857,92.8571,0.142857,0.928571,-1,32.5236,37.32,42.1164,9.5928,-18984891.4393,0.0,-0.00807836,37.16999817,37.40000153,34.88100052,36.31000137,1147800.0,0.0,0.0,-0.44999695,-0.01224148,0.06433429,29,35385,34797,0,655,557,0
FROG,2021-05-13,40.468,0.16287863,-0.03842224,-3.7585,-2.3238,-1.4347,-1,-1,-1,-124.4612,1,-34.4755,-1,0.14463152,12.4192,1,-0.2371077,21.4138,27.012,0.17539615,0.32363704,0.25556879,0.20871499,42.7086,0.08021853,7.1429,85.7143,0.071429,0.857143,-1,34.2063,35.794,37.3817,3.1754,-19885996.6746,1.0,0.04746433,36.65999985,37.63999939,34.06999969,34.41999817,1120900.0,0.0,0.0,-1.8900032,-0.05205186,0.06244829,30,35598,33737,0,573,552,0
FROG,2021-05-14,39.213,0.1363694,-0.03101216,-3.8144,-2.6219,-1.1925,-1,-1,-1,-100.8884,1,-28.7639,-1,-0.16567127,33.8035,0,1.72187419,30.4054,41.8566,0.27708957,0.41989745,0.41642187,0.54955575,45.5631,0.06683666,0.0,78.5714,0.0,0.785714,-1,34.2244,35.908,37.5916,3.3672,-19383172.4471,0.0,-0.02528534,34.97999954,37.11000061,34.77999878,36.47999954,1094900.0,0.0,0.0,2.06000137,0.05984897,0.06062539,46,33457,32278,0,651,542,0
FROG,2021-05-17,38.216,0.11530987,-0.02542524,-3.8012,-2.8578,-0.9435,-1,-1,-1,-83.8824,0,-24.5885,-1,-0.14516112,35.4299,0,0.04811336,42.1002,57.432,0.40935571,0.38462905,0.58519375,0.37211336,47.6263,0.04528226,0.0,71.4286,0.0,0.714286,-1,34.3928,36.124,37.8552,3.4624,-19370676.8107,0.0,-0.00064466,36.47999954,37.45999908,35.81000137,36.65000153,687300.0,0.0,0.0,0.17000198,0.00466014,0.03204796,63,19890,29697,0,397,534,0
FROG,2021-05-18,37.555,0.10134764,-0.01729642,-3.6439,-3.015,-0.6289,-1,-1,-1,-63.8859,0,-20.5402,-1,-0.16464201,47.7099,0,0.34659991,58.8103,77.1424,0.59834402,0.3969126,0.79877165,0.34319543,47.6158,-0.00022047,7.1429,64.2857,0.071429,0.642857,-1,34.1006,36.362,38.6234,4.5228,-19153467.4554,-1.0,-0.01121331,37.11000061,38.81000137,36.55400085,37.95000076,914600.0,0.0,0.0,1.29999924,0.03547065,0.0479843,49,28740,28867,0,603,532,0
FROG,2021-05-19,36.982,0.08924422,-0.01525762,-3.4974,-3.1115,-0.3859,-1,-1,-1,-58.6664,0,-21.9855,-1,0.07036446,45.7842,0,-0.04036269,70.8896,78.0944,0.73495878,0.20539429,0.80908733,0.01234081,47.6897,0.00155201,0.0,57.1429,0.0,0.571429,-1,34.1402,36.644,39.1478,5.0076,-19094095.9941,0.0,-0.00309978,37.22000122,38.89500046,36.38000107,37.72000122,905000.0,0.0,0.0,-0.22999954,-0.00606059,0.04731122,56,28149,27833,0,570,520,0
FROG,2021-05-20,36.657,0.08237928,-0.00878806,-3.2567,-3.1405,-0.1161,-1,-1,-1,-40.922,0,-22.524,-1,0.02449342,56.1682,0,0.22680313,78.2333,79.4632,0.81801474,0.10359347,0.82391937,0.01752751,46.5756,-0.02336144,0.0,50.0,0.0,0.5,-1,35.7991,37.52,39.2409,3.4418,-19216923.0063,-1.0,0.00643272,38.58000183,39.75,38.11000061,38.79999924,774700.0,0.0,0.0,1.07999802,0.02863197,0.0381757,36,27462,26671,0,504,510,0
FROG,2021-05-21,36.962,0.08882177,0.00832038,-3.0182,-3.1161,0.0979,-1,-1,1,-34.9976,0,-25.8893,-1,0.14940952,57.6696,0,0.02673043,78.795,78.8274,0.82436747,0.00717981,0.81702997,-0.00800119,45.573,-0.02152629,0.0,42.8571,0.0,0.428571,-1,36.3514,38.016,39.6806,3.3292,-19249568.1825,0.0,0.00169877,39.08000183,39.68000031,38.31800079,38.95999908,569900.0,0.0,0.0,0.15999985,0.00412371,0.02381687,15,27793,25861,0,594,502,0
FROG,2021-05-24,37.28,0.09553885,0.00860343,-2.8137,-3.0556,0.2419,-1,-1,1,-30.78,0,-26.1905,-1,0.01163415,54.6012,0,-0.05320654,78.4481,77.0537,0.82044409,-0.00440256,0.79781052,-0.02250106,44.6837,-0.01951375,0.0,35.7143,0.0,0.357143,-1,37.4342,38.436,39.4378,2.0036,-19454643.8492,-1.0,0.01065352,39.27999878,39.65000153,38.29999924,38.75,615000.0,0.0,0.0,-0.20999908,-0.00539012,0.0269789,65,15909,23528,0,374,473,0
FROG,2021-05-25,37.493,0.10003802,0.00571352,-2.6102,-2.9665,0.3563,-1,-1,1,-22.8284,0,-24.0281,-1,-0.08256429,56.5287,0,0.03530142,76.9333,74.9188,0.80331197,-0.01930958,0.77467717,-0.02770665,43.8833,-0.01791257,0.0,28.5714,0.0,0.285714,-1,37.7085,38.624,39.5395,1.831,-19777627.308,-1.0,0.01660187,39.0,39.59999847,38.75,38.88999939,481600.0,0.0,0.0,0.13999939,0.00361289,0.01762603,50,24174,22875,0,493,457,0
FROG,2021-05-26,37.938,0.10943771,0.01186888,-2.2719,-2.8276,0.5557,-1,-1,1,0.6766,0,-20.1567,-1,-0.16111969,74.5615,-1,0.31900256,77.7339,81.2292,0.81236661,0.01040642,0.84305539,0.08422986,41.1924,-0.06131945,0.0,21.4286,0.0,0.214286,-1,37.6972,39.232,40.7668,3.0696,-19105253.1321,-1.0,-0.03399671,39.09000015,40.79000092,38.79999924,40.75999832,693000.0,0.0,0.0,1.86999893,0.04808431,0.03244759,85,23603,22226,0,497,446,0
FROG,2021-05-27,38.487,0.12103418,0.01447098,-2.0487,-2.6718,0.6231,-1,-1,1,8.7981,0,-21.1109,-1,0.0473391,60.3398,0,-0.19073785,78.1921,78.4281,0.81754878,0.00589447,0.81270324,-0.0344839,38.5999,-0.06293637,100.0,14.2857,1.0,0.142857,1,37.9122,39.454,40.9958,3.0836,-19223418.7879,0.0,0.00618498,40.40000153,40.90000153,39.06999969,39.90999985,1441600.0,0.0,0.0,-0.84999847,-0.02085374,0.08493304,36,21753,21410,0,510,447,0
FROG,2021-05-28,39.014,0.13216594,0.01369294,-1.7038,-2.4782,0.7744,-1,-1,1,56.0255,0,-14.8481,-1,-0.29666191,73.8409,-1,0.22375116,81.1474,83.785,0.8509727,0.03779538,0.87074952,0.06830332,34.9578,-0.09435517,100.0,7.1429,1.0,0.071429,1,37.7418,40.012,42.2822,4.5404,-18458381.2903,0.0,-0.03979716,40.02000046,42.11000061,40.02000046,41.75,1167000.0,0.0,0.0,1.84000015,0.04610374,0.06568043,30,20334,20345,0,524,437,0
FROG,2021-06-01,39.58,0.1441215,0.01450761,-1.3694,-2.2565,0.887,-1,-1,1,90.2339,0,-9.245,-1,-0.37736141,76.8403,-1,0.04061976,81.1551,81.2521,0.85105979,9.489e-05,0.84330353,-0.03023095,32.3627,-0.07423522,100.0,0.0,1.0,0.0,1,38.259,40.724,43.189,4.93,-17959330.1245,0.0,-0.02703656,41.88999939,42.65000153,40.72000122,42.31000137,770200.0,0.0,0.0,0.56000137,0.01341321,0.0378602,40,9242,15883,0,336,393,0
FROG,2021-06-02,40.206,0.15734443,0.01581607,-0.9403,-1.9932,1.0529,-1,-1,1,143.412,-1,-0.7855,-1,-0.91503515,84.4176,-1,0.09861102,85.893,92.6419,0.90464461,0.0583808,0.9667211,0.14017853,31.88,-0.01491532,100.0,7.1429,1.0,0.071429,1,38.859,41.788,44.717,5.858,-16534667.9763,0.0,-0.07932713,42.50999832,44.43000031,41.72999954,44.20999908,1702000.0,0.0,0.0,1.89999771,0.04490659,0.10319007,98,16756,14905,0,473,389,0
FROG,2021-06-03,40.762,0.16908876,0.01382878,-0.6675,-1.7281,1.0605,-1,-1,1,139.0045,-1,-0.3913,-1,-0.50184596,70.3374,-1,-0.16679223,87.5112,88.6397,0.92294616,0.01883972,0.92335407,-0.04320075,31.4456,-0.0136261,92.8571,0.0,0.928571,0.0,1,39.3768,42.292,45.2072,5.8304,-16437799.2095,0.0,-0.00585853,43.84999847,43.99000168,42.34000015,43.27999878,694600.0,0.0,0.0,-0.93000031,-0.02103597,0.03255977,80,18823,14486,0,431,378,0
FROG,2021-06-04,41.292,0.18028389,0.01300231,-0.3808,-1.4586,1.0778,-1,-1,1,151.4408,-1,4.8751,1,-13.45872732,74.9435,-1,0.06548579,89.973,88.6374,0.95078869,0.02813126,0.92332915,-2.595e-05,31.5326,0.00276668,100.0,0.0,1.0,0.0,1,41.1896,43.13,45.0704,3.8808,-16118960.1103,0.0,-0.0193967,43.36000061,44.49000168,43.18000031,44.09999847,787800.0,0.0,0.0,0.81999969,0.01894639,0.03909416,41,18360,14204,0,522,378,0
FROG,2021-06-07,41.989,0.19500655,0.01687978,-0.0059,-1.1681,1.1622,-1,-1,1,159.7612,-1,27.9031,1,4.72359541,82.5169,-1,0.10105479,88.153,87.1818,0.93020481,-0.02022829,0.90755656,-0.01642196,33.0913,0.04943138,100.0,0.0,1.0,0.0,1,41.5747,43.966,46.3573,4.7826,-15392721.1167,-1.0,-0.04505495,43.29000092,46.40000153,43.29000092,45.93000031,1040800.0,0.0,0.0,1.83000183,0.04149664,0.05683236,49,10212,14087,0,338,378,0
FROG,2021-06-08,42.743,0.21093321,0.01795708,0.3167,-0.8711,1.1878,1,-1,1,163.15,-1,30.1378,1,0.08008788,83.7265,-1,0.01465882,87.9874,88.143,0.9283319,-0.00187855,0.91797193,0.01102524,35.0537,0.0593026,100.0,7.1429,1.0,0.071429,1,42.4575,44.762,47.0665,4.609,-15618265.5787,-1.0,0.01465267,45.97999954,47.33000183,45.63399887,46.29000092,995200.0,0.0,0.0,0.36000061,0.00783803,0.05363528,59,14390,14822,0,314,375,0
FROG,2021-06-09,43.35,0.22375481,0.01420116,0.4597,-0.605,1.0646,1,-1,1,123.9294,-1,22.3069,1,-0.25983648,63.4537,0,-0.24213122,83.5148,75.2196,0.87774758,-0.05083228,0.77793658,-0.14661856,35.4104,0.01017582,92.8571,0.0,0.928571,0.0,1,42.6741,44.912,47.1499,4.4758,-16222850.8891,0.0,0.03871014,46.65000153,47.00500107,44.83000183,44.95999908,686700.0,0.0,0.0,-1.33000183,-0.02873195,0.03200589,20,19189,15170,464,348,357,18
FROG,2021-06-10,43.846,0.23423176,0.01144175,0.6271,-0.3586,0.9857,1,-1,1,108.2703,-1,25.9157,1,0.16177954,68.8424,0,0.08492334,76.1363,65.0461,0.79429804,-0.08834961,0.6676986,-0.13525065,35.5054,0.00268283,85.7143,0.0,0.857143,0.0,1,43.8356,45.4,46.9644,3.1288,-16015249.6866,0.0,-0.01279684,44.70000076,46.27999878,44.70000076,45.72000122,713000.0,0.0,0.0,0.76000214,0.01690396,0.03384982,50,16238,14801,1,380,350,0
FROG,2021-06-11,44.58,0.24973596,0.01674041,0.8732,-0.1122,0.9854,1,-1,1,119.3153,-1,37.2748,1,0.4383096,77.2746,-1,0.12248556,70.2808,70.5765,0.72807336,-0.07690812,0.72762489,0.08502278,36.3556,0.02394565,78.5714,7.1429,0.785714,0.071429,1,44.5315,46.03,47.5285,2.997,-15362609.3002,0.0,-0.04075118,45.88999939,47.25999832,45.5,47.25,659900.0,0.0,0.0,1.52999878,0.03346454,0.0301269,61,13728,14139,0,343,324,0
FROG,2021-06-14,44.968,0.25793165,0.00870345,0.9268,0.0956,0.8312,1,1,1,95.6953,0,25.0822,1,-0.32710035,56.8954,0,-0.26372443,66.8282,64.8619,0.68902506,-0.04912579,0.66570264,-0.08097029,36.8891,0.01467449,71.4286,0.0,0.714286,0.0,1,44.4366,45.97,47.5034,3.0668,-16018102.8948,0.0,0.04266812,47.22000122,47.22999954,45.38000107,45.63000107,898200.0,0.0,0.0,-1.61999893,-0.03428569,0.04683447,49,8391,13191,0,221,295,0
FROG,2021-06-15,45.08,0.26029741,0.00249066,0.7828,0.233,0.5497,1,1,1,49.968,0,18.4993,1,-0.26245305,39.301,0,-0.30924117,60.249,45.3085,0.61461546,-0.09844946,0.45382596,-0.30146203,34.0551,-0.07682486,64.2857,0.0,0.642857,0.0,1,42.9238,45.398,47.8722,4.9484,-17183429.8439,0.0,0.07275062,45.70000076,46.27999878,43.33000183,43.43000031,1250100.0,0.0,0.0,-2.20000076,-0.04821391,0.0715067,69,13139,13012,0,313,295,0
FROG,2021-06-16,45.073,0.26014955,-0.00015528,0.7176,0.3299,0.3877,1,1,1,34.5823,0,16.3109,1,-0.11829637,46.0334,0,0.17130353,44.3767,22.9597,0.43510253,-0.26344504,0.21165888,-0.49325844,30.7491,-0.09707797,57.1429,0.0,0.571429,0.0,1,42.5644,45.234,47.9036,5.3392,-16737384.8813,0.0,-0.02595785,43.59000015,44.88000107,42.74000168,44.13999939,1448200.0,0.0,0.0,0.70999908,0.01634813,0.08539578,69,13532,12204,0,331,293,0
FROG,2021-06-17,45.333,0.2656415,0.00576842,0.7972,0.4234,0.3738,1,1,1,66.6108,0,21.6331,1,0.32629714,59.7195,0,0.29730804,34.1991,34.329,0.31999566,-0.22934558,0.33485432,0.49518504,29.5076,-0.04037517,50.0,0.0,0.5,0.0,1,42.5701,45.266,47.9619,5.3918,-16128277.2784,0.0,-0.03639204,43.97999954,46.5,43.77999878,45.88000107,1119100.0,0.0,0.0,1.74000168,0.03942007,0.06232209,30,13444,11805,0,268,277,0
FROG,2021-06-18,45.602,0.27132356,0.00593387,0.9231,0.5233,0.3997,1,1,1,87.9908,0,20.5928,1,-0.04808835,65.4479,0,0.09592177,40.2788,63.5476,0.388756,0.17777368,0.65146115,0.85113461,28.9985,-0.01725318,42.8571,0.0,0.428571,0.0,1,42.7362,45.174,47.6118,4.8756,-15465764.912,0.0,-0.04107769,45.99000168,47.16999817,45.15000153,46.79000092,1062000.0,0.0,0.0,0.90999985,0.01983435,0.05831873,62,11723,11518,0,229,260,0
FROG,2021-06-21,45.608,0.2714503,0.00013157,0.9473,0.6081,0.3392,1,1,1,64.3992,0,18.0441,1,-0.12376656,56.6023,0,-0.13515483,58.5181,77.6776,0.59503928,0.4528263,0.80457097,0.22235301,27.6157,-0.04768523,35.7143,0.0,0.357143,0.0,1,42.7383,45.246,47.7537,5.0154,-14945966.5324,0.0,-0.03360961,46.65999985,46.65999985,44.5,45.99000168,1369200.0,0.0,0.0,-0.79999924,-0.01709765,0.07985697,50,8518,11633,0,265,258,8
FROG,2021-06-22,45.576,0.27077437,-0.00070163,0.954,0.6773,0.2767,1,1,1,71.3671,0,18.6323,1,0.03259791,56.3642,0,-0.00420654,73.3502,78.8253,0.76278774,0.25346175,0.81700722,0.01477517,26.6068,-0.03653357,28.5714,0.0,0.285714,0.0,1,44.0112,45.754,47.4968,3.4856,-15120103.6919,0.0,0.01165111,45.95999908,46.88499832,45.38000107,45.97000122,806400.0,0.0,0.0,-0.02000046,-0.00043489,0.04039823,50,13919,11745,0,292,255,0
FROG,2021-06-23,45.762,0.27470322,0.0040811,1.0161,0.7451,0.271,1,1,1,79.864,0,20.3908,1,0.09437912,64.3334,0,0.14138762,78.3844,78.6503,0.81972366,0.0686324,0.81511095,-0.0022201,25.827,-0.0293083,21.4286,0.0,0.214286,0.0,1,45.4455,46.29,47.1345,1.689,-14720062.6919,0.0,-0.02645756,45.97000122,47.0,45.56000137,46.81999969,533400.0,0.0,0.0,0.84999847,0.01849029,0.0212578,50,14440,11874,0,311,252,0
FROG,2021-06-24,46.155,0.28300452,0.00858791,1.2789,0.8518,0.4271,1,1,1,170.1485,-1,21.8106,1,0.06962944,79.7356,-1,0.23941219,80.7805,84.8659,0.84682313,0.03056858,0.88246194,0.07902831,27.7021,0.07260232,100.0,57.1429,1.0,0.571429,1,44.3354,47.044,49.7526,5.4172,-13722415.4336,-1.0,-0.06777466,47.5,50.09700012,47.5,49.65000153,1521700.0,0.0,0.0,2.83000183,0.06044429,0.09054897,72,15415,12156,0,258,251,0
FROG,2021-06-25,46.401,0.28820075,0.00532987,1.4751,0.9765,0.4986,1,1,1,184.8834,-1,24.5552,1,0.1258379,79.9649,-1,0.00287575,84.7255,90.6601,0.89144039,0.04883604,0.94524671,0.06827477,29.4966,0.06477848,100.0,50.0,1.0,0.5,1,44.2212,47.628,51.0348,6.8136,-11344104.1165,0.0,-0.17331579,49.56000137,50.27000046,48.63000107,49.70999908,7500800.0,0.0,0.0,0.05999756,0.00120841,0.50975251,42,14327,12528,0,319,264,10
FROG,2021-06-28,46.811,0.29686114,0.00883602,1.6135,1.1039,0.5097,1,1,1,173.9695,-1,19.1138,1,-0.22159868,80.0589,-1,0.00117552,88.5687,90.1801,0.9349063,0.04536061,0.94004553,-0.0052945,31.1385,0.05566404,100.0,42.8571,1.0,0.428571,1,45.0963,48.376,51.6557,6.5594,-11061636.1349,0.0,-0.02489998,49.86000061,50.31000137,48.68000031,49.72999954,979600.0,0.0,0.0,0.02000046,0.00040234,0.05254154,40,10878,13065,0,208,246,0
FROG,2021-06-29,47.29,0.306979,0.01023264,1.5832,1.1998,0.3834,1,1,1,116.6841,-1,13.9683,1,-0.2692034,55.4866,0,-0.30692777,86.339,78.1766,0.90968879,-0.02517481,0.80997804,-0.13310586,30.0986,-0.03339596,92.8571,35.7143,0.928571,0.357143,1,46.5162,48.826,51.1358,4.6196,-11350223.9465,0.0,0.02608907,50.11999893,50.27299881,47.15999985,48.22000122,904900.0,0.0,0.0,-1.50999832,-0.03036393,0.04730421,100,16481,13431,0,273,244,0
FROG,2021-06-30,47.428,0.30989396,0.00291816,1.326,1.225,0.101,1,1,1,7.0059,0,2.9631,1,-0.78786968,32.91,0,-0.40688382,72.1912,48.217,0.74967965,-0.16386338,0.48534187,-0.38322976,27.105,-0.09945978,85.7143,28.5714,0.857143,0.285714,1,45.3119,48.566,51.8201,6.5082,-12005726.3705,0.0,0.05775238,47.38499832,48.0,45.5,45.52000046,666200.0,0.0,0.0,-2.70000076,-0.05599338,0.0305686,51,17899,13925,0,247,234,0
FROG,2021-07-01,47.521,0.31185839,0.00196087,1.2122,1.2224,-0.0102,1,1,-1,-5.116,0,8.1562,1,1.75259019,46.0257,0,0.39853236,52.0163,29.6551,0.52150507,-0.27946481,0.28420888,-0.38496588,24.8307,-0.08390703,78.5714,21.4286,0.785714,0.214286,1,44.7078,47.998,51.2882,6.5804,-11472337.9013,0.0,-0.04442784,45.5,46.86000061,45.12099838,46.81000137,565800.0,0.0,0.0,1.29000092,0.02833921,0.02352941,32,18958,14431,0,221,229,0
FROG,2021-07-02,47.447,0.3102953,-0.00155721,1.0487,1.1877,-0.139,1,1,-1,-6.2616,0,4.4218,1,-0.45786028,40.2334,0,-0.12584925,31.6095,16.9562,0.29070773,-0.39231549,0.14660617,-0.42821977,22.4602,-0.0954665,71.4286,14.2857,0.714286,0.142857,1,44.2044,47.266,50.3276,6.1232,-11750252.9142,0.0,0.02422479,47.27000046,47.31000137,45.75999832,46.04999924,444100.0,0.0,0.0,-0.76000214,-0.01623589,0.01499684,41,17357,14864,0,273,223,0
FROG,2021-07-06,47.594,0.31340036,0.00309819,1.0211,1.1544,-0.1333,1,1,-1,42.8513,0,3.3312,1,-0.24664164,53.7359,0,0.33560425,26.1877,31.9518,0.22938813,-0.17152438,0.30909546,0.88437268,21.6978,-0.03394449,64.2857,7.1429,0.642857,0.071429,1,44.8828,46.812,48.7412,3.8584,-11596747.367,0.0,-0.01306402,46.5,48.54999924,45.90000153,47.45999908,865500.0,0.0,0.0,1.40999985,0.03061889,0.04454182,40,16904,15721,0,207,197,0
FROG,2021-07-07,47.726,0.31618859,0.00277346,0.9743,1.1184,-0.1441,1,1,-1,37.5789,0,2.1603,1,-0.35149496,51.9665,0,-0.03292771,30.3649,42.1868,0.27663153,0.15951,0.41999985,0.32032624,21.0116,-0.03162533,57.1429,0.0,0.571429,0.0,1,45.1494,46.626,48.1026,2.9532,-11585364.1516,-1.0,-0.00098159,48.0,48.25,46.29999924,47.29000092,739900.0,0.0,0.0,-0.16999817,-0.00358193,0.03573582,63,24672,16689,0,240,196,0
FROG,2021-07-08,47.669,0.31498458,-0.00119432,0.8435,1.0634,-0.2199,1,1,-1,-44.5276,0,2.8692,1,0.32814887,41.5136,0,-0.20114689,41.3441,49.8937,0.40080435,0.36157537,0.50351026,0.18268511,19.5573,-0.06921415,50.0,0.0,0.5,0.0,1,45.6632,46.772,47.8808,2.2176,-11277213.9461,1.0,-0.02659823,46.11999893,46.70500183,44.65000153,46.25,552900.0,0.0,0.0,-1.04000092,-0.02199198,0.02262497,73,30679,18363,0,200,193,0
FROG,2021-07-09,47.384,0.30896456,-0.00597873,0.7753,1.0058,-0.2304,1,1,-1,-20.5024,0,2.3622,1,-0.17670431,48.3778,0,0.16534822,48.4053,53.1353,0.48066529,0.170791,0.53863558,0.06497013,18.0206,-0.07857424,42.8571,7.1429,0.428571,0.071429,1,45.6614,46.77,47.8786,2.2172,-10950350.7996,1.0,-0.02898439,45.95999908,46.88000107,45.31000137,46.79999924,363700.0,0.0,0.0,0.54999924,0.01189188,0.00935988,34,29310,20071,0,271,193,0
FROG,2021-07-12,46.972,0.30026192,-0.00869492,0.6166,0.9279,-0.3114,1,1,-1,-41.5291,0,-3.5132,-1,-2.48725764,36.5736,0,-0.24400035,47.9359,40.7786,0.47535646,-0.00969729,0.40474088,-0.23255162,17.545,-0.02639202,35.7143,0.0,0.357143,0.0,1,45.3017,46.678,48.0543,2.7526,-11157453.7028,1.0,0.0189129,46.90999985,47.63999939,44.54000092,45.59000015,642000.0,0.0,0.0,-1.20999908,-0.02585468,0.02887191,40,24449,24437,0,231,207,0
FROG,2021-07-13,46.537,0.29107347,-0.00926084,0.4684,0.836,-0.3676,1,1,-1,-54.9849,0,-0.5479,-1,-0.84404531,34.7349,0,-0.05027397,42.855,34.651,0.41789237,-0.10599363,0.33834344,-0.15026509,17.1168,-0.02440581,28.5714,92.8571,0.285714,0.928571,-1,44.8265,46.262,47.6975,2.871,-11483700.7778,0.0,0.02924028,45.61999893,46.59999847,45.0,45.38000107,621100.0,0.0,0.0,-0.20999908,-0.00460625,0.02740658,40,35897,27150,0,338,225,0
FROG,2021-07-14,45.956,0.27880106,-0.01248469,0.11,0.6908,-0.5808,1,1,-1,-172.7297,1,-2.3486,-1,3.28654864,18.3904,1,-0.47054979,30.7563,16.8393,0.28105819,-0.28231712,0.14533947,-0.51403134,19.2402,0.12405356,21.4286,100.0,0.214286,1.0,-1,42.2405,45.286,48.3315,6.091,-12243421.2996,0.0,0.06615642,45.77000046,45.77000046,42.31999969,42.40999985,801400.0,0.0,0.0,-2.97000122,-0.06544736,0.04004768,24,41216,29513,106,314,236,0
FROG,2021-07-15,45.71,0.27360483,-0.00535295,-0.1201,0.5286,-0.6488,-1,1,-1,-197.03,1,-2.4468,-1,0.04181214,27.6977,1,0.50609557,22.3384,15.5248,0.18585322,-0.27369677,0.13109581,-0.07806144,21.5456,0.11982204,14.2857,100.0,0.142857,1.0,-1,41.3514,44.648,47.9446,6.5932,-12156924.7211,0.0,-0.00706474,42.43000031,43.97999954,41.75,43.06000137,494600.0,0.0,0.0,0.65000153,0.01532661,0.01853747,32,42873,31255,112,306,251,0
FROG,2021-07-16,45.374,0.26650754,-0.00735069,-0.268,0.3693,-0.6373,-1,1,-1,-139.4174,1,-5.2964,-1,1.16462318,33.3948,0,0.20568856,16.6542,17.5984,0.12156591,-0.25445869,0.15356492,0.13356694,22.6761,0.05247011,7.1429,92.8571,0.071429,0.928571,-1,41.4255,43.978,46.5305,5.105,-12750535.3733,0.0,0.04882901,43.65999985,44.54999924,43.40000153,43.45000076,650100.0,0.0,0.0,0.38999939,0.00905712,0.02943981,25,43951,33347,42,303,256,0
FROG,2021-07-19,45.254,0.26397279,-0.00264469,-0.2691,0.2416,-0.5107,-1,1,-1,-114.2451,1,-4.1462,-1,-0.21716638,50.7929,0,0.52098231,23.8212,38.3404,0.20262343,0.4303419,0.37832104,1.17862988,24.7198,0.09012573,0.0,85.7143,0.0,0.857143,-1,41.6035,43.83,46.0565,4.453,-12284718.796,0.0,-0.0365331,42.40000153,45.16999817,42.00600052,44.84999847,583500.0,0.0,0.0,1.39999771,0.03222089,0.02477038,41,37658,39197,266,264,270,0
FROG,2021-07-20,45.074,0.26017067,-0.00397755,-0.2023,0.1529,-0.3551,-1,1,-1,-52.4881,0,-0.7175,-1,-0.82694998,58.6117,0,0.1539349,39.6033,62.8711,0.38111621,0.6625233,0.64413074,0.63981336,25.4944,0.0313352,0.0,78.5714,0.0,0.785714,-1,41.4981,43.886,46.2739,4.7758,-11888210.3575,0.0,-0.03227656,45.02000046,45.83000183,44.16500092,45.65999985,498200.0,0.0,0.0,0.81000137,0.01806023,0.01878988,8,53320,41686,136,321,268,0
FROG,2021-07-21,44.877,0.25600946,-0.00437059,-0.1747,0.0873,-0.2621,-1,1,-1,-50.508,0,-1.414,-1,0.97073171,54.1012,0,-0.07695562,61.2095,82.417,0.62547855,0.54556565,0.85592615,0.31088847,26.1916,0.02734718,21.4286,71.4286,0.214286,0.714286,-1,42.4066,44.468,46.5294,4.1228,-11701412.2464,0.0,-0.01571289,45.11000061,45.65000153,44.56999969,45.31999969,480300.0,0.0,0.0,-0.34000015,-0.00744635,0.01753488,100,65671,45180,184,400,280,0
FROG,2021-07-22,44.842,0.25527016,-0.00077991,-0.1049,0.0489,-0.1538,-1,1,-1,-18.8969,0,-1.965,-1,0.38967468,60.5713,0,0.11959254,78.5358,90.3194,0.82143596,0.28306554,0.94155496,0.09588313,25.492,-0.02671085,14.2857,64.2857,0.142857,0.642857,-1,43.3001,45.036,46.7719,3.4718,-11632376.4255,0.0,-0.00589979,45.45000076,46.45000076,45.11000061,45.90000153,385500.0,0.0,0.0,0.58000183,0.01279792,0.01088831,25,71310,49242,283,334,284,0
FROG,2021-07-23,44.749,0.25330573,-0.00207395,-0.0514,0.0288,-0.0802,-1,1,-1,-27.2942,0,-7.6133,-1,2.87445293,60.0242,0,-0.00903233,86.6982,87.3582,0.91375128,0.10393222,0.90946799,-0.03278587,25.3485,-0.00562922,7.1429,57.1429,0.071429,0.571429,-1,44.7324,45.52,46.3076,1.5752,-11353853.7699,1.0,-0.02394375,45.97000122,46.01499939,44.65000153,45.86999893,353700.0,0.0,0.0,-0.03000259,-0.00065365,0.00865877,34,70241,52998,345,386,296,0
FROG,2021-07-26,44.714,0.25256643,-0.00078214,-0.0591,0.0112,-0.0704,-1,1,-1,-33.079,0,-8.9922,-1,0.18111726,48.5208,0,-0.19164604,83.8504,73.8736,0.88154316,-0.03284728,0.7633516,-0.15435987,25.2193,-0.00509695,0.0,50.0,0.0,0.5,-1,45.0507,45.598,46.1453,1.0946,-11373040.4365,1.0,0.00168988,45.68000031,45.75999832,44.79999924,45.24000168,230200.0,0.0,0.0,-0.62999725,-0.01373441,0.0,64,58106,61741,36,387,346,0
FROG,2021-07-27,44.521,0.24848971,-0.00431632,-0.2073,-0.0325,-0.1748,-1,-1,-1,-117.4649,1,-12.6282,-1,0.40435044,28.8702,1,-0.40499332,71.7113,53.9022,0.74425206,-0.14477093,0.54694555,-0.27034556,27.2868,0.08198086,0.0,42.8571,0.0,0.428571,-1,43.3654,45.156,46.9466,3.5812,-11469560.3526,1.0,0.00848673,44.77000046,45.15999985,42.29999924,43.45000076,492900.0,0.0,0.0,-1.79000092,-0.03956677,0.01841829,49,87640,66643,142,515,374,0
FROG,2021-07-28,44.825,0.25491107,0.00682824,-0.1615,-0.0583,-0.1032,-1,-1,-1,-38.2327,0,-5.7445,-1,-0.5451054,54.568,0,0.89011507,59.332,50.2201,0.60424435,-0.17262691,0.50704706,-0.06831076,28.2056,0.03367196,14.2857,35.7143,0.142857,0.357143,-1,43.3789,45.182,46.9851,3.6062,-11223930.4169,1.0,-0.02141581,43.63999939,45.70000076,43.20999908,45.45000076,307300.0,0.0,0.0,2.0,0.04602992,0.00540559,32,96189,71003,120,462,382,0
FROG,2021-07-29,45.081,0.26031853,0.0057111,-0.1102,-0.0687,-0.0416,-1,-1,-1,18.1826,0,0.2197,1,-1.03824528,56.2475,0,0.03077811,55.5355,62.4843,0.5613066,-0.06398739,0.63993945,0.24420899,28.0877,-0.00418002,7.1429,28.5714,0.071429,0.285714,-1,43.3998,45.126,46.8522,3.4524,-11190968.9134,0.0,-0.00293672,45.75999832,46.25999832,44.83000183,45.61999893,316100.0,0.0,0.0,0.16999817,0.00374033,0.00602258,33,100685,75200,229,488,404,0
FROG,2021-07-30,45.118,0.26110008,0.00082074,-0.2124,-0.0974,-0.115,-1,-1,-1,-41.9895,0,-6.3875,-1,-30.07373691,37.7685,0,-0.32853016,59.4771,65.7268,0.60588541,0.07097442,0.67507452,0.05189304,28.932,0.03005942,0.0,21.4286,0.0,0.214286,-1,42.9191,44.716,46.5129,3.5938,-11688542.4096,0.0,0.04446206,45.09000015,46.36000061,43.74000168,43.81999969,529400.0,0.0,0.0,-1.79999924,-0.03945636,0.02097735,50,108067,80603,334,523,424,130
FROG,2021-08-02,45.127,0.26129019,0.00019948,-0.2006,-0.118,-0.0826,-1,-1,-1,-36.2471,0,-2.4104,-1,-0.62263796,50.4338,0,0.3353403,63.4372,62.1005,0.65067344,0.06658193,0.63578067,-0.05517232,30.1528,0.04219549,0.0,14.2857,0.0,0.142857,-1,42.9139,44.656,46.3981,3.4842,-11514857.7516,0.0,-0.01485939,44.06000137,45.84000015,43.15000153,44.93999863,525000.0,0.0,0.0,1.11999893,0.02555908,0.02066886,25,81575,91726,25,568,485,0
FROG,2021-08-03,44.854,0.25552364,-0.00604959,-0.3495,-0.1643,-0.1852,-1,-1,-1,-112.5169,1,-9.5449,-1,2.95988218,34.6254,0,-0.31344852,55.5772,38.9044,0.56177822,-0.12390206,0.38443243,-0.37352517,31.8256,0.05547743,42.8571,7.1429,0.428571,0.071429,1,42.4998,44.552,46.6042,4.1044,-11798310.35,1.0,0.02461625,44.90000153,44.90000153,42.36000061,42.93000031,514300.0,0.0,0.0,-2.00999832,-0.04472627,0.01991867,70,117503,95992,322,724,515,0
FROG,2021-08-04,44.638,0.25096109,-0.00481562,-0.4438,-0.2202,-0.2236,-1,-1,-1,-114.6815,1,-8.7333,-1,-0.0850297,37.4306,0,0.08101567,44.6988,33.0915,0.43874542,-0.19573494,0.32144502,-0.14941498,33.3311,0.04730469,35.7143,0.0,0.357143,0.0,1,42.0258,44.094,46.1622,4.1364,-11848718.8667,0.0,0.00427252,43.0,43.83000183,42.63000107,43.15999985,432100.0,0.0,0.0,0.22999954,0.00535755,0.01415551,19,130670,100918,333,735,554,0
FROG,2021-08-05,44.645,0.25110895,0.00015682,-0.2885,-0.2339,-0.0546,-1,-1,-1,39.1195,0,-0.6054,-1,-0.93067912,62.2009,0,0.66176604,36.9411,38.8274,0.3510072,-0.17355499,0.38359807,0.17333454,30.1625,-0.09506437,100.0,7.1429,1.0,0.071429,1,41.8814,44.164,46.4466,4.5652,-11040215.9139,-1.0,-0.06823547,43.00999832,46.75,42.93999863,45.97000122,1369100.0,0.0,0.0,2.81000137,0.06510661,0.07984996,32,131953,105385,234,741,590,0
FROG,2021-08-06,44.045,0.23843522,-0.01343935,-0.6501,-0.3171,-0.333,-1,-1,-1,-271.681,1,-14.8077,-1,23.45936571,29.9873,1,-0.51789604,36.5539,37.7428,0.34662803,-0.01048155,0.37184556,-0.02793388,30.4068,0.00809946,92.8571,100.0,0.928571,1.0,-1,39.2063,43.374,47.5417,8.3354,-11894504.8343,1.0,0.07737973,41.09000015,41.27999878,39.02000046,39.86999893,3446300.0,0.0,0.0,-6.10000229,-0.13269528,0.22548552,100,126699,108046,7773,822,632,0
FROG,2021-08-09,43.384,0.22447298,-0.01500738,-1.0249,-0.4587,-0.5662,-1,-1,-1,-255.7769,1,-15.2665,-1,0.03098388,26.5,1,-0.11629256,35.9501,31.2802,0.33979916,-0.01651807,0.30181814,-0.17122736,30.8812,0.01560177,85.7143,100.0,0.857143,1.0,-1,36.9118,42.112,47.3122,10.4004,-13028255.9107,0.0,0.09531722,40.0,40.15000153,38.58000183,38.63000107,1210900.0,0.0,0.0,-1.23999786,-0.03110103,0.06875833,45,96278,117096,82,805,728,1
FROG,2021-08-10,42.799,0.21211609,-0.01348423,-1.3891,-0.6447,-0.7443,-1,-1,-1,-254.3241,1,-17.1441,-1,0.12298824,23.6449,1,-0.10773962,25.0132,6.0166,0.21610474,-0.30422447,0.02806688,-0.80765468,32.1716,0.04178594,78.5714,100.0,0.785714,1.0,-1,34.8615,41.046,47.2305,12.369,-13250462.6063,0.0,0.01705575,38.0,38.34999847,36.97000122,37.59999847,2555400.0,0.0,0.0,-1.03000259,-0.02666328,0.16302321,45,143196,120766,183,1006,768,0
FROG,2021-08-11,42.11,0.19756242,-0.01609851,-1.582,-0.8322,-0.7498,-1,-1,-1,-183.171,1,-9.078,-1,-0.47048839,32.1602,0,0.36013263,15.0224,7.7705,0.10311054,-0.39942111,0.04707179,0.29151016,32.9722,0.0248853,71.4286,92.8571,0.714286,0.928571,-1,34.1068,40.126,46.1452,12.0384,-12018834.8838,0.0,-0.09294979,37.88000107,38.63000107,37.08000183,38.56000137,1353800.0,0.0,0.0,0.9600029,0.02553199,0.07877726,26,154595,124184,270,1007,807,12
FROG,2021-08-12,41.403,0.18262853,-0.01678936,-1.7159,-1.0089,-0.7069,-1,-1,-1,-143.4926,1,-10.4738,-1,0.15375633,32.1136,0,-0.001449,11.1911,19.7861,0.05977921,-0.25503914,0.1772704,1.54630976,33.6929,0.02185781,64.2857,85.7143,0.642857,0.857143,-1,37.1973,38.642,40.0867,2.8894,-11314578.4055,0.0,-0.05859607,38.33000183,38.63000107,37.70999908,38.54999924,852500.0,0.0,0.0,-0.01000214,-0.00025939,0.04363037,45,157306,127806,266,1010,845,0
FROG,2021-08-13,40.85,0.17094757,-0.01335652,-1.822,-1.1715,-0.6504,-1,-1,-1,-112.6453,1,-11.8757,-1,0.13384827,30.6683,0,-0.04500585,19.6773,31.4753,0.15575664,0.75829901,0.3039322,0.59077837,33.5102,-0.00542251,57.1429,78.5714,0.571429,0.785714,-1,37.564,38.326,39.088,1.524,-11946359.5484,-1.0,0.0558378,38.33000183,39.20000076,38.22000122,38.29000092,737300.0,0.0,0.0,-0.25999832,-0.00674444,0.03555353,33,149852,131113,97,1156,893,14
FROG,2021-08-16,40.043,0.1539014,-0.0197552,-1.9976,-1.3367,-0.6608,-1,-1,-1,-126.1605,1,-17.7926,-1,0.49823589,23.4603,1,-0.23503096,28.3394,33.7569,0.25372348,0.44020775,0.32865516,0.07248859,34.651,0.03404337,50.0,100.0,0.5,1.0,-1,36.6675,37.974,39.2805,2.613,-12165199.0407,1.0,0.01831851,38.13999939,38.13999939,36.16999817,36.86999893,749800.0,0.0,0.0,-1.42000198,-0.03708545,0.03642992,19,112103,137726,130,908,965,8
FROG,2021-08-17,39.395,0.14021376,-0.0161826,-2.1459,-1.4986,-0.6474,-1,-1,-1,-118.6087,1,-20.1708,-1,0.13366231,21.5847,1,-0.07994783,30.6614,26.752,0.27998489,0.0819354,0.25275148,-0.20751017,35.8062,0.03333814,42.8571,100.0,0.428571,1.0,-1,35.9436,37.744,39.5444,3.6008,-12258880.4028,1.0,0.00770077,36.5,37.09999847,35.93999863,36.45000076,776100.0,0.0,0.0,-0.41999817,-0.01139133,0.03827386,57,159992,140125,250,1253,1001,0
FROG,2021-08-18,38.668,0.12485742,-0.01845412,-2.2824,-1.6553,-0.627,-1,-1,-1,-112.072,1,-20.8076,-1,0.03157039,19.0468,1,-0.11757866,25.7259,16.6688,0.22416525,-0.16096786,0.14349197,-0.37691388,37.1164,0.03659143,35.7143,100.0,0.357143,1.0,-1,35.132,37.21,39.288,4.156,-12509205.7143,0.0,0.02041992,36.61999893,36.68999863,35.47000122,35.88999939,803500.0,0.0,0.0,-0.56000137,-0.01536355,0.04019491,19,177518,143400,1040,1489,1069,15
FROG,2021-08-19,37.654,0.10343881,-0.02622323,-2.3681,-1.7979,-0.5702,-1,-1,-1,-104.035,1,-21.939,-1,0.05437436,18.7515,1,-0.01550392,18.7975,12.9716,0.14580626,-0.26931614,0.10342986,-0.22180361,38.3557,0.03338955,28.5714,100.0,0.285714,1.0,-1,34.8712,36.666,38.4608,3.5896,-12414878.8662,0.0,-0.00754059,35.97999954,36.15999985,35.36999893,35.83000183,573200.0,0.0,0.0,-0.05999756,-0.00167171,0.02404824,38,168788,145040,204,1329,1115,29
FROG,2021-08-20,37.157,0.09294073,-0.01319913,-2.4824,-1.9348,-0.5476,-1,-1,-1,-103.9438,1,-23.9154,-1,0.09008615,14.4201,1,-0.23098952,13.8734,11.9797,0.09011555,-0.26195505,0.09268183,-0.07646705,40.0229,0.04346681,21.4286,100.0,0.214286,1.0,-1,34.6584,35.988,37.3176,2.6592,-13160199.3021,1.0,0.06003445,35.47999954,36.38000107,34.43000031,34.90000153,1432900.0,0.0,0.0,-0.93000031,-0.02595591,0.08432307,51,167498,147561,1934,1499,1164,14
FROG,2021-08-23,37.03,0.09025812,-0.00341793,-2.3474,-2.0173,-0.3301,-1,-1,-1,-72.4034,0,-17.4182,-1,-0.27167432,51.4786,0,2.56991976,21.893,40.7277,0.18081582,0.57805585,0.40418934,2.3997262,39.6637,-0.00897486,14.2857,92.8571,0.142857,0.928571,-1,34.4696,36.086,37.7024,3.2328,-12299687.5388,0.0,-0.06538744,34.97999954,37.43500137,34.90000153,37.36000061,914600.0,0.0,0.0,2.45999908,0.07048708,0.0479843,34,120298,151113,69,1233,1270,77
FROG,2021-08-24,37.02,0.09004689,-0.00027005,-2.2038,-2.0546,-0.1492,-1,-1,-1,-52.7749,0,-13.6939,-1,-0.21381658,52.9287,0,0.02816899,40.0082,67.3171,0.38569556,0.82744256,0.69230669,0.65285788,38.7785,-0.02231764,7.1429,85.7143,0.071429,0.857143,-1,34.3136,36.296,38.2784,3.9648,-11773753.0821,0.0,-0.04275999,37.65999985,37.77500153,36.68000031,37.5,1056400.0,0.0,0.0,0.13999939,0.00374731,0.0579261,9,175142,153277,367,1669,1330,4
FROG,2021-08-25,36.938,0.08831482,-0.00221502,-2.047,-2.0531,0.0061,-1,-1,1,-46.3029,0,-16.9637,-1,0.23877785,55.7616,0,0.05352295,67.0133,92.9949,0.69111851,0.67498913,0.97054614,0.38144543,37.4014,-0.03551195,0.0,78.5714,0.0,0.785714,-1,34.4482,36.666,38.8838,4.4356,-11336650.8704,0.0,-0.03712514,37.34000015,38.11999893,36.41999817,37.74000168,790500.0,0.0,0.0,0.24000168,0.00640004,0.03928346,38,190938,155194,257,1660,1354,17
FROG,2021-08-26,36.902,0.08755439,-0.00097461,-1.8649,-2.0154,0.1506,-1,-1,1,-24.0147,0,-16.2867,-1,-0.03990875,61.2303,0,0.09807287,83.4319,89.9838,0.87681,0.2450051,0.93791846,-0.03237919,35.2356,-0.05790692,0.0,71.4286,0.0,0.714286,-1,34.8301,37.138,39.4459,4.6158,-11358589.1257,0.0,0.00193516,37.88999939,38.68000031,37.74000168,38.18999863,515500.0,0.0,0.0,0.44999695,0.01192361,0.0200028,70,187625,157885,253,1706,1408,31
FROG,2021-08-27,36.97,0.08899075,0.00184272,-1.6387,-1.9401,0.3013,-1,-1,1,-0.2026,0,-11.068,-1,-0.3204271,69.4207,0,0.13376384,90.8841,89.6736,0.96109307,0.08932075,0.9345572,-0.00344729,32.2063,-0.08597271,0.0,64.2857,0.0,0.642857,-1,36.7883,37.952,39.1157,2.3274,-11190241.2197,-1.0,-0.0148212,38.29999924,39.38000107,38.20999908,38.97000122,562400.0,0.0,0.0,0.78000259,0.02042426,0.02329103,33,183624,160189,201,1795,1450,42
FROG,2021-08-30,37.17,0.09321533,0.00540979,-1.4509,-1.8423,0.3914,-1,-1,1,8.9525,0,-13.5069,-1,0.22035598,67.1474,0,-0.03274672,89.0068,87.363,0.93986114,-0.02065598,0.90952001,-0.02576678,29.48,-0.08465114,92.8571,57.1429,0.928571,0.571429,1,37.0779,38.254,39.4301,2.3522,-11102819.4829,0.0,-0.00781232,39.27000046,39.27000046,38.31999969,38.86999893,553700.0,0.0,0.0,-0.10000229,-0.00256614,0.02268106,13,126378,160720,83,1364,1545,35
FROG,2021-08-31,37.369,0.09741878,0.00535378,-1.3215,-1.7381,0.4166,-1,-1,1,1.0148,0,-10.4589,-1,-0.22566244,57.0975,0,-0.14966924,85.8857,80.6206,0.90456204,-0.03506586,0.83646073,-0.07717684,28.12,-0.04613297,85.7143,50.0,0.857143,0.5,1,37.5394,38.442,39.3446,1.8052,-10868974.2197,1.0,-0.02106179,39.04999924,39.04999924,37.52999878,38.43999863,1184800.0,0.0,0.0,-0.43000031,-0.01106252,0.06692842,52,180933,161547,504,1747,1556,50
FROG,2021-09-01,37.63,0.10293186,0.0069844,-1.2002,-1.6305,0.4303,-1,-1,1,2.9807,0,-10.797,-1,0.03232654,58.1889,0,0.01911467,79.379,70.1535,0.83097241,-0.07575999,0.72304135,-0.12983158,27.3102,-0.02879801,78.5714,42.8571,0.785714,0.428571,1,38.019,38.594,39.169,1.15,-9897300.7614,1.0,-0.08939882,37.54999924,38.65000153,37.20999908,38.5,1227400.0,0.0,0.0,0.06000137,0.00156091,0.06991517,56,192228,161731,323,1904,1591,36
FROG,2021-09-02,37.825,0.10705082,0.00518204,-1.149,-1.5342,0.3852,-1,-1,1,-0.3349,0,-17.816,-1,0.65008799,42.1166,0,-0.27620904,69.2528,56.9842,0.71644686,-0.12756774,0.58034148,-0.18772121,27.3811,0.0025961,71.4286,35.7143,0.714286,0.357143,1,37.6734,38.512,39.3506,1.6772,-9737020.7147,1.0,-0.01619432,38.24000168,38.70000076,36.56000137,37.77999878,1143200.0,0.0,0.0,-0.72000122,-0.01870133,0.06401178,76,182964,161066,401,1921,1622,16
FROG,2021-09-03,38.114,0.11315534,0.00764045,-1.095,-1.4464,0.3514,-1,-1,1,27.1069,0,-5.217,-1,-0.70717333,42.3929,0,0.00656036,58.8344,49.3656,0.59861658,-0.15044013,0.49778787,-0.13369671,27.445,0.00233373,64.2857,28.5714,0.642857,0.285714,1,37.4218,38.276,39.1302,1.7084,-10005283.3813,1.0,0.0275508,37.86999893,38.59000015,37.41999817,37.79000092,728800.0,0.0,0.0,0.01000214,0.00026475,0.03495758,29,184235,161153,388,1897,1637,28
FROG,2021-09-07,38.267,0.11638714,0.00401427,-0.9524,-1.3476,0.3952,-1,-1,1,89.4879,0,0.6731,1,-1.12902051,65.2174,0,0.53840384,54.546,57.2881,0.55011553,-0.07288933,0.58363448,0.16048625,25.869,-0.05742394,57.1429,21.4286,0.571429,0.214286,1,37.4146,38.28,39.1454,1.7308,-9685223.2471,-1.0,-0.03198911,38.13999939,39.36000061,37.86999893,38.88999939,867100.0,0.0,0.0,1.09999847,0.02910819,0.044654,57,109217,146202,90,1620,1601,87
FROG,2021-09-08,38.278,0.11661949,0.00028745,-0.932,-1.2644,0.3325,-1,-1,1,5.6508,0,0.0266,1,-0.96048135,41.3736,0,-0.36560488,54.007,55.3672,0.54401953,-0.00988157,0.56281999,-0.03353052,25.9042,0.0013607,50.0,14.2857,0.5,0.142857,1,37.1254,38.114,39.1026,1.9772,-9706666.7114,1.0,0.00221404,38.47999954,38.47999954,36.79999924,37.61000061,600400.0,0.0,0.0,-1.27999878,-0.03291331,0.02595527,38,181432,144660,1347,2032,1619,58
FROG,2021-09-09,38.252,0.1160703,-0.00067924,-0.9157,-1.1947,0.279,-1,-1,1,-5.0073,0,-2.8008,-1,-106.29323308,39.5384,0,-0.04435679,54.6153,51.1905,0.5508993,0.01126335,0.51756212,-0.07543636,25.9358,0.00121988,42.8571,7.1429,0.428571,0.071429,1,36.9034,37.91,38.9166,2.0132,-9660387.6205,0.0,-0.00476776,37.38000107,37.84000015,37.06999969,37.47999954,712700.0,0.0,0.0,-0.13000107,-0.00345656,0.03382879,75,191382,145862,404,2071,1641,6
FROG,2021-09-10,38.09,0.11264839,-0.00423507,-0.9651,-1.1488,0.1837,-1,-1,1,-41.0044,0,-5.1362,-1,0.83383319,28.4835,1,-0.27959907,43.4937,23.9235,0.42511595,-0.20363525,0.22210243,-0.53265743,26.6504,0.02755265,35.7143,0.0,0.357143,0.0,1,36.1841,37.668,39.1519,2.9678,-10132130.8336,0.0,0.04883274,37.52999878,37.75,36.52999878,36.56999969,504700.0,0.0,0.0,-0.90999985,-0.02427961,0.0192456,40,171658,144066,349,2181,1681,49
FROG,2021-09-13,37.863,0.10785349,-0.00595957,-0.9825,-1.1155,0.1331,-1,-1,1,-56.0938,0,-4.1525,-1,-0.19152292,31.8844,0,0.11939895,31.5843,19.6388,0.29042273,-0.27381897,0.17567428,-0.17910005,28.0842,0.05380032,28.5714,0.0,0.285714,0.0,1,35.7918,37.45,39.1082,3.3164,-10110173.5102,0.0,-0.0021671,36.79999924,37.5,35.83000183,36.70000076,523800.0,0.0,0.0,0.13000107,0.00355486,0.02058473,38,112799,144379,164,1362,1730,53
FROG,2021-09-14,37.602,0.10234042,-0.00689327,-1.02,-1.0964,0.0764,-1,-1,1,-68.7889,0,-1.6545,-1,-0.60156532,26.544,1,-0.16749257,19.2192,14.0952,0.15057561,-0.39149514,0.11560496,-0.28227794,29.3745,0.04594398,21.4286,92.8571,0.214286,0.928571,-1,35.8672,36.924,37.9808,2.1136,-10370754.5567,0.0,0.02577414,36.5,37.20000076,35.90999985,36.25999832,569700.0,0.0,0.0,-0.44000244,-0.01198917,0.02380285,90,160413,151692,660,2284,1825,5
FROG,2021-09-15,37.398,0.09803135,-0.00542524,-1.0265,-1.0824,0.0559,-1,-1,1,-83.8393,0,-0.1372,-1,-0.91707464,31.1318,0,0.17283755,19.4205,24.5275,0.15285228,0.0104739,0.22864725,0.74013139,30.7832,0.04795656,14.2857,100.0,0.142857,1.0,-1,35.83,36.682,37.534,1.704,-10121752.8901,1.0,-0.02400999,36.20000076,36.59999847,35.70000076,36.40000153,448200.0,0.0,0.0,0.1400032,0.00386109,0.0152843,73,163354,149110,916,2106,1836,108
FROG,2021-09-16,37.149,0.09277175,-0.00665811,-1.0511,-1.0762,0.0251,-1,-1,1,-84.9405,0,0.3344,1,-3.43731778,25.5707,1,-0.17863085,19.9919,21.3529,0.15931472,0.02942252,0.19424793,-0.12943023,31.4417,0.02139154,7.1429,92.8571,0.071429,0.928571,-1,35.9064,36.388,36.8696,0.9632,-10583101.9131,0.0,0.04557995,36.25,36.79999924,35.93000031,36.00999832,565300.0,0.0,0.0,-0.3900032,-0.01071437,0.02349436,94,161339,144818,540,1947,1818,25
FROG,2021-09-17,37.049,0.09065946,-0.00269186,-0.997,-1.0603,0.0634,-1,-1,1,-61.6015,0,2.6514,1,6.92882775,48.3435,0,0.8905818,27.2748,35.9441,0.24168304,0.36429254,0.35235521,0.68333575,31.1545,-0.00913437,0.0,85.7143,0.0,0.857143,-1,35.8632,36.43,36.9968,1.1336,-10109107.6607,-1.0,-0.04478784,36.38999939,37.09000015,36.02000046,36.77999878,1127100.0,0.0,0.0,0.77000046,0.02138296,0.06288298,78,152136,142029,531,2100,1806,37
FROG,2021-09-20,36.843,0.08630814,-0.0055602,-1.0269,-1.0536,0.0267,-1,-1,1,-146.709,1,2.3782,1,-0.1030399,31.7729,0,-0.3427679,30.7792,35.0407,0.28131719,0.1284849,0.34256616,-0.02513347,32.2117,0.0339341,35.7143,100.0,0.357143,1.0,-1,35.5258,36.236,36.9462,1.4204,-9982457.3335,1.0,-0.01252834,36.20000076,36.20000076,35.09999847,35.72999954,870700.0,0.0,0.0,-1.04999924,-0.0285481,0.0449064,100,91068,133644,33,1330,1780,52
FROG,2021-09-21,36.531,0.0797178,-0.00846837,-1.0355,-1.05,0.0145,-1,-1,1,-125.2207,1,-4.2559,-1,-2.78954672,32.8686,0,0.03448536,37.4025,41.2228,0.35622555,0.21518753,0.40955414,0.17642627,32.8246,0.01902725,28.5714,92.8571,0.285714,0.928571,-1,35.3385,36.138,36.9375,1.599,-10071210.3861,0.0,0.0088909,35.93000031,36.31000137,35.36000061,35.77000046,648500.0,0.0,0.0,0.04000092,0.00111953,0.02932763,65,131330,129490,624,2209,1769,9
FROG,2021-09-22,36.346,0.07581006,-0.00506419,-1.0312,-1.0463,0.015,-1,-1,1,-107.6042,1,-4.64,-1,0.09025118,32.7045,0,-0.00499261,36.1805,32.2781,0.34240494,-0.03267161,0.31263118,-0.21698429,33.2117,0.01179298,21.4286,85.7143,0.214286,0.857143,-1,35.2143,36.01,36.8057,1.5914,-10156553.1272,0.0,0.00847393,36.20000076,36.36000061,35.34999847,35.75999832,453700.0,0.0,0.0,-0.01000214,-0.00027962,0.01566992,37,127843,124417,445,2015,1756,70
FROG,2021-09-23,36.199,0.072705,-0.00404446,-0.9962,-1.0363,0.04,-1,-1,1,-80.5418,0,-4.584,-1,-0.01206897,41.7886,0,0.277763,37.0073,37.5209,0.35175591,0.02285209,0.3694411,0.16242592,32.5225,-0.02075172,14.2857,78.5714,0.142857,0.785714,-1,35.2143,36.01,36.8057,1.5914,-10218609.4322,0.0,0.00610998,35.86999893,36.66999817,35.49000168,36.00999832,523000.0,0.0,0.0,0.25,0.00699105,0.02052864,19,130277,119979,1466,1942,1756,24
FROG,2021-09-24,36.076,0.07010688,-0.00339788,-1.0108,-1.0312,0.0203,-1,-1,1,-105.8887,1,-7.4627,-1,0.62798866,28.7758,1,-0.31139593,33.7309,31.3937,0.3147004,-0.08853388,0.303048,-0.16330099,32.4062,-0.00357599,7.1429,71.4286,0.071429,0.714286,-1,35.2906,35.722,36.1534,0.8628,-10484034.4126,1.0,0.02597467,36.0,36.00999832,35.22000122,35.34000015,381300.0,0.0,0.0,-0.66999817,-0.01860589,0.01059384,29,129917,116805,781,2196,1769,61
FROG,2021-09-27,35.954,0.06752989,-0.00338175,-0.9996,-1.0249,0.0252,-1,-1,1,-113.2901,1,-8.9556,-1,0.20004824,34.1331,0,0.1861738,34.5658,34.7829,0.32414297,0.02475179,0.33977269,0.10795797,33.3633,0.02953447,0.0,100.0,0.0,1.0,-1,35.1998,35.672,36.1442,0.9444,-10197821.2513,1.0,-0.02729991,35.25999832,35.81000137,34.56999969,35.47999954,611900.0,0.0,0.0,0.13999939,0.0039615,0.02676155,46,88739,112840,613,1302,1729,447
FROG,2021-09-28,35.701,0.0621858,-0.00703677,-1.119,-1.0437,-0.0753,-1,-1,-1,-173.0603,1,-13.2236,-1,0.47657332,15.6915,1,-0.54028494,28.6473,19.7652,0.25720577,-0.17122416,0.17704393,-0.43175526,35.2997,0.05803982,0.0,100.0,0.0,1.0,-1,33.662,35.264,36.866,3.204,-10845925.9092,0.0,0.06355325,35.22999954,35.22999954,33.70999908,33.72999954,665500.0,0.0,0.0,-1.75,-0.04932356,0.03051953,72,115090,110520,1069,1986,1697,22
FROG,2021-09-29,35.409,0.05601791,-0.00817904,-1.2198,-1.0789,-0.1409,-1,-1,-1,-179.6104,1,-12.9032,-1,-0.02422941,14.3108,1,-0.08799031,23.3112,15.3854,0.19685542,-0.18626886,0.1295853,-0.22159148,37.3591,0.05834044,0.0,100.0,0.0,1.0,-1,32.7871,34.808,36.8289,4.0418,-11352018.7006,0.0,0.04666202,34.11999893,34.55099869,33.40999985,33.47999954,576900.0,0.0,0.0,-0.25,-0.0074118,0.02430765,54,116226,108860,1354,2041,1701,50
FROG,2021-09-30,35.158,0.05071607,-0.00708859,-1.2832,-1.1198,-0.1635,-1,-1,-1,-172.1142,1,-12.987,-1,0.00649451,15.0582,1,0.05222629,12.926,3.6275,0.07940062,-0.44550259,0.00217908,-0.76422452,39.3504,0.05330161,0.0,100.0,0.0,1.0,-1,32.4925,34.306,36.1195,3.627,-11541564.7006,0.0,0.01669712,33.59999847,34.0,33.27999878,33.5,487200.0,0.0,0.0,0.02000046,0.00059739,0.01801865,47,119357,107300,1427,1713,1668,34
FROG,2021-10-01,34.791,0.04296396,-0.01043859,-1.3494,-1.1657,-0.1837,-1,-1,-1,-163.4737,1,-12.361,-1,-0.04820205,12.418,1,-0.17533304,8.616,6.8352,0.03065528,-0.33343648,0.03693707,0.88427292,41.6282,0.05788505,0.0,100.0,0.0,1.0,-1,32.192,33.86,35.528,3.336,-11867509.2006,0.0,0.02824093,33.74000168,34.04000092,32.79999924,33.11000061,651900.0,0.0,0.0,-0.38999939,-0.01164177,0.02956601,38,117031,105459,1428,1965,1635,42
