Date,Open,High,Low,Close,Volume,Dividends,Stock Splits
2019-12-02,22.659186732317398,22.905791750617713,22.52640011057186,22.630733489990234,98500,0.0,0
2019-12-03,22.592792921831318,22.611762955684622,22.184946239395316,22.526399612426758,60500,0.0,0
2019-12-04,22.611764794248625,22.697128144447387,22.279796411151462,22.355674743652344,58700,0.0,0
2019-12-05,22.393615340709193,22.545372009277344,22.251341880979638,22.545372009277344,59000,0.0,0
2019-12-06,21.3218307588677,23.29466915988247,20.202624027786634,22.49794578552246,182900,0.0,0
2019-12-09,22.346190482427986,22.943733954047627,22.033192124130814,22.810945510864258,94500,0.0,0
2019-12-10,22.896307324175826,22.896307324175826,22.545370726485476,22.65918731689453,241000,0.0,0
2019-12-11,22.74454978631937,23.161881489568742,22.735064769304383,23.12394142150879,123000,0.0,0
2019-12-12,23.04806419953675,23.69303091482344,23.019610956209583,23.588699340820312,132900,0.0,0
2019-12-13,23.53141900663458,23.560058306385784,23.111385047596727,23.464595794677734,96800,0.16,0
2019-12-16,23.67461362844699,24.085101184831185,23.64597614735718,24.02782440185547,226200,0.0,0
2019-12-17,24.037371545297766,24.266480504759055,23.941909023656525,24.209203720092773,171700,0.0,0
2019-12-18,24.190109704483387,24.562411518353493,24.11374005495116,24.495588302612305,129100,0.0,0
2019-12-19,24.419218370901483,24.495588019551214,24.20920229231373,24.40012550354004,152500,0.0,0
2019-12-20,24.419221258442363,24.62923736186424,24.352398035571593,24.457406997680664,164200,0.0,0
2019-12-23,24.409673812018223,24.524229204189332,24.161471979644315,24.51468276977539,89900,0.0,0
2019-12-24,24.581503790276095,24.88698238100265,24.581503790276095,24.75333595275879,39500,0.0,0
2019-12-26,24.734239825126824,24.801063030439998,24.371484501657115,24.610139846801758,50600,0.0,0
2019-12-27,24.638782775564252,24.648329209978193,24.228295199745716,24.51468276977539,57000,0.0,0
2019-12-30,24.514683388766432,24.581506610555106,24.333304771914147,24.476497650146484,54200,0.0,0
2019-12-31,24.419218193405364,24.715150352172525,24.276025330827448,24.524227142333984,63300,0.0,0
2020-01-02,24.62923723698954,24.68651584555658,24.33330504257817,24.57196044921875,155800,0.0,0
2020-01-03,24.32375644318322,24.40967252759164,23.884631408025623,23.922815322875977,95800,0.0,0
2020-01-06,23.750985201422935,23.961003123990015,23.531422664917578,23.913270950317383,62700,0.0,0
2020-01-07,23.846445632591234,23.90372423596534,23.15911877926681,23.264127731323242,51500,0.0,0
2020-01-08,23.235487863861568,23.645975407400318,23.044562832189015,23.07320213317871,41300,0.0,0
2020-01-09,23.130479518969132,23.149572386794667,22.729538398613425,22.815454483032227,42400,0.0,0
2020-01-10,22.815453168834356,23.07320140724415,22.56725136378744,22.891822814941406,50600,0.0,0
2020-01-13,22.825000765175126,23.416866918258485,22.67226146517866,23.378681182861328,47800,0.0,0
2020-01-14,23.32140456696867,23.779622470227622,23.20684918075589,23.58869743347168,57100,0.0,0
2020-01-15,23.588699264152872,24.486044093273552,23.540968911657657,24.037372589111328,76900,0.0,0
2020-01-16,24.02782440185547,24.352395873378036,23.808261883118465,24.02782440185547,48300,0.0,0
2020-01-17,24.085099254213084,24.209201064974813,23.85599031987907,24.142377853393555,74100,0.0,0
2020-01-21,24.037370835817438,24.180563703654784,23.875085100056154,24.02782440185547,79900,0.0,0
2020-01-22,24.0755551922281,24.371489188085995,23.78916945130332,24.333303451538086,50200,0.0,0
2020-01-23,24.21874973004314,24.37148903367479,23.836899650167883,24.342849731445312,51900,0.0,0
2020-01-24,24.43831208603098,24.43831208603098,24.027824527500286,24.13283348083496,43500,0.0,0
2020-01-27,23.846445646101884,23.884631381706253,23.464597394038638,23.48369026184082,35000,0.0,0
2020-01-28,23.598244852325877,24.10419494628906,23.330951974666675,23.86553955078125,80700,0.0,0
2020-01-29,23.86553777717315,23.894177077992328,23.455050236078407,23.636428833007812,50500,0.0,0
2020-01-30,23.45505041293965,23.58869684284484,23.254580768081862,23.512327194213867,61800,0.0,0
2020-01-31,23.41686824477129,23.540968250249875,23.35004320404078,23.521875381469727,86400,0.0,0
2020-02-03,23.502782254335976,23.531419734176623,22.62453039690093,22.977739334106445,102600,0.0,0
2020-02-04,23.20684958033115,23.311858534434567,23.006379927002207,23.015926361083984,75200,0.0,0
2020-02-05,23.15911880634337,23.245034890708883,22.930009854967363,23.149572372436523,40500,0.0,0
2020-02-06,23.19730065642773,23.49323461881114,23.11138457970944,23.159116744995117,51100,0.0,0
2020-02-07,23.02547159427345,23.02547159427345,22.280866161894835,22.309505462646484,38000,0.0,0
2020-02-10,22.261771916706454,22.319048693868247,21.440796887271784,21.498075485229492,27800,0.0,0
2020-02-11,21.47898528187207,21.660363889630798,20.9921280636541,21.011220932006836,62700,0.0,0
2020-02-12,21.135316790883937,21.24987215774432,20.772561467285,21.030309677124023,36600,0.0,0
2020-02-13,20.953944031710233,21.335792292669762,20.801204727326418,21.125774383544922,22100,0.0,0
2020-02-14,21.116227844387804,21.307151047057037,21.06849567812352,21.240327835083008,21700,0.0,0
2020-02-18,21.202144585285474,21.364430327999155,20.658010571714954,20.877574920654297,71900,0.0,0
2020-02-19,20.839389185515934,21.335792848083784,20.75347309696395,21.097137451171875,56300,0.0,0
2020-02-20,21.049404577763635,21.34533857104457,20.839388490967334,21.13532066345215,26500,0.0,0
2020-02-21,21.13531919159121,21.13531919159121,20.705740613860556,20.887117385864258,33500,0.0,0
2020-02-24,20.381170272827152,20.67710244083502,20.381170272827152,20.38117027282715,62900,0.0,0
2020-02-25,20.400261886982918,20.667554736836482,19.10197608782224,19.121068954467773,184100,0.0,0
2020-02-26,19.1687988749122,19.560193528480347,18.863320298546416,18.920597076416016,48200,0.0,0
2020-02-27,18.80604678461635,18.968332534076147,18.090080564198917,18.290550231933594,83400,0.0,0
2020-02-28,18.013707124411617,18.271453525836247,17.526849978260397,17.95642852783203,122900,0.0,0
2020-03-02,17.813239195012926,18.090080337419355,17.35502125668115,17.641407012939453,71200,0.0,0
2020-03-03,17.526852590392778,17.679591895776912,16.63905423984991,16.696331024169922,114700,0.0,0
2020-03-04,16.810884640302323,17.250009641761373,16.572229273214766,17.135456085205078,111100,0.0,0
2020-03-05,16.78224315674973,16.8777056553206,15.445773639144699,15.636696815490723,111400,0.0,0
2020-03-06,15.283491038198742,16.0280964931462,15.283491038198742,15.789441108703613,91500,0.0,0
2020-03-09,15.083019368238642,15.4362292019579,14.357506834459526,14.519792556762695,85600,0.0,0
2020-03-10,14.720263101349085,14.844364001369035,13.479255011547542,14.519792556762695,120500,0.0,0
2020-03-11,14.23340650487953,14.443423491053181,13.813373442930242,14.31932258605957,62900,0.0,0
2020-03-12,13.56517183907046,14.242953154858988,12.715558358310806,13.30742359161377,115000,0.0,0
2020-03-13,13.565172335688676,14.519793890880283,12.954214212622745,14.386146545410156,82300,0.0,0
2020-03-16,13.556362970490529,14.74314731367428,12.610794126827008,13.035335540771484,90000,0.16,0
2020-03-17,13.083578496216816,14.241417081328706,12.186253155675502,14.009849548339844,75300,0.0,0
2020-03-18,13.43092932603872,14.21246995258861,12.707280120627875,13.199361801147461,111000,0.0,0
2020-03-19,13.15111806562462,14.444038099863462,12.765171278595137,13.122172355651855,81600,0.0,0
2020-03-20,13.025685428852602,13.508118222513811,12.28273848493393,13.122172355651855,121900,0.0,0
2020-03-23,13.064281653183128,13.26690348872675,12.02222676186382,13.044984817504883,59900,0.0,0
2020-03-24,13.652847630639615,13.980902076068558,13.11252341948285,13.614253044128418,111100,0.0,0
2020-03-25,13.778280644813902,14.540524439445859,13.527416285693075,13.951956748962402,91200,0.0,0
2020-03-26,14.058091000630402,16.122902722737592,13.932658366644006,15.97817325592041,57200,0.0,0
2020-03-27,15.543987468356992,16.20974349569422,14.926473071122219,15.949231147766113,105900,0.0,0
2020-03-30,16.15184949790009,16.20009388083092,14.646659716823837,14.878227233886719,75600,0.0,0
2020-03-31,14.694903000472987,15.389606506862549,14.617713824226099,15.061552047729492,148900,0.0,0
2020-04-01,14.772092671324161,15.061551613827307,13.440578039173056,13.758983612060547,76900,0.0,0
2020-04-02,13.758985319817022,13.903714809032325,12.620443481408772,13.353741645812988,90200,0.0,0
2020-04-03,12.967794109074266,13.12217338813348,11.867847841887727,11.877496719360352,96900,0.0,0
2020-04-06,12.37922566694815,13.305496686680735,12.244144150677807,13.199361801147461,59900,0.0,0
2020-04-07,13.488819646701653,14.21246879307408,12.996738926495683,13.430928230285645,59500,0.0,0
2020-04-08,13.498470606600854,14.579120054917983,13.189713884272422,14.164228439331055,104400,0.0,0
2020-04-09,14.366850023775728,16.267635633622476,14.366850023775728,16.180797576904297,79700,0.0,0
2020-04-13,16.759715638310844,16.759715638310844,15.003659688015164,15.717660903930664,82400,0.0,0
2020-04-14,15.76590527048981,17.628096316956764,15.457148549065591,15.669418334960938,147200,0.0,0
2020-04-15,16.007119972415072,16.007119972415072,13.884415899943802,13.961605072021484,120700,0.0,0
2020-04-16,14.067740555956506,14.106335143647938,12.852009663425067,13.083578109741211,86500,0.0,0
2020-04-17,13.266902296822884,14.270362506466785,13.160767409708624,13.392334938049316,150000,0.0,0
2020-04-20,13.392335731489384,13.768633677462766,12.977443195172649,13.035335540771484,78300,0.0,0
2020-04-21,13.508118783891936,13.874767832731967,13.04498372441036,13.488821029663086,88000,0.0,0
2020-04-22,13.633551152511725,14.530876462474556,13.122172637879194,13.41163158416748,67500,0.0,0
2020-04-23,13.315145761935753,14.01949722401392,13.315145761935753,13.392334938049316,65600,0.0,0
2020-04-24,13.440579279667872,13.730038248886558,13.180065103169909,13.508119583129883,51600,0.0,0
2020-04-27,13.537064432957973,14.33790282642953,13.537064432957973,14.144929885864258,71500,0.0,0
2020-04-28,14.588769292334819,14.926472655836015,13.681795938042598,13.749336242675781,144300,0.0,0
2020-04-29,14.337902830289236,15.437849972058746,14.173875600722708,15.061552047729492,113300,0.0,0
2020-04-30,14.839634907228955,14.839634907228955,14.241418270313478,14.463336944580078,85400,0.0,0
2020-05-01,14.154578246891461,14.289659760446177,13.054631145519563,13.498469352722168,102700,0.0,0
2020-05-04,13.498470132667606,13.739686543559454,13.228308010115658,13.681795120239258,67600,0.0,0
2020-05-05,14.260714183469867,14.260714183469867,13.016037520070842,13.170415878295898,67600,0.0,0
2020-05-06,13.344092671775023,13.373038385376214,12.716930329465907,13.044984817504883,85800,0.0,0
2020-05-07,13.440578403162187,13.701091642503576,13.170415366597148,13.392334938049316,83400,0.0,0
2020-05-08,13.623902986605342,13.807227977000815,13.305497392936994,13.71074104309082,81500,0.0,0
2020-05-11,13.623902168743411,14.405443710028068,13.209009666071646,14.01949691772461,84500,0.0,0
2020-05-12,14.019496099296102,14.251064529226719,13.131819725036621,13.131819725036621,76800,0.0,0
2020-05-13,13.141470268086247,13.324795260025937,12.060820831962518,12.678335189819336,106400,0.0,0
2020-05-14,12.388874702644195,13.025685864340709,12.031874533819408,13.016036987304688,66100,0.0,0
2020-05-15,12.996741257242142,13.450227474440059,12.65903789363995,13.373038291931152,68900,0.0,0
2020-05-18,13.87476805010129,14.33790311683858,13.60460592783787,14.05809211730957,79400,0.0,0
2020-05-19,14.16422728242566,14.453686225882336,13.073929045547215,13.102874755859375,88300,0.0,0
2020-05-20,13.353739991897015,14.299307834015499,13.353739991897015,14.13528060913086,72000,0.0,0
2020-05-21,14.087038363473871,14.752795233725537,13.980902556793021,14.588768005371094,69000,0.0,0
2020-05-22,14.66595707004325,15.244876803402773,14.43438954476646,15.196633338928223,66100,0.0,0
2020-05-26,15.437849138277429,16.383416956316516,15.437849138277429,16.190444946289062,60100,0.0,0
2020-05-27,16.586041612013975,17.425473725937376,16.34482519117744,17.319339752197266,67700,0.0,0
2020-05-28,17.61844778728572,17.714934724719946,16.28693209943101,16.383419036865234,65800,0.0,0
2020-05-29,16.13255189195759,16.383417164482267,15.505389630813427,15.72730827331543,226900,0.0,0
2020-06-01,15.727308566474695,15.843093248388577,15.051903749704818,15.100146293640137,85800,0.0,0
2020-06-02,15.437851167002966,15.746607895889381,15.042256378075336,15.63082504272461,71400,0.0,0
2020-06-03,16.229038926225748,17.00093250227836,15.814146428151917,16.528146743774414,64100,0.0,0
2020-06-04,16.44131022814392,17.338633664108052,16.40271472190803,17.271093368530273,64600,0.0,0
2020-06-05,18.13947238273241,19.25871632156332,17.994742912085062,19.017499923706055,92400,0.0,0
2020-06-08,19.345555835592414,20.570935671092947,19.345555835592414,20.41655731201172,100800,0.0,0
2020-06-09,19.895529502617208,20.532340652058394,19.451690369177392,20.24287986755371,44100,0.0,0
2020-06-10,20.300772927028376,20.300772927028376,18.621905178446944,19.017499923706055,82500,0.0,0
2020-06-11,18.332444890433873,18.911364570830347,17.74387633399171,17.811416625976562,83900,0.0,0
2020-06-12,17.415823336702665,18.612258299705434,17.319338249010418,18.081581115722656,110900,0.0,0
2020-06-15,17.22518766721208,18.461117747723183,17.05001597776785,18.256752014160156,66200,0.16,0
2020-06-16,19.064487310151364,19.346706930790273,18.247020637114023,18.68494987487793,70700,0.0,0
2020-06-17,18.675217187013686,18.675217187013686,18.247019932858084,18.285947799682617,45400,0.0,0
2020-06-18,18.05238656623462,18.344340035341364,17.31277556600361,17.653385162353516,74300,0.0,0
2020-06-19,17.984265213732918,18.198364802395094,17.312776111610127,17.672849655151367,70100,0.0,0
2020-06-22,17.341970128666663,18.55843831228451,17.303044112006127,18.49031639099121,82900,0.0,0
2020-06-23,18.811462939191532,19.10341454560769,18.276217708700894,18.55843734741211,53100,0.0,0
2020-06-24,18.276215832976483,18.383263754378245,17.68257885718232,18.285947799682617,71800,0.0,0
2020-06-25,18.05238489852005,18.237288559587586,17.429553858523615,17.731237411499023,53500,0.0,0
2020-06-26,17.585264039454728,18.2275591019204,17.10840872678677,18.15943717956543,146300,0.0,0
2020-06-29,18.35407094638616,19.210463656183073,18.188631213607064,18.97690200805664,54600,0.0,0
2020-06-30,18.918515482660123,19.103417327430176,18.616830008424806,18.928247451782227,53800,0.0,0
2020-07-01,19.006099030150686,19.12287893300413,18.33460809210257,18.607097625732422,52400,0.0,0
2020-07-02,19.09368288438356,19.103412995115736,18.208092456941305,18.334606170654297,25700,0.0,0
2020-07-06,18.675221286624918,18.792001200368507,18.17890201275652,18.636293411254883,38900,0.0,0
2020-07-07,18.373533379157152,18.821194605500697,18.15943566162599,18.208093643188477,29800,0.0,0
2020-07-08,18.480584550991107,19.07422162269363,18.169168990813766,19.006099700927734,57300,0.0,0
2020-07-09,18.88931834767044,19.03529416264837,18.217827371352133,18.646024703979492,53100,0.0,0
2020-07-10,18.58763337355028,19.473222022548068,18.461119648731707,19.346708297729492,54700,0.0,0
2020-07-13,19.541344534142798,19.91115003969256,19.17153902859304,19.502418518066406,65300,0.0,0
2020-07-14,19.44402640478325,20.047395422062653,19.103414952586,19.697052001953125,51300,0.0,0
2020-07-15,20.2906876198908,21.896425088475766,20.21283373826798,21.78937530517578,107500,0.0,0
2020-07-16,21.507155688907435,21.847767117211212,21.224934207798235,21.65313148498535,57900,0.0,0
2020-07-17,21.59474223576566,22.12025548986814,21.40983856479302,21.915889739990234,70900,0.0,0
2020-07-20,21.896426030690563,21.896426030690563,19.93061311489575,20.495054244995117,106600,0.0,0
2020-07-21,20.74808130555612,21.380644397811725,20.543715539088087,21.12761878967285,71800,0.0,0
2020-07-22,21.098422701357933,21.302788448070793,20.456127702856108,20.748079299926758,73500,0.0,0
2020-07-23,20.806468059530225,21.00110368391405,20.55344434648729,20.874591827392578,58000,0.0,0
2020-07-24,20.913519587653724,21.05949539005878,20.21283462239963,20.358810424804688,64100,0.0,0
2020-07-27,20.397734921500447,20.456126723064163,19.823563722253777,20.407466888427734,64700,0.0,0
2020-07-28,20.349077231085733,21.010836142045093,20.125247557138575,20.212833404541016,75000,0.0,0
2020-07-29,20.271223911056957,21.20547235711186,20.212833963235706,20.91351890563965,92200,0.0,0
2020-07-30,20.709154116478274,21.83803639279438,20.53398240874249,21.662864685058594,58100,0.0,0
2020-07-31,21.448766384499212,21.575278249909317,20.504785952952005,20.8259334564209,51900,0.0,0
2020-08-03,20.932982968035766,20.991372916213297,20.417199833282428,20.748079299926758,69000,0.0,0
2020-08-04,20.718883677661847,21.293054860727484,20.718883677661847,21.234664916992188,30400,0.0,0
2020-08-05,21.370911876522133,21.526621509656792,21.078960258783766,21.380643844604492,38200,0.0,0
2020-08-06,21.331986022212813,21.40983991127923,21.01083849779095,21.078960418701172,40800,0.0,0
2020-08-07,20.9719080518035,21.633666955758336,20.9719080518035,21.224933624267578,61400,0.0,0
2020-08-10,21.361180594719375,22.5387208254471,21.234666872760666,22.324623107910156,37800,0.0,0
2020-08-11,22.538720668047745,23.04477183998253,22.071597366038556,22.217573165893555,37900,0.0,0
2020-08-12,22.373280959890092,22.79174628117393,22.373280959890092,22.490062713623047,47500,0.0,0
2020-08-13,22.47059972245978,23.190748641542594,22.383013867526987,22.558185577392578,41400,0.0,0
2020-08-14,22.295424520706263,22.918255519407325,22.266228621573603,22.636035919189453,36900,0.0,0
2020-08-17,22.56791710534453,22.918258662062907,22.3343554488046,22.509525299072266,30900,0.0,0
2020-08-18,22.46086900691727,22.46086900691727,21.497426405120564,21.614206314086914,69900,0.0,0
2020-08-19,21.66286399821647,22.285695067144633,21.594742082075324,21.808839797973633,56500,0.0,0
2020-08-20,21.65313268733803,22.55818527193291,21.65313268733803,22.344085693359375,60400,0.0,0
2020-08-21,22.1494512071123,22.295427006686577,21.477960301651027,21.53635025024414,94000,0.0,0
2020-08-24,21.730984993045027,22.353816035567483,21.02056810314499,22.285694122314453,73500,0.0,0
2020-08-25,22.373283587596685,23.258872315457317,22.14945387751833,22.99611473083496,80400,0.0,0
2020-08-26,22.869598388671875,23.083696088339995,22.49006096683839,22.869598388671875,53900,0.0,0
2020-08-27,22.96691959883838,23.755190459376482,22.96691959883838,23.09343147277832,59200,0.0,0
2020-08-28,23.297797469525296,23.58001710228174,23.161551780713868,23.44377326965332,59200,0.0,0
2020-08-31,23.794118568182448,24.212582066864055,23.29779932330911,23.988752365112305,82200,0.0,0
2020-09-01,23.842774444274195,25.68207359313965,23.81357854203492,25.68207359313965,85200,0.0,0
2020-09-02,25.730734148729578,26.265979378115254,25.458244622102793,26.217321395874023,96700,0.0,0
2020-09-03,27.297543701478375,27.88144876670325,25.769660049198357,27.200227737426758,154600,0.0,0
2020-09-04,27.725739239272997,28.066350660411484,26.88880863696407,27.988496780395508,107200,0.0,0
2020-09-08,27.784131497821672,28.36803657463366,27.48244791967232,27.76466941833496,106500,0.0,0
2020-09-09,27.80359802902857,28.32911320407247,27.43379249769576,27.482450485229492,93600,0.0,0
2020-09-10,27.881449575942685,28.377768802979993,27.48244817196461,27.57003402709961,119800,0.0,0
2020-09-11,27.77440210402496,27.978767865290493,26.470348079374165,26.801227569580078,83200,0.0,0
2020-09-14,26.956935167772194,27.30727673564377,25.896174783769393,27.239154815673828,107500,0.0,0
2020-09-15,27.42405838294147,27.959303628661054,26.791495313586577,26.859617233276367,73900,0.0,0
2020-09-16,27.083446638527622,27.462984104843045,26.840153010134028,26.918006896972656,58300,0.0,0
2020-09-17,26.624355017445513,27.309539485103652,26.144723463007487,26.428586959838867,80200,0.16,0
2020-09-18,26.614563759109064,26.95715689207611,26.555832227526796,26.75160026550293,167200,0.0,0
2020-09-21,26.330702410753574,26.653718392534106,25.508479572224488,25.80213165283203,84200,0.0,0
2020-09-22,25.96853409191738,26.223031816488607,25.351866025884117,25.782554626464844,63200,0.0,0
2020-09-23,25.6553047683764,26.281761422331158,25.058215749661947,25.097368240356445,56600,0.0,0
2020-09-24,25.136523853175696,25.469328442118258,24.549221527572197,25.175676345825195,46700,0.0,0
2020-09-25,25.038639544593103,25.351866950260842,24.45133722547479,24.754777908325195,64300,0.0,0
2020-09-28,25.038640619586815,25.78255667347784,24.921179403927102,25.5378475189209,48000,0.0,0
2020-09-29,25.44975176964937,25.48890613006205,24.842872252131514,25.116947174072266,40200,0.0,0
2020-09-30,25.351866343473127,25.860861798991884,24.921177737497057,25.283348083496094,56600,0.0,0
2020-10-01,25.449750873745117,26.10557145170939,25.27355999205582,25.90980339050293,68400,0.0,0
2020-10-02,25.4399624172758,26.98652413456555,25.4399624172758,26.810333251953125,82000,0.0,0
2020-10-05,26.95716106049031,27.564038711490184,26.849488436255665,27.39763641357422,89100,0.0,0
2020-10-06,27.495520742359652,28.11218699007882,27.133350372314453,27.133350372314453,57800,0.0,0
2020-10-07,28.024091489543377,28.13176411471838,27.701075481001055,28.053457260131836,122000,0.0,0
2020-10-08,28.268799885610928,28.268799885610928,27.22144503347707,27.916419982910156,99900,0.0,0
2020-10-09,28.288379237603934,28.288379237603934,27.52488783397532,28.1121883392334,48900,0.0,0
2020-10-12,28.12197379727858,29.247635462940806,27.681498467401656,29.17911720275879,38500,0.0,0
2020-10-13,28.905045838282078,29.502134902339094,28.53308688003409,29.433616638183594,61400,0.0,0
2020-10-14,29.560865800941674,29.560865800941674,28.5820292097447,28.826738357543945,33400,0.0,0
2020-10-15,28.533086412067124,29.091022973305797,28.5037225090436,28.807161331176758,37200,0.0,0
2020-10-16,28.728852907755613,29.492344216355274,28.621180290601284,29.228059768676758,30200,0.0,0
2020-10-19,29.453192129783254,29.75663093949512,28.591814914689312,28.719064712524414,44800,0.0,0
2020-10-20,29.03229308946,29.70769085883634,28.660336006996047,29.06165885925293,41100,0.0,0
2020-10-21,29.06166106867768,29.15954510844649,28.161131263373623,28.572242736816406,46900,0.0,0
2020-10-22,28.738642468786473,29.022504104995438,27.975149267392947,28.65054702758789,49700,0.0,0
2020-10-23,29.120389144776706,29.52171200548056,28.591816479274456,29.443405151367188,35100,0.0,0
2020-10-26,28.826737177852767,28.94419651847928,28.386259983046948,28.7386417388916,40500,0.0,0
2020-10-27,28.61139299639391,29.042081617526282,28.396049619319037,28.836524963378906,47600,0.0,0
2020-10-28,28.180705321911386,28.591814882814763,27.50530757603108,27.57382583618164,45300,0.0,0
2020-10-29,27.319330868849715,27.62276970889084,26.68308741702823,27.015892028808594,42200,0.0,0
2020-10-30,26.810334271950307,27.965361775701272,26.105572581670607,26.918006896972656,69600,0.0,0
2020-11-02,27.045254773904027,27.720652559084428,26.604779418598902,27.15292739868164,31700,0.0,0
2020-11-03,27.65213403643284,28.11218656775708,27.182292915040087,27.867477416992188,35100,0.0,0
2020-11-04,27.44657870904585,27.81853578946008,27.025678679246443,27.475942611694336,30500,0.0,0
2020-11-05,27.515096101249547,28.55266232463616,27.515096101249547,28.268798828125,39900,0.0,0
2020-11-06,28.58203028430504,28.875680525911054,27.76959595774685,28.014305114746094,43800,0.0,0
2020-11-09,29.44340403887792,29.44340403887792,27.916419507871435,28.200281143188477,97300,0.0,0
2020-11-10,28.6211810797669,29.453192537576346,28.22964682520439,29.130176544189453,84400,0.0,0
2020-11-11,29.257424476824426,30.128590293582036,29.081233595525525,29.81536102294922,47400,0.0,0
2020-11-12,29.570650913873365,30.148164620594258,28.81694819859541,29.012714385986328,32700,0.0,0
2020-11-13,29.159542390056334,29.414038255954054,28.36668342212753,29.12038803100586,42000,0.0,0
2020-11-16,29.492346700063983,30.206898855470058,29.130178194197978,30.069860458374023,40800,0.0,0
2020-11-17,29.98176588947975,29.98176588947975,29.384676800109286,29.511924743652344,43900,0.0,0
2020-11-18,30.030707925043824,30.030707925043824,29.325944360847807,29.39446449279785,22800,0.0,0
2020-11-19,29.208483864097396,29.67832497711656,28.76800665377779,29.5314998626709,32000,0.0,0
2020-11-20,29.11059833670832,29.355307470541092,28.092609310794916,29.022502899169922,54200,0.0,0
2020-11-23,29.02250488305602,29.600018627736958,28.96377520967669,29.47277069091797,37100,0.0,0
2020-11-24,29.8545160273512,31.322770913942243,29.423827404529355,30.882293701171875,44700,0.0,0
2020-11-25,30.901872421141768,31.21509984717445,29.590231174392873,30.47118377685547,45600,0.0,0
2020-11-27,30.500547409057617,30.68652688033967,29.785997160161557,30.500547409057617,19100,0.0,0
2020-11-30,30.304778968598637,30.59843105646987,29.570651549394416,29.629383087158203,46500,0.0,0
2020-12-01,30.001341521563404,30.39287578953666,29.678325517112636,29.92303466796875,39100,0.0,0
2020-12-02,29.89366995891337,30.187320185231936,29.560865373361604,30.020917892456055,29600,0.0,0
2020-12-03,30.40266329300652,31.733879756537426,30.40266329300652,31.430442810058594,34100,0.0,0
2020-12-04,31.80240165052959,32.154779677517794,30.85292898729024,31.900283813476562,42100,0.0,0
2020-12-07,31.802403535882867,31.802403535882867,30.81377645526953,30.989967346191406,28900,0.0,0
2020-12-08,30.74525977945411,31.792614721864833,30.686530101772206,31.704519271850586,57400,0.0,0
2020-12-09,32.125416995099194,33.270657761677825,31.489171709892695,32.43864440917969,65600,0.0,0
2020-12-10,31.82197515792389,35.717747981415734,31.55769257065931,34.4158935546875,123600,0.0,0
2020-12-11,34.210335915954154,34.210335915954154,32.79102226514734,32.90848159790039,51800,0.0,0
2020-12-14,33.27065754410612,33.8677447311913,31.35213497795251,31.782825469970703,37000,0.0,0
2020-12-15,31.822196327608772,33.564391733881976,31.812351294364273,33.4462776184082,42300,0.18,0
2020-12-16,33.70219527027323,34.027010020299215,32.914757836118184,33.43643569946289,39100,0.0,0
2020-12-17,33.239578041020195,33.85968373796069,32.79664540034841,33.180519104003906,46500,0.0,0
2020-12-18,33.4265922616608,33.45612360745795,32.078111786702216,32.33402633666992,125400,0.0,0
2020-12-21,31.90093804193775,32.028897191547586,30.709944336097116,31.507219314575195,43200,0.0,0
2020-12-22,31.654864451980025,31.694237075269236,30.877273915918252,30.99538803100586,32800,0.0,0
2020-12-23,31.290677000098203,31.290677000098203,30.44418437526615,30.769001007080078,48200,0.0,0
2020-12-24,31.00523175377347,31.507219568159893,30.72962901787951,30.9757022857666,12400,0.0,0
2020-12-28,31.14303358809936,32.15685429600489,31.00523315263029,31.221776962280273,72900,0.0,0
2020-12-29,31.202091334126806,31.202091334126806,30.079995948201418,30.837902069091797,36800,0.0,0
2020-12-30,30.375285083692003,32.02889776033228,30.375285083692003,31.68439292907715,33900,0.0,0
2020-12-31,31.57612594685611,31.950154639141587,31.231621092660063,31.743453979492188,29200,0.0,0
2021-01-04,31.76313981851863,32.48167335426665,30.326070869632435,30.552459716796875,61900,0.0,0
2021-01-05,30.956018336203265,31.68439311788514,30.80837287124551,31.123348236083984,45500,0.0,0
2021-01-06,31.713924180501447,33.091932237085906,31.625337653274006,32.66868591308594,47300,0.0,0
2021-01-07,32.65884710940007,32.9935069315342,32.1273279057552,32.64900207519531,33000,0.0,0
2021-01-08,32.54073225358577,32.54073225358577,30.444186833796824,31.989526748657227,69600,0.0,0
2021-01-11,31.38910757070017,32.708060525838484,31.38910757070017,32.471832275390625,28500,0.0,0
2021-01-12,32.47183177962089,32.96397834111706,32.01905408941139,32.52104568481445,32500,0.0,0
2021-01-13,32.64899888944506,32.69821654610559,31.546591717245686,32.432456970214844,22400,0.0,0
2021-01-14,32.52104594272782,33.61361191867894,32.52104594272782,32.80649185180664,49800,0.0,0
2021-01-15,32.59978658968136,32.59978658968136,31.585965892954675,31.723766326904297,33900,0.0,0
2021-01-19,32.028899525071715,32.18638627653471,31.595808142463234,31.82219886779785,32300,0.0,0
2021-01-20,31.861569150104092,32.1765426669741,31.52690931908215,31.871414184570312,21300,0.0,0
2021-01-21,31.871411806951052,32.05842614527237,31.379263376818315,31.526906967163086,50900,0.0,0
2021-01-22,31.30052141862495,32.92460661801537,31.005234224584978,32.81633377075195,62500,0.0,0
2021-01-25,32.81633239738407,33.27895136004694,31.871411914089062,32.17654037475586,36100,0.0,0
2021-01-26,32.36355964044519,32.904920118929766,31.38910777534865,31.713926315307617,35500,0.0,0
2021-01-27,30.93633409096567,31.950154836756997,30.53277404853394,31.18240737915039,57000,0.0,0
2021-01-28,31.45800657732556,31.605652044249243,29.390992569075156,30.65088653564453,61600,0.0,0
2021-01-29,30.73947446766453,30.73947446766453,29.54848066336615,29.65675163269043,51800,0.0,0
2021-02-01,29.96188187316877,30.926488640747245,29.538635548495137,30.444185256958008,44600,0.0,0
2021-02-02,30.946177046348637,31.054448015819837,30.37528709657166,30.700103759765625,42500,0.0,0
2021-02-03,30.611515664381407,31.477692762903242,30.394969981708382,31.01507568359375,30600,0.0,0
2021-02-04,31.01507444781222,32.47182959882215,30.847744553045747,32.03873825073242,41900,0.0,0
2021-02-05,32.048582643104794,32.14701044491328,31.251303931248227,32.02889633178711,22300,0.0,0
2021-02-08,32.137167612485776,33.34784753912524,31.55643459842816,33.13130187988281,31800,0.0,0
2021-02-09,33.40690350433239,33.849836111069855,33.12146138423923,33.36753463745117,38600,0.0,0
2021-02-10,33.475805136588555,33.66282322003152,32.63915754204693,33.21989059448242,27400,0.0,0
2021-02-11,33.318318752924434,33.59392336441282,32.34387072111713,32.71790313720703,41300,0.0,0
2021-02-12,32.540733921734976,33.38722290353944,32.540733921734976,32.94429397583008,28900,0.0,0
2021-02-16,33.38722134839742,33.38722134839742,31.65486708230448,31.82219886779785,35100,0.0,0
2021-02-17,31.664706372464373,31.841879426078258,30.87727454200388,31.398948669433594,29200,0.0,0
2021-02-18,31.39894982130728,31.782825410683227,30.95601904841366,31.556438446044922,31500,0.0,0
2021-02-19,31.55643654779555,32.668684991314784,31.55643654779555,32.37339782714844,34000,0.0,0
2021-02-22,32.17653722614189,33.44627611338397,32.17653722614189,32.97381591796875,27700,0.0,0
2021-02-23,32.92460880022974,33.77110156608807,32.580103922032635,32.90492248535156,40800,0.0,0
2021-02-24,33.259260546477485,35.41486081130824,32.89506944206621,35.14910125732422,64500,0.0,0
2021-02-25,31.507220630276606,35.33612396168836,31.507220630276606,33.35769271850586,43300,0.0,0
2021-02-26,33.46596406738102,33.84983776033029,33.013190160557784,33.27894973754883,27500,0.0,0
2021-03-01,34.145121886759256,35.218001377681006,33.771093260404676,34.13528060913086,34700,0.0,0
2021-03-02,34.24356054664805,34.50932015514885,33.71204132964645,33.95811462402344,24400,0.0,0
2021-03-03,34.095911659223944,34.97193189885722,33.170677516591745,34.3026123046875,33000,0.0,0
2021-03-04,34.25339646566063,34.686487799044805,33.27894847510604,33.48564910888672,40300,0.0,0
2021-03-05,34.292771966038345,35.24753748046617,33.31832013891528,35.2180061340332,29800,0.0,0
2021-03-08,35.41486399514412,36.90114862458676,35.41486399514412,36.54680252075195,34400,0.0,0
2021-03-09,36.251514509836916,37.285021452145095,36.20229685395274,36.477901458740234,40800,0.0,0
2021-03-10,36.910991700207425,37.806698281941244,36.468059048848886,37.531097412109375,59300,0.0,0
2021-03-11,37.885445665767904,38.859893798828125,37.07832181409254,38.859893798828125,43500,0.0,0
2021-03-12,37.29486808512627,39.322513392849785,37.29486808512627,38.643348693847656,60500,0.0,0
2021-03-15,38.58429247172742,38.68272028542947,36.871620727936744,37.66889953613281,74800,0.0,0
2021-03-16,38.104032863966424,39.508336107305425,36.11625594918044,37.797462463378906,90400,0.18,0
2021-03-17,37.81723914260033,38.85563010767778,36.48216181105172,38.6973991394043,32200,0.0,0
2021-03-18,38.56883457447941,39.24131712014403,36.95685402185477,38.79629135131836,31300,0.0,0
2021-03-19,38.77651315095059,39.53800087280404,37.579891204833984,37.579891204833984,167600,0.0,0
2021-03-22,37.846905217362924,37.846905217362924,35.94812987837993,36.18547821044922,58300,0.0,0
2021-03-23,35.69100789002891,36.04702852095571,34.68228402657761,34.860294342041016,31100,0.0,0
2021-03-24,35.01852522403154,36.59094715821809,34.6921754948734,34.870182037353516,38800,0.0,0
2021-03-25,34.51416259876386,36.36348765242401,32.82306473269229,36.30414962768555,69100,0.0,0
2021-03-26,36.58105969552585,37.075531958781,34.978966846361935,36.41293716430664,48900,0.0,0
2021-03-29,36.41293584038414,36.41293584038414,34.9097397620397,35.008636474609375,43800,0.0,0
2021-03-30,35.097641824654346,36.06680697807853,34.524052206135046,36.03713607788086,48700,0.0,0
2021-03-31,35.98768947054528,37.035971990472994,35.81957071766875,36.056915283203125,106000,0.0,0
2021-04-01,35.91846350664465,36.96674602215833,35.91846350664465,36.61072540283203,28300,0.0,0
2021-04-05,37.07553261695838,37.1447584332411,36.44260493983571,36.84807205200195,41600,0.0,0
2021-04-06,36.64039364437749,37.37221424774748,36.6008349582442,36.98652648925781,20800,0.0,0
2021-04-07,36.93707730232866,37.12497918057684,36.40305011434326,36.83818435668945,81800,0.0,0
2021-04-08,36.68984153158294,36.80851759456232,36.53161055346787,36.78873825073242,29100,0.0,0
2021-04-09,36.927188783245626,37.91613331008935,36.56128036462017,36.937076568603516,73700,0.0,0
2021-04-12,36.77884641591212,36.996415423880364,35.99758308939028,36.82829666137695,25700,0.0,0
2021-04-13,36.63050424488568,36.89751970573269,36.42282681062371,36.67995071411133,63900,0.0,0
2021-04-14,36.63050550524336,36.63050550524336,34.17792357653162,34.91963195800781,181500,0.0,0
2021-04-15,35.265758348763114,35.265758348763114,33.89112618976081,34.21747589111328,90900,0.0,0
2021-04-16,34.61305640908388,34.62294419386174,34.187809985684666,34.58338928222656,54100,0.0,0
2021-04-19,34.662504576790084,34.662504576790084,34.118585846780974,34.34604263305664,56000,0.0,0
2021-04-20,34.16803424573096,34.38560325901834,33.544998108377925,34.07902908325195,68600,0.0,0
2021-04-21,33.950469647950435,35.10753300956678,33.950469647950435,35.038307189941406,42000,0.0,0
2021-04-22,34.791070666900175,35.09764484516751,33.99991575647953,34.03947067260742,55200,0.0,0
2021-04-23,34.16803096101232,34.66250320002125,34.01969155282392,34.533939361572266,62400,0.0,0
2021-04-26,34.69217659021971,34.91963338379002,34.43504889486261,34.72184371948242,39500,0.0,0
2021-04-27,34.721839118158876,35.661337069725036,34.721839118158876,35.36465072631836,115200,0.0,0
2021-04-28,35.54266394492762,36.59094647224095,35.54266394492762,36.551387786865234,45700,0.0,0
2021-04-29,36.74917665346807,37.57989016593172,36.63050437240863,37.1942024230957,34600,0.0,0
2021-04-30,36.96674252670514,37.37220957759295,36.59094260044802,37.09530258178711,45300,0.0,0
2021-05-03,37.25353872534753,39.39955032240552,37.085419965648114,38.48971939086914,51000,0.0,0
2021-05-04,38.39082781498611,38.97430526080993,37.39199546155423,38.82596206665039,31100,0.0,0
2021-05-05,38.89518985297829,39.231427368765324,38.16336924694003,38.54905700683594,30800,0.0,0
2021-05-06,38.816070920281106,38.89518828965616,37.906243807610785,38.766624450683594,20700,0.0,0
2021-05-07,38.66772773896477,38.855629604968634,38.29193155200467,38.766624450683594,16600,0.0,0
2021-05-10,39.02375028494862,39.221539945638696,37.896354123296405,37.97547149658203,33700,0.0,0
2021-05-11,37.382102514511814,38.67762120813399,37.09530769513741,37.97547149658203,29900,0.0,0
2021-05-12,37.886464747062696,38.173255781870886,36.44260292541905,36.600833892822266,35900,0.0,0
2021-05-13,36.353598757876256,37.67878456056813,36.234926472231535,37.52055358886719,17400,0.0,0
2021-05-14,37.31287424771711,37.87657229150862,37.31287424771711,37.787567138671875,17600,0.0,0
2021-05-17,37.708453995143316,37.935910772336406,36.610725021172115,37.728233337402344,21600,0.0,0
2021-05-18,38.06447465857463,38.677619179279446,37.382100553614364,37.71834182739258,33500,0.0,0
2021-05-19,37.39199207321063,38.07436240495714,36.225037287308744,37.1942024230957,44500,0.0,0
2021-05-20,36.99641250084345,37.59966923162084,36.37337642794767,37.233760833740234,22800,0.0,0
2021-05-21,37.74801005019538,37.94579970625116,36.67006415836543,37.570003509521484,33600,0.0,0
2021-05-24,37.570004888991555,37.570004888991555,36.64039460315379,36.84807205200195,29400,0.0,0
2021-05-25,36.92718814835475,37.24365008970188,35.62178169716687,35.96791076660156,46300,0.0,0
2021-05-26,36.01735748329464,36.719510957189755,35.63166972542946,36.46238327026367,25700,0.0,0
2021-05-27,36.91729720816836,37.1744210988423,36.38326631308756,36.403045654296875,81600,0.0,0
2021-05-28,36.778844847549664,36.778844847549664,35.384433243947306,35.45365905761719,53400,0.0,0
2021-06-01,35.552555746330576,37.27331707421168,35.4734383750366,37.045860290527344,38400,0.0,0
2021-06-02,36.660170872986285,37.32276562366836,36.037134806155855,36.749176025390625,38500,0.0,0
2021-06-03,36.68983952864511,37.35243430694051,35.52288471405526,37.06563949584961,64900,0.0,0
2021-06-04,39.557780656491296,42.42572126309649,38.07436388187287,40.695068359375,302400,0.0,0
2021-06-07,40.74451358022778,41.54555619952214,39.55777944244953,39.805015563964844,86600,0.0,0
2021-06-08,40.091812171351194,40.240151587409855,39.41932958881807,39.55778121948242,65100,0.0,0
2021-06-09,39.73579130784521,39.85446359451324,39.23142748758912,39.58744812011719,78100,0.0,0
2021-06-10,39.587448258062516,39.83468439012141,38.99408305013076,39.56766891479492,69600,0.0,0
2021-06-11,39.6764519506459,40.54672415964745,39.6764519506459,39.77534866333008,65800,0.0,0
2021-06-14,40.10169827620559,40.6456169906747,38.50949704524188,38.72706604003906,37200,0.0,0
2021-06-15,38.69726202330086,38.99531462550692,38.160765065363265,38.75687026977539,45200,0.18,0
2021-06-16,38.52836320217295,38.76680755823715,37.6640095175861,37.77329635620117,31100,0.0,0
2021-06-17,37.77329589409033,37.77329589409033,36.223417073495106,36.66056442260742,53800,0.0,0
2021-06-18,35.93529865534964,36.233355050378414,35.41867616117395,35.865753173828125,102300,0.0,0
2021-06-21,36.07439378412552,37.157321166170085,36.07439378412552,36.9586181640625,50800,0.0,0
2021-06-22,36.80958780753918,36.80958780753918,36.04458375772679,36.40224838256836,34200,0.0,0
2021-06-23,36.25322416882134,36.72017184037352,35.865751629951966,36.45192337036133,40500,0.0,0
2021-06-24,36.899004153714976,36.899004153714976,36.14393733400775,36.45192337036133,35300,0.0,0
2021-06-25,36.352575199099014,36.64069435858389,35.77633688012925,35.82601547241211,150600,0.0,0
2021-06-28,36.00484580309127,36.22341567929046,33.81912051148942,34.33574676513672,90800,0.0,0
2021-06-29,34.3357482455701,34.39535649167439,33.62041897276308,33.729705810546875,42600,0.0,0
2021-06-30,33.73963809053979,34.80269472874988,33.73963809053979,34.415225982666016,58300,0.0,0
2021-07-01,34.743088481143275,35.080882446617025,34.643735085448334,34.931854248046875,71200,0.0,0
2021-07-02,34.67354054606552,35.051072053163345,34.29600524902344,34.29600524902344,97700,0.0,0
2021-07-06,34.11717483793088,34.25626579985912,32.92496063720466,33.799251556396484,75300,0.0,0
2021-07-07,33.88866835093203,34.494710802065754,33.86879767172089,33.96814727783203,38900,0.0,0
2021-07-08,33.36210882209491,34.10724224235075,32.64677952586704,34.017826080322266,57900,0.0,0
2021-07-09,34.27613673683905,35.051074267672305,34.27613673683905,34.862308502197266,55700,0.0,0
2021-07-12,34.59405804429183,35.40873688655693,34.40529228960162,35.32925796508789,44100,0.0,0
2021-07-13,35.02126907334859,35.58757014240294,34.51458003943738,34.58412551879883,34100,0.0,0
2021-07-14,34.74308667399054,34.87224039675928,34.46490097045899,34.464900970458984,26100,0.0,0
2021-07-15,34.45496921390244,35.08088234007379,34.28607033670626,34.90205001831055,33100,0.0,0
2021-07-16,35.16035927097003,35.24977542677697,34.36555110265516,34.395355224609375,31900,0.0,0
2021-07-19,34.01782539295322,34.56425579877734,33.630352838696076,33.838993072509766,39900,0.0,0
2021-07-20,34.03769065325078,34.81263193473995,33.82905421936475,34.40529251098633,68500,0.0,0
2021-07-21,34.5642557402941,34.931853825052784,34.5642557402941,34.822566986083984,26700,0.0,0
2021-07-22,34.6337996924277,34.85237336071556,33.35216938464866,33.441585540771484,36800,0.0,0
2021-07-23,33.491260260650016,34.67354096543661,32.90508852523618,33.421714782714844,36500,0.0,0
2021-07-26,33.58067673765116,34.38542214852427,33.123662509723175,33.501197814941406,21100,0.0,0
2021-07-27,33.24288442832873,33.24288442832873,32.328855927392055,32.934898376464844,15100,0.0,0
2021-07-28,33.680031817282526,33.680031817282526,32.58716720315548,32.94483184814453,19600,0.0,0
2021-07-29,33.27269271449833,33.421717124826564,32.72625850679447,33.03424835205078,36500,0.0,0
2021-07-30,33.03424811555212,33.87873113786661,32.84548234784328,32.97463607788086,27800,0.0,0
2021-08-02,32.885219440486544,33.968146807871214,32.795803280245806,32.845481872558594,23900,0.0,0
2021-08-03,32.94483113164921,33.680031084797825,32.58716649443877,32.756065368652344,42700,0.0,0
2021-08-04,32.65671332067285,33.40184674891724,32.11028289794922,32.11028289794922,20800,0.0,0
2021-08-05,32.239440050289666,33.91847265829755,32.15995733301507,33.01437759399414,53900,0.0,0
2021-08-06,33.372040170026985,33.799250273994325,33.14353305696562,33.47138977050781,19900,0.0,0
2021-08-09,33.4713908047068,34.027758438445325,33.083922044937516,33.73963928222656,32700,0.0,0
2021-08-10,33.63035104564983,34.70334491110249,33.36210636923095,34.35561752319336,28100,0.0,0
2021-08-11,34.355617672630615,35.676985542377174,33.292557246518086,35.37893295288086,34000,0.0,0
2021-08-12,35.468351973572524,35.796208711516805,33.988018560584585,34.12710952758789,54100,0.0,0
2021-08-13,34.31587717897238,34.67354181133276,33.94827531241066,34.623863220214844,18400,0.0,0
2021-08-16,34.54438303577192,34.81263150025359,34.00788610680858,34.29600524902344,14600,0.0,0
2021-08-17,34.02775974260362,34.02775974260362,32.845482739284456,33.07398986816406,24900,0.0,0
2021-08-18,33.083921258695895,33.908537350357115,32.49774951581151,32.54742431640625,19200,0.0,0
2021-08-19,32.40833430899792,32.84548166291554,31.394954324358114,31.802291870117188,26300,0.0,0
2021-08-20,31.613526158019923,32.567296002762816,31.613526158019923,31.81222915649414,35800,0.0,0
2021-08-23,32.27918209403523,32.53749335077105,31.82216403989548,32.18976593017578,23500,0.0,0
2021-08-24,32.19969794334026,32.815673828125,32.19969794334026,32.815673828125,16000,0.0,0
2021-08-25,33.26275521442389,33.76944805935259,32.96470260620117,32.96470260620117,18500,0.0,0
2021-08-26,32.97463458497899,33.41178192822094,32.299046681736314,32.58716583251953,24800,0.0,0
2021-08-27,32.59710233510691,33.501197333870664,32.59710233510691,33.38197326660156,25600,0.0,0
2021-08-30,33.72970691740538,33.82905652413571,32.02086639404297,32.02086639404297,34100,0.0,0
2021-08-31,32.18976502800653,32.18976502800653,30.20274069402015,30.957809448242188,73300,0.0,0
2021-09-01,31.235993918922176,32.6765840800647,31.235993918922176,32.13015365600586,44800,0.0,0
2021-09-02,32.239440076783154,32.46794720421855,31.782423926940083,32.02086639404297,29200,0.0,0
2021-09-03,31.921515300704044,32.2891133764204,31.474434511349347,31.63339614868164,30500,0.0,0
2021-09-07,31.79235809299316,32.14008549365751,31.543980295391652,31.71287727355957,54900,0.0,0
2021-09-08,31.782422579181688,31.782422579181688,30.153064842253364,30.679624557495117,76900,0.0,0
2021-09-09,28.83169539934888,30.163000555278305,28.17597816075346,29.28870964050293,105400,0.0,0
2021-09-10,29.129747353617716,29.775529238502155,27.410973475318034,27.639480590820312,92500,0.0,0
2021-09-13,27.867987992699913,28.60318793747722,26.089603956205494,26.228694915771484,218900,0.0,0
2021-09-14,26.328047671889824,27.81831452124208,26.258502188782288,27.560001373291016,115600,0.0,0
2021-09-15,27.489999771118164,28.479999542236328,27.040000915527344,27.530000686645508,82300,0.18,0
2021-09-16,27.670000076293945,27.979999542236328,27.389999389648438,27.43000030517578,85800,0.0,0
2021-09-17,27.079999923706055,27.5,26.139999389648438,26.299999237060547,169900,0.0,0
2021-09-20,25.889999389648438,26.940000534057617,25.809999465942383,26.3700008392334,64700,0.0,0
2021-09-21,26.5,26.579999923706055,25.81999969482422,26.260000228881836,52800,0.0,0
2021-09-22,26.729999542236328,26.850000381469727,26.350000381469727,26.549999237060547,62500,0.0,0
2021-09-23,26.549999237060547,27.389999389648438,26.420000076293945,26.479999542236328,35400,0.0,0
2021-09-24,26.389999389648438,27.360000610351562,26.100000381469727,27.139999389648438,49600,0.0,0
2021-09-27,27.149999618530273,28.1299991607666,27.020000457763672,27.81999969482422,48400,0.0,0
2021-09-28,27.850000381469727,28.229999542236328,27.15999984741211,27.469999313354492,69800,0.0,0
2021-09-29,27.479999542236328,27.610000610351562,27.100000381469727,27.579999923706055,43600,0.0,0
2021-09-30,27.520000457763672,27.6200008392334,26.639999389648438,26.989999771118164,110000,0.0,0
2021-10-01,27.0,27.670000076293945,26.200000762939453,27.600000381469727,61900,0.0,0
2021-10-04,27.520000457763672,27.709999084472656,27.200000762939453,27.600000381469727,58300,0.0,0
2021-10-05,27.690000534057617,27.729999542236328,26.389999389648438,27.360000610351562,52200,0.0,0
2021-10-06,26.90999984741211,27.389999389648438,26.360000610351562,26.40999984741211,47800,0.0,0
2021-10-07,26.690000534057617,27.260000228881836,26.350000381469727,26.969999313354492,98400,0.0,0
2021-10-08,27.09000015258789,27.34000015258789,26.719999313354492,26.84000015258789,19700,0.0,0
2021-10-11,26.860000610351562,26.969999313354492,26.389999389648438,26.389999389648438,24500,0.0,0
2021-10-12,26.43000030517578,26.770000457763672,26.170000076293945,26.59000015258789,38900,0.0,0
2021-10-13,26.690000534057617,26.969999313354492,26.329999923706055,26.84000015258789,62800,0.0,0
2021-10-14,26.829999923706055,27.15999984741211,26.389999389648438,26.56999969482422,41900,0.0,0
