Ticker,Date,SMA_10,SMA_10_min_max,SMA_10_fluc_pctg,MACD,MACD_Signal,MACD_Hist,MACD_polarize,MACD_Signal_polarize,MACD_Hist_polarize,CCI_20,CCI_20_polarize,CCI_20_fluc_pctg,ROC_10,ROC_10_polarize,ROC_10_fluc_pctg,RSI_5,RSI_5_polarize,RSI_5_fluc_pctg,STOCH_SlowD,STOCH_SlowK,STOCH_SlowD_min_max,STOCH_SlowD_fluc_pctg,STOCH_SlowK_min_max,STOCH_SlowK_fluc_pctg,ADX,ADX_fluc_pctg,AROON_Up,AROON_Down,AROON_Up_min_max,AROON_Down_min_max,AROON_polarize,BBANDS_Lower_Band,BBANDS_Middle_Band,BBANDS_Upper_Band,BBANDS_width,Chaikin_AD,Chaikin_AD_fluc_pctg
HYAC,2021-06-15,9.771,0.3487179487179508,0.0,-0.0662,-0.1087,0.0425,-1,-1,1,47.3007,0,-0.07994981618719733,-1.5412,-1,-0.22940000000000005,60.479,0,0.0,100.0,100.0,1.0,0.060997826015454476,1.0,0.0,29.2159,-0.06761832728572477,35.7143,35.7143,0.357143,0.357143,0,9.8,9.8,9.8,0.0,41963.5038,0.0863914584990216
HYAC,2021-06-16,9.786,0.3871794871794861,0.001535155050659993,-0.0585,-0.0987,0.0401,-1,-1,1,85.9659,0,0.8174339914631286,0.6154,1,-1.3992992473397354,66.5108,0,0.09973379189470732,98.4127,95.2381,0.984127,-0.01587299999999999,0.952381,-0.047618999999999974,27.9429,-0.043572164472085395,28.5714,28.5714,0.285714,0.285714,0,9.794,9.802,9.81,0.016000000000000014,31252.5038,-0.25524560701721005
HYAC,2021-06-17,9.791,0.4000000000000009,0.000510933987328917,-0.0526,-0.0895,0.0368,-1,-1,1,61.1407,0,-0.28877962075660235,1.976,1,2.210919727006825,55.855,0,-0.1602115746615588,93.6508,85.7143,0.936508,-0.048387047606660495,0.857143,-0.09999989500000533,26.3579,-0.05672281688729519,21.4286,21.4286,0.214286,0.214286,0,9.794,9.802,9.81,0.016000000000000014,31252.5038,0.0
HYAC,2021-06-18,9.806,0.43846153846153624,0.0015320192013071996,-0.0394,-0.0795,0.04,-1,-1,1,215.7647,-1,2.52898641984799,1.8519,1,-0.0628036437246963,85.298,-1,0.5271327544534957,88.8889,85.7143,0.888889,-0.0508474033323794,0.857143,0.0,27.5272,0.044362411269486555,14.2857,14.2857,0.142857,0.142857,0,9.7436,9.822,9.9004,0.15679999999999872,31252.5038,0.0
HYAC,2021-06-21,9.821,0.47692307692307606,0.001529675708749803,-0.0286,-0.0693,0.0406,-1,-1,1,197.0983,-1,-0.08651276135530979,2.3785,1,0.2843566067282249,85.298,-1,0.0,87.3016,90.4762,0.8730159999999999,-0.017857122767859803,0.9047620000000001,0.05555549074075168,28.5795,0.03822764393036701,7.1429,7.1429,0.071429,0.071429,0,9.747,9.842,9.937,0.1899999999999995,31252.5038,0.0
HYAC,2021-06-22,9.831,0.5025641025641011,0.0010182262498727001,-0.0199,-0.0594,0.0395,-1,-1,1,194.9185,-1,-0.011059456119104022,2.3785,1,0.0,85.298,-1,0.0,92.0635,100.0,0.9206350000000001,0.05454539206612492,1.0,0.10526304155125872,29.5267,0.033142637204989674,0.0,0.0,0.0,0.0,0,9.7687,9.862,9.9553,0.18659999999999854,31252.5038,0.0
HYAC,2021-06-23,9.8264,0.4907692307692295,-0.00046790763910079723,-0.0245,-0.0524,0.028,-1,-1,1,-71.9013,0,-1.3688787878010553,0.8635,1,-0.636956064746689,29.3282,1,-0.6561677882248119,85.7143,66.6667,0.857143,-0.06896544233056542,0.666667,-0.33333299999999993,27.9102,-0.054747059441116075,92.8571,0.0,0.928571,0.0,1,9.7264,9.8507,9.975,0.2485999999999997,28715.5038,-0.08117749592914217
HYAC,2021-06-24,9.8204,0.4753846153846136,-0.0006106000162826902,-0.0288,-0.0477,0.0189,-1,-1,1,-131.9224,1,0.8347707204181287,-0.6122,-1,-1.708975101331789,27.2673,1,-0.07027025183952647,66.6667,33.3333,0.666667,-0.22222196296300606,0.333333,-0.5000007499996251,26.7736,-0.0407234631066779,85.7143,100.0,0.857143,1.0,-1,9.6883,9.8387,9.9891,0.3008000000000006,28715.5038,0.0
HYAC,2021-06-25,9.8074,0.4420512820512805,-0.0013237749989817014,-0.0375,-0.0457,0.0081,-1,-1,1,-206.3718,1,0.5643423709696003,-1.3265,-1,1.1667755635413266,18.7345,1,-0.3129316067230712,33.3333,0.0,0.333333,-0.5000007499996251,0.0,-1.0,27.2082,0.016232408043744706,78.5714,100.0,0.785714,1.0,-1,9.6085,9.7927,9.9769,0.36840000000000117,23207.5038,-0.19181275865339337
HYAC,2021-06-28,9.803,0.4307692307692328,-0.0004486408222361306,-0.0371,-0.0439,0.0069,-1,-1,1,-105.0896,1,-0.49077538694724765,-0.449,-1,-0.6615152657369016,45.1122,0,1.4079745923296592,15.2657,12.4638,0.15265700000000001,-0.542028542028542,0.12463800000000001,inf,25.8373,-0.050385545534067024,71.4286,100.0,0.714286,1.0,-1,9.614,9.7639,9.9138,0.2997999999999994,57876.5038,1.4938702713904113
HYAC,2021-06-29,9.7986,0.4194871794871805,-0.0004488421911660107,-0.0363,-0.0424,0.0061,-1,-1,1,-52.7768,0,-0.4977923600432393,-0.449,-1,-0.0,45.1122,0,0.0,15.6596,34.5151,0.15659599999999999,0.025802943854523447,0.345151,1.7692276833710423,24.6035,-0.04775266765490197,64.2857,92.8571,0.642857,0.928571,-1,9.6689,9.7351,9.8013,0.13239999999999874,57876.5038,0.0
HYAC,2021-06-30,9.7851,0.3848717948717946,-0.0013777478415284337,-0.0417,-0.0423,0.0006,-1,-1,1,-155.5588,1,1.9474845007654875,0.1542,1,-1.3434298440979955,30.529,0,-0.3232651034531679,27.8106,36.453,0.278106,0.7759457457406321,0.36453,0.05614644025368625,25.2495,0.026256426931127716,57.1429,100.0,0.571429,1.0,-1,9.6419,9.7194,9.7969,0.15500000000000114,57284.2538,-0.01023299544918261
HYAC,2021-07-01,9.7726,0.35282051282051446,-0.0012774524532196186,-0.0455,-0.0429,-0.0026,-1,-1,-1,-140.2029,1,-0.09871444109879988,-0.7692,-1,-5.988326848249027,30.529,0,0.0,32.2984,25.9273,0.322984,0.16137012506022883,0.259273,-0.2887471538693661,25.8309,0.023026198538584865,50.0,92.8571,0.5,0.928571,-1,9.6253,9.7064,9.7875,0.16220000000000034,57284.2538,0.0
HYAC,2021-07-02,9.7501,0.29512820512820465,-0.002302355565560941,-0.0479,-0.0439,-0.004,-1,-1,-1,-125.0253,1,-0.10825453681771204,-0.7692,-1,-0.0,30.529,0,0.0,22.7314,5.814,0.22731400000000002,-0.2962066232383028,0.05814,-0.7757575991329603,26.3542,0.020258682430732144,42.8571,85.7143,0.42857100000000004,0.857143,-1,9.628,9.7074,9.7868,0.15879999999999939,57284.2538,0.0
HYAC,2021-07-06,9.7281,0.2387179487179477,-0.002256387113978343,-0.0489,-0.0449,-0.004,-1,-1,-1,-107.088,1,-0.1434693618011715,-0.7179,-1,-0.06669266770670829,33.135,0,0.0853614595957941,13.1644,7.7519,0.131644,-0.4208715697229383,0.077519,0.3333161334709322,26.6163,0.009945283863672593,35.7143,78.5714,0.357143,0.785714,-1,9.6283,9.6922,9.7561,0.12780000000000058,57284.2538,0.0
HYAC,2021-07-07,9.7081,0.18743589743589759,-0.0020558999187919097,-0.0475,-0.0454,-0.0021,-1,-1,-1,-100.7976,1,-0.05874047512326303,-1.0204,-1,0.4213678785346148,43.6954,0,0.31870831447110315,17.5711,39.1473,0.175711,0.33474370271337855,0.391473,4.050026445129581,28.0968,0.05562380947013683,28.5714,100.0,0.285714,1.0,-1,9.6616,9.681,9.7004,0.03880000000000017,59358.2538,0.03620541182645204
HYAC,2021-07-08,9.7027,0.17358974358974413,-0.000556236544740974,-0.0458,-0.0455,-0.0003,-1,-1,-1,-65.0775,0,-0.354374508916879,-1.0204,-1,-0.0,43.6954,0,0.0,39.1473,70.5426,0.391473,1.2279367825577225,0.7054259999999999,0.8019786805220281,29.4293,0.047425329574898194,21.4286,92.8571,0.214286,0.928571,-1,9.6628,9.686,9.7092,0.04639999999999844,59358.2538,0.0
HYAC,2021-07-09,9.6947,0.15307692307692136,-0.0008245127644883275,-0.0472,-0.0458,-0.0014,-1,-1,-1,-83.6919,0,0.2860343436671661,-1.4286,-1,0.4000392003136026,29.2561,1,-0.33045354888615275,64.3411,83.3333,0.643411,0.6435641793942365,0.833333,0.18131880594137448,31.367,0.06584254467486483,14.2857,85.7143,0.142857,0.857143,-1,9.6523,9.683,9.7137,0.06139999999999901,53698.2538,-0.09535320932907902
HYAC,2021-07-12,9.6987,0.16333333333333502,0.00041259657338559583,-0.0438,-0.0454,0.0016,-1,-1,1,-42.3331,0,-0.49417924554228065,-0.9184,-1,-0.3571328573428532,53.3455,0,0.8233975136809076,79.0698,83.3333,0.790698,0.22891588735660418,0.833333,0.0,32.6074,0.03954474447667923,7.1429,78.5714,0.071429,0.785714,-1,9.6542,9.69,9.7258,0.07160000000000011,53698.2538,0.0
HYAC,2021-07-13,9.6941,0.15153846153846343,-0.0004742903688123086,-0.0406,-0.0445,0.0039,-1,-1,1,-38.4852,0,-0.09089577659089465,-0.9184,-1,-0.0,53.3455,0,0.0,83.3333,83.3333,0.833333,0.053920713091471,0.833333,0.0,33.7238,0.03423762704171442,0.0,71.4286,0.0,0.714286,-1,9.6589,9.696,9.7331,0.07420000000000115,53698.2538,0.0
HYAC,2021-07-14,9.6905,0.14230769230769294,-0.0003713598993202558,-0.0368,-0.0429,0.0061,-1,-1,1,-25.4102,0,-0.3397409913421263,-0.8163,-1,-0.11117160278745641,57.8326,0,0.08411393650823402,88.8889,100.0,0.888889,0.06666722666689082,1.0,0.20000048000019208,34.1522,0.012703194776389478,0.0,64.2857,0.0,0.642857,-1,9.658,9.7,9.742,0.0840000000000014,53698.2538,0.0
HYAC,2021-07-15,9.695,0.1538461538461549,0.00046437232340954237,-0.0335,-0.041,0.0076,-1,-1,1,-21.8857,0,-0.13870414243099227,-0.9174,-1,0.12385152517456813,57.8326,0,0.0,94.4444,100.0,0.9444440000000001,0.06249936718757904,1.0,0.0,34.5377,0.01128770620926325,21.4286,57.1429,0.214286,0.571429,-1,9.6591,9.704,9.7489,0.08980000000000032,53698.2538,0.0
HYAC,2021-07-16,9.6995,0.16538461538461685,0.0004641567818463301,-0.0304,-0.0389,0.0085,-1,-1,1,-18.5132,0,-0.15409605358750228,-0.8163,-1,-0.11020274689339433,57.8326,0,0.0,100.0,100.0,1.0,0.05882402768189536,1.0,0.0,34.8847,0.010046992127443382,14.2857,50.0,0.142857,0.5,-1,9.7062,9.716,9.7258,0.01959999999999873,53698.2538,0.0
HYAC,2021-07-19,9.704,0.17692307692307882,0.00046394144028044437,-0.0277,-0.0367,0.009,-1,-1,1,-9.7545,0,-0.4731056759501329,-1.8182,-1,1.2273673894401569,57.8326,0,0.0,100.0,100.0,1.0,0.0,1.0,0.0,35.197,0.008952348737412116,7.1429,42.8571,0.071429,0.42857100000000004,-1,9.71,9.718,9.726,0.016000000000000014,53698.2538,0.0
HYAC,2021-07-20,9.708,0.18717948717948793,0.00041220115416318624,-0.0253,-0.0344,0.0091,-1,-1,1,5.5346,0,-1.5673894100158903,-1.8182,-1,-0.0,57.8326,0,0.0,88.8889,66.6667,0.888889,-0.11111099999999993,0.666667,-0.33333299999999993,35.4781,0.007986476120123731,0.0,35.7143,0.0,0.357143,-1,9.72,9.72,9.72,0.0,53698.2538,0.0
HYAC,2021-07-21,9.71,0.19230769230769476,0.00020601565719001523,-0.0231,-0.0321,0.0091,-1,-1,1,24.4988,0,3.426480685144364,-1.8182,-1,-0.0,57.8326,0,0.0,77.7778,66.6667,0.777778,-0.12499985937501765,0.666667,0.0,36.1252,0.018239420938550875,100.0,28.5714,1.0,0.285714,1,9.72,9.72,9.72,0.0,55344.2538,0.030652765844687485
HYAC,2021-07-22,9.707,0.1846153846153868,-0.0003089598352214329,-0.0251,-0.0307,0.0056,-1,-1,1,45.0317,0,0.8381186017274317,-0.8561,-1,-0.529149708502915,20.4036,1,-0.6471955263986057,55.5556,33.3333,0.5555559999999999,-0.2857139183674519,0.333333,-0.5000007499996251,34.1941,-0.05345575941448077,100.0,21.4286,1.0,0.214286,1,9.67,9.71,9.75,0.08000000000000007,53752.2538,-0.028765407258955582
HYAC,2021-07-23,9.714,0.20256410256410387,0.0007211290821056632,-0.0216,-0.0289,0.0073,-1,-1,1,79.6915,0,0.7696755840885422,-0.1027,-1,-0.8800373788108865,59.612,0,1.921641278989982,48.8889,46.6667,0.488889,-0.12000050399959677,0.466667,0.4000024000023999,32.4562,-0.05082455745289381,92.8571,14.2857,0.928571,0.142857,1,9.6693,9.712,9.7547,0.08539999999999992,53752.2538,0.0
HYAC,2021-07-26,9.716,0.20769230769230615,0.0002058884084824883,-0.0186,-0.0268,0.0082,-1,-1,1,74.4257,0,-0.0660773106291135,0.6205,1,-7.041869522882182,59.612,0,0.0,35.5556,26.6667,0.355556,-0.2727265289257889,0.266667,-0.42857112244919826,30.8921,-0.04819110062176112,85.7143,7.1429,0.857143,0.071429,1,9.6691,9.714,9.7589,0.08980000000000032,53752.2538,0.0
HYAC,2021-07-27,9.718,0.21282051282051298,0.00020584602717174435,-0.016,-0.0247,0.0086,-1,-1,1,73.6354,0,-0.010618643828677485,-0.2665,-1,-1.4294923448831587,59.612,0,0.0,37.7778,40.0,0.377778,0.062499296875878935,0.4,0.4999981250023438,29.4844,-0.045568284448127466,78.5714,0.0,0.785714,0.0,1,9.6694,9.716,9.7626,0.09320000000000128,53752.2538,0.0
HYAC,2021-07-28,9.712,0.19743589743589704,-0.0006174109899156439,-0.0194,-0.0236,0.0042,-1,-1,1,-90.8676,0,-2.2340205933559125,-0.984,-1,2.692307692307692,28.0866,1,-0.5288431859357177,31.1111,26.6667,0.311111,-0.17647136678154893,0.266667,-0.33333250000000003,28.4332,-0.03565275196375037,71.4286,100.0,0.714286,1.0,-1,9.64,9.704,9.768,0.1280000000000001,53386.2538,-0.006809016815588856
HYAC,2021-07-29,9.706,0.1820512820512811,-0.0006177924217463167,-0.0219,-0.0233,0.0014,-1,-1,1,-136.0759,1,0.4975183673828735,-0.155,-1,-0.8424796747967479,28.0866,1,0.0,26.6667,13.3333,0.266667,-0.14285576530563052,0.133333,-0.5000018749976562,27.4872,-0.033270964928323155,64.2857,100.0,0.642857,1.0,-1,9.6334,9.702,9.7706,0.1372,53386.2538,0.0
HYAC,2021-07-30,9.7,0.16666666666666516,-0.0006181743251597185,-0.0235,-0.0233,-0.0002,-1,-1,-1,-128.2246,1,-0.05769794651367348,-0.155,-1,-0.0,28.0866,1,0.0,13.3333,-0.0,0.133333,-0.5000018749976562,0.0,-1.0,26.6358,-0.03097441718327082,57.1429,100.0,0.571429,1.0,-1,9.6194,9.688,9.7566,0.1372,53386.2538,0.0
HYAC,2021-08-02,9.694,0.15128205128205377,-0.0006185567010307682,-0.0246,-0.0236,-0.001,-1,-1,-1,-120.9913,1,-0.056411172271155566,-0.155,-1,-0.0,28.0866,1,0.0,4.4444,-0.0,0.044444,-0.6666691666729166,0.0,,25.8695,-0.028769550754998954,50.0,100.0,0.5,1.0,-1,9.618,9.674,9.73,0.1120000000000001,53386.2538,0.0
HYAC,2021-08-03,9.688,0.1358974358974378,-0.0006189395502372836,-0.0251,-0.0239,-0.0012,-1,-1,-1,-112.1884,1,-0.07275647091980988,-0.2066,-1,0.33290322580645165,28.0866,1,0.0,-0.0,-0.0,0.0,-1.0,0.0,,25.1798,-0.026660739480855775,42.8571,100.0,0.42857100000000004,1.0,-1,9.66,9.66,9.66,0.0,53386.2538,0.0
HYAC,2021-08-04,9.688,0.1358974358974378,0.0,-0.0205,-0.0232,0.0027,-1,-1,1,-32.7553,0,-0.7080330943306081,0.2062,1,-1.9980638915779283,69.8267,0,1.4861214956598519,11.1111,33.3333,0.111111,-inf,0.333333,-inf,24.4268,-0.029904923788115875,35.7143,100.0,0.357143,1.0,-1,9.624,9.672,9.72,0.09600000000000009,552538.2538,9.34982255675711
HYAC,2021-08-05,9.692,0.1461538461538469,0.0004128819157720437,-0.0174,-0.022,0.0047,-1,-1,1,58.4795,0,-2.7853446617799262,0.1031,1,-0.5,62.294,0,-0.10787707281025746,29.6296,55.5556,0.296296,1.6666666666666665,0.5555559999999999,0.6666696666696665,24.9517,0.021488692747310283,28.5714,92.8571,0.285714,0.928571,-1,9.6277,9.682,9.7363,0.10859999999999914,551730.2538,-0.001462342189781612
HYAC,2021-08-06,9.6831,0.12333333333333267,-0.00091828312009911,-0.0203,-0.0217,0.0014,-1,-1,1,-127.822,1,-3.1857574021665713,-0.2019,-1,-2.9582929194956353,32.1571,0,-0.48378495521237996,51.1481,64.5556,0.511481,0.7262501012501013,0.645556,0.1619998704001037,24.3262,-0.025068432211031666,21.4286,100.0,0.214286,1.0,-1,9.6159,9.6781,9.7403,0.12439999999999962,452277.6538,-0.18025583936176745
HYAC,2021-08-09,9.6801,0.11564102564102469,-0.0003098181367537373,-0.0176,-0.0209,0.0033,-1,-1,1,-51.3232,0,-0.598479135047175,-0.103,-1,-0.48984645864289256,55.2995,0,0.7196668853845652,57.8519,53.4444,0.578519,0.13106645212627646,0.534444,-0.1721182980252681,23.7633,-0.023139660119541855,14.2857,92.8571,0.142857,0.928571,-1,9.6249,9.6861,9.7473,0.12239999999999895,453629.6538,0.0029893141715948294
HYAC,2021-08-10,9.6806,0.11692307692307755,5.165235896329698e-05,-0.0125,-0.0192,0.0067,-1,-1,1,92.5494,0,-2.8032663590734797,0.2575,1,-3.5,64.263,0,0.1620900731471352,57.6355,54.9064,0.576355,-0.0037405858753126542,0.549064,0.02735553210439253,22.7657,-0.04198070133356908,7.1429,85.7143,0.071429,0.857143,-1,9.6362,9.7011,9.766,0.12979999999999947,452699.5256,-0.0020504131337279376
HYAC,2021-08-11,9.6866,0.1323076923076935,0.0006197962936181876,-0.0096,-0.0173,0.0077,-1,-1,1,50.1644,0,-0.457971634608112,0.0,0,-1.0,58.0293,0,-0.09700294103916726,58.4366,66.9591,0.5843659999999999,0.013899419628527525,0.669591,0.21951357218830608,21.8679,-0.03943652073074846,0.0,78.5714,0.0,0.785714,-1,9.6362,9.7011,9.766,0.12979999999999947,449299.5256,-0.007510500470469236
HYAC,2021-08-12,9.6926,0.14769230769230943,0.00061941238411829,-0.0072,-0.0153,0.0081,-1,-1,1,45.1063,0,-0.10083046941655842,0.0,0,,58.0293,0,0.0,62.5517,65.7895,0.625517,0.07041990807131145,0.657895,-0.017467379340522834,21.0598,-0.03695370840364185,85.7143,71.4286,0.857143,0.714286,1,9.6367,9.7031,9.7695,0.13280000000000136,449299.5256,0.0
HYAC,2021-08-13,9.6996,0.1656410256410265,0.0007222004415739505,-0.0044,-0.0131,0.0087,-1,-1,1,45.1063,0,0.0,0.1029,1,inf,61.881,0,0.0663750898253124,64.9513,62.1053,0.649513,0.038361867063565126,0.621053,-0.05599981760007302,19.4564,-0.07613557583642773,78.5714,64.2857,0.785714,0.642857,1,9.697,9.721,9.745,0.04800000000000004,452743.5256,0.007665265160030696
HYAC,2021-08-16,9.7066,0.1835897435897436,0.0007216792445048943,-0.0022,-0.0109,0.0087,-1,-1,1,18.7615,0,-0.584060319733607,0.1029,1,0.0,61.881,0,0.0,62.0678,58.3088,0.620678,-0.04439480041200107,0.5830879999999999,-0.06113004848217466,18.3555,-0.056582923870808544,71.4286,57.1429,0.714286,0.571429,1,9.715,9.727,9.739,0.02400000000000091,456897.5256,0.009175172620072029
HYAC,2021-08-17,9.7136,0.2015384615384607,0.0007211587991675431,-0.0004,-0.0088,0.0084,-1,-1,1,69.9108,0,2.726290541801028,0.1029,1,0.0,61.881,0,0.0,63.6679,70.5895,0.636679,0.02577987297761488,0.705895,0.21061486430864643,17.3646,-0.05398381956361853,64.2857,50.0,0.642857,0.5,1,9.7162,9.726,9.7358,0.01959999999999873,456897.5256,0.0
HYAC,2021-08-18,9.7146,0.2041025641025664,0.00010294844341966132,0.001,-0.0069,0.0078,1,-1,1,66.9617,0,-0.04218375415529506,0.1029,1,0.0,61.881,0,0.0,70.9404,83.9228,0.7094039999999999,0.1142255359451151,0.839228,0.18888503247650137,16.4729,-0.05135160038238717,57.1429,42.8571,0.571429,0.42857100000000004,1,9.72,9.728,9.736,0.016000000000000014,456897.5256,0.0
HYAC,2021-08-19,9.7136,0.2015384615384607,-0.0001029378461286334,-0.0004,-0.0056,0.0052,-1,-1,1,-2.8692,0,-1.0428483745185682,0.3102,1,2.0145772594752183,37.0066,0,-0.40197152599343905,79.6615,84.472,0.7966150000000001,0.12293559100315204,0.8447199999999999,0.006544109586429422,17.8203,0.08179494806621787,50.0,35.7143,0.5,0.357143,1,9.7,9.724,9.748,0.04800000000000004,456897.5256,0.0
HYAC,2021-08-20,9.7175,0.21153846153846015,0.0004014989293361671,-0.003,-0.005,0.0021,-1,-1,1,32.9862,0,-12.496654119615222,-0.5139,-1,-2.656673114119923,27.7208,1,-0.25092280836391345,75.9556,59.472,0.759556,-0.046520590247484665,0.59472,-0.29595605644473905,16.9821,-0.04703624518105759,100.0,28.5714,1.0,0.285714,1,9.6728,9.714,9.7552,0.0823999999999998,449937.0256,-0.015234269414918452
HYAC,2021-08-23,9.7085,0.18846153846154076,-0.0009261641368663304,-0.0106,-0.0062,-0.0044,-1,-1,-1,-176.182,1,-6.341082028242114,-1.2333,-1,1.399883245767659,13.2143,1,-0.5233074081556088,56.6943,26.1387,0.566943,-0.25358630568384694,0.261387,-0.5604872881355932,15.537,-0.08509548289080845,92.8571,21.4286,0.928571,0.214286,1,9.6015,9.69,9.7785,0.1769999999999996,364479.0256,-0.18993324651608756
HYAC,2021-08-24,9.698,0.16153846153846288,-0.0010815264973992272,-0.0148,-0.0079,-0.0069,-1,-1,-1,-140.2081,1,-0.20418601219193783,-1.0277,-1,-0.1667072083029271,26.8801,1,1.0341675306296965,32.3248,11.3636,0.32324800000000004,-0.4298403895982488,0.113636,-0.5652576447948827,14.2365,-0.08370341764819471,85.7143,14.2857,0.857143,0.142857,1,9.5815,9.67,9.7585,0.1769999999999996,436398.0256,0.19731999634713684
HYAC,2021-08-25,9.688,0.1358974358974378,-0.001031140441328087,-0.0188,-0.0101,-0.0087,-1,-1,-1,-123.0414,1,-0.12243729142610167,-0.4141,-1,-0.5970613992410236,24.4717,1,-0.0895978809602643,14.0159,4.5455,0.140159,-0.5664041231500272,0.045454999999999995,-0.5999947199831039,13.066,-0.08221824184314956,78.5714,7.1429,0.785714,0.071429,1,9.5771,9.648,9.7189,0.14179999999999993,435176.0256,-0.0028001959869545295
HYAC,2021-08-26,9.678,0.11025641025641275,-0.0010322047894302008,-0.0217,-0.0124,-0.0093,-1,-1,-1,-106.5723,1,-0.13385006997644694,-0.4141,-1,-0.0,24.4717,1,0.0,7.3232,6.0606,0.073232,-0.47750768769754354,0.060606,0.33331866681333194,12.49,-0.04408388183070568,71.4286,0.0,0.714286,0.0,1,9.5824,9.632,9.6816,0.09919999999999973,433907.0256,-0.002916061375969329
HYAC,2021-08-27,9.667,0.08205128205128201,-0.0011365984707585254,-0.0237,-0.0146,-0.009,-1,-1,-1,-109.6751,1,0.02911450724062446,-0.4141,-1,-0.0,24.4717,1,0.0,8.0286,13.4796,0.08028600000000001,0.09632401136115372,0.134796,1.2241362241362241,11.9716,-0.041505204163330645,64.2857,78.5714,0.642857,0.785714,-1,9.6074,9.62,9.6326,0.02519999999999989,433907.0256,0.0
HYAC,2021-08-30,9.659,0.06153846153846378,-0.0008275576704250666,-0.0226,-0.0162,-0.0064,-1,-1,-1,-34.7273,0,-0.6833620393325377,-0.1035,-1,-0.7500603718908477,50.4729,0,1.0625007661911516,16.0571,28.6311,0.160571,0.9999875445283108,0.286311,1.1240318703819105,13.9371,0.1641802265361354,57.1429,71.4286,0.571429,0.714286,-1,9.6047,9.628,9.6513,0.04660000000000153,424228.0256,-0.02230662199261703
HYAC,2021-08-31,9.652,0.043589743589742144,-0.0007247127031785328,-0.0207,-0.0171,-0.0036,-1,-1,-1,-40.5555,0,0.16782761688930617,0.0,0,-1.0,56.6859,0,0.12309576029909107,29.4248,46.1636,0.294248,0.8325102291198289,0.46163600000000005,0.6123585890866925,15.706,0.12692023448206588,50.0,64.2857,0.5,0.642857,-1,9.5991,9.634,9.6689,0.06980000000000075,424228.0256,0.0
HYAC,2021-09-01,9.645,0.025641025641025057,-0.0007252382925818145,-0.019,-0.0175,-0.0015,-1,-1,-1,-37.1347,0,-0.08434860869672424,-0.6173,-1,-inf,56.6859,0,0.0,43.1856,54.7619,0.431856,0.46765993311764226,0.547619,0.18625713765824142,17.2981,0.10136890360371846,42.8571,57.1429,0.42857100000000004,0.571429,-1,9.6053,9.642,9.6787,0.07339999999999947,424228.0256,0.0
HYAC,2021-09-02,9.638,0.007692307692307973,-0.0007257646448936935,-0.0198,-0.0179,-0.0018,-1,-1,-1,-48.8107,0,0.31442289825957914,-0.8239,-1,0.3346832982342459,35.6957,0,-0.3702896134664881,47.9276,42.8571,0.479276,0.1098051202252602,0.42857100000000004,-0.21739201890365373,18.7309,0.08282990617466639,35.7143,50.0,0.357143,0.5,-1,9.6115,9.644,9.6765,0.06500000000000128,382440.0256,-0.0985036288936777
HYAC,2021-09-03,9.635,0.0,-0.0003112678979041413,-0.0186,-0.0181,-0.0005,-1,-1,-1,-26.7913,0,-0.4511182998809687,0.0985,1,-1.1195533438524092,50.8593,0,0.4248018668915302,44.1799,34.9206,0.44179900000000005,-0.07819502749981211,0.349206,-0.18518518518518523,20.0205,0.06884880064492364,28.5714,42.8571,0.285714,0.42857100000000004,-1,9.6281,9.65,9.6719,0.04380000000000095,378575.0256,-0.010106159766976023
HYAC,2021-09-07,9.642,0.017948717948717084,0.0007265179034768732,-0.0151,-0.0175,0.0024,-1,-1,1,2.6109,0,-1.097453277743148,-0.2062,-1,-3.093401015228426,65.9252,0,0.2962270420552388,40.4762,43.6508,0.404762,-0.0838322404532379,0.43650799999999995,0.25000143181961354,21.1811,0.057970580155340894,21.4286,35.7143,0.214286,0.357143,-1,9.6235,9.656,9.6885,0.0649999999999995,378575.0256,0.0
HYAC,2021-09-08,9.647,0.03076923076923189,0.0005185646131508797,-0.0121,-0.0164,0.0043,-1,-1,1,8.4948,0,2.2535907158451107,-0.565,-1,1.740058195926285,65.9252,0,0.0,48.4127,66.6667,0.48412700000000003,0.1960781891580732,0.666667,0.527273268760252,22.2256,0.04931283077838258,14.2857,28.5714,0.142857,0.285714,-1,9.6221,9.66,9.6979,0.07580000000000098,378575.0256,0.0
HYAC,2021-09-09,9.653,0.046153846153847836,0.0006219550119208279,-0.0097,-0.0151,0.0054,-1,-1,1,13.3252,0,0.5686302208409852,-0.4115,-1,-0.27168141592920353,65.9252,0,0.0,64.5503,83.3333,0.6455029999999999,0.33333402185790073,0.833333,0.2499988750005623,23.1657,0.04229807069325467,7.1429,21.4286,0.071429,0.214286,-1,9.6228,9.664,9.7052,0.0823999999999998,378575.0256,0.0
HYAC,2021-09-10,9.654,0.048717948717948975,0.0001035947373872833,-0.0117,-0.0144,0.0027,-1,-1,1,-62.2577,0,-5.6721775282922575,-0.9259,-1,1.2500607533414339,32.9955,0,-0.49950094956101765,68.5185,55.5556,0.685185,0.06147454000988393,0.5555559999999999,-0.3333325333330133,21.6789,-0.0641810953262799,0.0,14.2857,0.0,0.142857,-1,9.6228,9.664,9.7052,0.0823999999999998,375131.0256,-0.009097272052063225
HYAC,2021-09-13,9.66,0.06410256410256492,0.0006215040397762821,-0.0091,-0.0133,0.0042,-1,-1,1,-0.2743,0,-0.9955941192816311,-0.5139,-1,-0.44497245922885836,58.7506,0,0.7805640163052537,66.6667,61.1111,0.666667,-0.027026277574669574,0.611111,0.09999892000086404,19.9903,-0.07789140592926752,64.2857,7.1429,0.642857,0.071429,1,9.63,9.67,9.71,0.08000000000000007,377049.0256,0.005112880218137841
HYAC,2021-09-14,9.665,0.07692307692307516,0.0005175983436851972,-0.0054,-0.0117,0.0064,-1,-1,1,79.3132,0,-290.14764855997083,-0.3083,-1,-0.40007783615489395,65.4003,0,0.11318522704448981,59.7222,62.5,0.597222,-0.1041674479162761,0.625,0.02272745867771975,20.041,0.002536230071584672,100.0,0.0,1.0,0.0,1,9.6274,9.674,9.7206,0.0931999999999995,377049.0256,0.0
HYAC,2021-09-15,9.67,0.08974358974358998,0.0005173305742370183,-0.0016,-0.0097,0.0081,-1,-1,1,57.8637,0,-0.27044048153396905,-0.2055,-1,-0.3334414531300682,68.5673,0,0.04842485432024014,73.1481,95.8333,0.731481,0.2248058510905492,0.958333,0.5333327999999999,18.8066,-0.061593732847662334,100.0,14.2857,1.0,0.142857,1,9.6249,9.68,9.7351,0.11019999999999897,378049.0256,0.0026521750014038494
HYAC,2021-09-16,9.675,0.10256410256410478,0.0005170630816960477,0.0014,-0.0075,0.0089,1,-1,1,125.7148,-1,1.172602166816156,-0.2055,-1,-0.0,68.5673,0,0.0,84.7222,95.8333,0.847222,0.1582283066819234,0.958333,0.0,17.6956,-0.05907500558314638,100.0,7.1429,1.0,0.071429,1,9.6259,9.686,9.7461,0.12020000000000053,378049.0256,0.0
HYAC,2021-09-17,9.683,0.123076923076923,0.0008268733850128288,0.0037,-0.0053,0.0089,1,-1,1,121.8119,-1,-0.031045668449538183,0.1031,1,-1.5017031630170317,68.5673,0,0.0,97.2222,100.0,0.972222,0.1475410223058419,1.0,0.04347862381865183,16.6957,-0.05650557200660053,100.0,0.0,1.0,0.0,1,9.6787,9.702,9.7253,0.04660000000000153,378049.0256,0.0
HYAC,2021-09-20,9.689,0.13846153846153894,0.0006196426727254186,0.0055,-0.0031,0.0086,1,-1,1,123.1411,-1,0.01091190597962925,0.3099,1,2.0058195926285163,68.5673,0,0.0,98.6111,100.0,0.986111,0.014285831836761485,1.0,0.0,15.7958,-0.05390010601532124,100.0,57.1429,1.0,0.571429,1,9.7,9.708,9.716,0.016000000000000014,378049.0256,0.0
HYAC,2021-09-21,9.692,0.1461538461538469,0.0003096294767261961,0.0068,-0.0011,0.0079,1,-1,1,110.1923,-1,-0.10515416867317241,1.0406,1,2.3578573733462402,68.5673,0,0.0,100.0,100.0,1.0,0.014084621305309512,1.0,0.0,14.9859,-0.051273123235290326,100.0,50.0,1.0,0.5,1,9.71,9.71,9.71,0.0,378049.0256,0.0
HYAC,2021-09-22,9.695,0.1538461538461549,0.0003095336359884558,0.0078,0.0006,0.0071,1,1,1,99.3702,0,-0.0982110365243307,0.8307,1,-0.20171055160484333,68.5673,0,0.0,88.8889,66.6667,0.888889,-0.11111099999999993,0.666667,-0.33333299999999993,14.2569,-0.048645726983364425,100.0,42.8571,1.0,0.42857100000000004,1,9.71,9.71,9.71,0.0,378049.0256,0.0
HYAC,2021-09-23,9.697,0.1589743589743572,0.00020629190304269124,0.0076,0.002,0.0056,1,1,1,58.1156,0,-0.41516068197507905,0.8316,1,0.0010834236186349005,50.8219,0,-0.25880266541047997,72.1943,49.9162,0.721943,-0.18781422652322177,0.49916200000000005,-0.25125737437131285,14.9772,0.05052290469877743,92.8571,35.7143,0.928571,0.357143,1,9.7,9.708,9.716,0.016000000000000014,413635.0256,0.09413064864675054
HYAC,2021-09-24,9.704,0.17692307692307882,0.0007218727441478241,0.0074,0.0031,0.0043,1,1,1,62.4239,0,0.07413327918837631,0.8316,1,0.0,50.8219,0,0.0,49.9162,33.1658,0.49916200000000005,-0.30858530382592525,0.33165799999999995,-0.335570416017245,15.6254,0.043279117592073355,85.7143,28.5714,0.857143,0.285714,1,9.6962,9.706,9.7158,0.019600000000000506,413635.0256,0.0
HYAC,2021-09-27,9.71,0.19230769230769476,0.0006183017312448709,0.0104,0.0046,0.0058,1,1,1,132.7629,-1,1.1267959867935198,1.2474,1,0.5000000000000001,81.2119,-1,0.5979705599357757,49.8604,66.4992,0.498604,-0.0011178735560800892,0.664992,1.0050533983802594,15.1972,-0.027404098455079573,100.0,21.4286,1.0,0.214286,1,9.6826,9.712,9.7414,0.05879999999999974,417637.0256,0.00967519613261687
HYAC,2021-09-28,9.714,0.20256410256410387,0.00041194644696184953,0.0126,0.0062,0.0064,1,1,1,152.1969,-1,0.14638125560679977,0.9326,1,-0.25236491903158575,81.2119,-1,0.0,60.9715,83.2496,0.609715,0.22284418095322142,0.832496,0.25188874452624993,14.8118,-0.02535993472481777,100.0,14.2857,1.0,0.142857,1,9.6813,9.718,9.7547,0.07339999999999947,417637.0256,0.0
HYAC,2021-09-29,9.717,0.21025641025641184,0.0003088326127239153,0.0142,0.0078,0.0064,1,1,1,135.997,-1,-0.10644040713049993,0.8282,1,-0.11194509972120946,81.2119,-1,0.0,83.2496,100.0,0.832496,0.3653854669804745,1.0,0.2012069727662355,14.465,-0.02341376470111668,100.0,7.1429,1.0,0.071429,1,9.6848,9.724,9.7632,0.07840000000000025,417637.0256,0.0
HYAC,2021-09-30,9.7195,0.21666666666666698,0.00025728105382314526,0.0148,0.0092,0.0057,1,1,1,112.1165,-1,-0.17559578520114422,0.7764,1,-0.0625452789181358,70.5658,-1,-0.13109039438801462,93.0276,95.8333,0.9302760000000001,0.11745401779708257,0.958333,-0.04166700000000006,13.2091,-0.08682336674732115,100.0,0.0,1.0,0.0,1,9.6998,9.731,9.7622,0.06240000000000023,417637.0256,0.0
HYAC,2021-10-01,9.7145,0.20384615384615218,-0.0005144297546170874,0.0092,0.0092,0.0,1,1,0,-38.3064,0,-1.341666034883358,0.3115,1,-0.5987892838742916,20.4068,1,-0.7108117530021625,86.1111,62.5,0.861111,-0.07434890290623442,0.625,-0.3478258601133426,15.7467,0.19210998478321772,100.0,14.2857,1.0,0.142857,1,9.6599,9.723,9.7861,0.12619999999999898,416801.0256,-0.0020017382290254486
HYAC,2021-10-04,9.7155,0.20641025641025787,0.00010293890575955759,0.0095,0.0093,0.0002,1,1,1,62.7295,0,-2.637572311676378,0.7254,1,1.3287319422150885,53.4763,0,1.6205137503185214,69.1667,49.1667,0.691667,-0.1967737028095099,0.49166699999999997,-0.21333280000000002,16.4782,0.04645417770072462,100.0,7.1429,1.0,0.071429,1,9.6582,9.719,9.7798,0.12159999999999904,416801.0256,0.0
HYAC,2021-10-05,9.7185,0.21410256410256584,0.0003087849312953645,0.0112,0.0096,0.0016,1,1,1,77.5147,0,0.23569771797957903,0.6198,1,-0.14557485525227465,60.3419,0,0.12838584569239084,52.7778,46.6667,0.527778,-0.23694783761550003,0.466667,-0.05084742315428939,17.1366,0.039955820417278604,92.8571,0.0,0.928571,0.0,1,9.6582,9.719,9.7798,0.12159999999999904,1111244.0256,1.6661259386306078
HYAC,2021-10-06,9.7245,0.22948717948718178,0.0006173792251890957,0.0148,0.0107,0.0041,1,1,1,160.3722,-1,1.0689262810795885,0.9298,1,0.5001613423685058,68.9369,0,0.14243833886569682,58.6111,80.0,0.586111,0.11052563767341574,0.8,0.714284489796793,15.6151,-0.08878657376609136,100.0,78.5714,1.0,0.785714,1,9.6523,9.725,9.7977,0.14540000000000042,1637786.0256,0.47383111888111284
HYAC,2021-10-07,9.7305,0.24487179487179317,0.0006169983032545067,0.0167,0.0119,0.0048,1,1,1,152.0017,-1,-0.05219420822312092,0.8264,1,-0.11120671112067104,63.2273,0,-0.0828235676393919,72.3232,90.303,0.723232,0.23395056567783235,0.90303,0.12878749999999997,14.2457,-0.0876971649236957,100.0,71.4286,1.0,0.714286,1,9.652,9.73,9.808,0.15600000000000058,1637786.0256,0.0
HYAC,2021-10-08,9.7355,0.257692307692308,0.0005138482092390712,0.0171,0.0129,0.0042,1,1,1,109.0433,-1,-0.2826178917735788,1.2461,1,0.507865440464666,57.2955,0,-0.09381706952534748,86.6218,89.5623,0.8662179999999999,0.19770419450466784,0.895623,-0.008202385302813904,13.0133,-0.08651031539341697,92.8571,64.2857,0.928571,0.642857,1,9.7136,9.748,9.7824,0.0688000000000013,1637786.0256,0.0
HYAC,2021-10-11,9.7365,0.2602564102564091,0.00010271686097267175,0.0173,0.0138,0.0035,1,1,1,98.9267,0,-0.09277598898786084,0.7231,1,-0.41970949362009474,57.2955,0,0.0,86.6346,80.0385,0.8663460000000001,0.00014776880646688017,0.800385,-0.10633715302085806,11.9041,-0.08523587406730035,85.7143,57.1429,0.857143,0.571429,1,9.7336,9.754,9.7744,0.040800000000000836,1637786.0256,0.0
HYAC,2021-10-12,9.7365,0.2602564102564091,0.0,0.0164,0.0143,0.0021,1,1,1,9.0038,0,-0.9089851374805791,0.4124,1,-0.4296777762411838,49.9704,0,-0.12784773673325128,80.5195,71.9577,0.8051949999999999,-0.07058496259000459,0.719577,-0.1009614123203208,14.6254,0.2286019102662109,78.5714,50.0,0.785714,0.5,1,9.7336,9.754,9.7744,0.040800000000000836,1656006.8256,0.011125262833601775
HYAC,2021-10-13,9.7385,0.26538461538461594,0.00020541262260572772,0.0172,0.0149,0.0023,1,1,1,112.5424,-1,11.499433572491615,0.5149,1,0.2485451018428711,62.0878,0,0.2424915550005604,74.8982,72.6984,0.748982,-0.06981290246462027,0.7269840000000001,0.010293547459132295,15.2549,0.04304155783773424,100.0,42.8571,1.0,0.42857100000000004,1,9.737,9.752,9.767,0.02999999999999936,1656961.4256,0.0005764468993984926
HYAC,2021-10-14,9.741,0.27179487179487105,0.0002567130461569546,0.0175,0.0154,0.0021,1,1,1,109.4728,-1,-0.027275053668661713,0.5149,1,0.0,62.0878,0,0.0,73.4039,75.5556,0.7340389999999999,-0.019951080266281562,0.755556,0.039302102934865024,15.8213,0.037129053615559696,92.8571,35.7143,0.928571,0.357143,1,9.737,9.752,9.767,0.02999999999999936,1656961.4256,0.0
HYAC,2021-10-15,9.752,0.3000000000000018,0.0011292475105226373,0.0184,0.016,0.0024,1,1,1,97.4816,0,-0.10953588471291505,0.6179,1,0.20003884249368806,68.1202,0,0.09715918425197857,77.1958,83.3333,0.771958,0.051658018170696825,0.833333,0.10294008650583142,17.236,0.08941743093171862,85.7143,28.5714,0.857143,0.285714,1,9.7356,9.756,9.7764,0.040800000000000836,1658201.4256,0.0007483577956867556
