Ticker,Date,SMA_10,SMA_10_min_max,SMA_10_fluc_pctg,MACD,MACD_Signal,MACD_Hist,MACD_polarize,MACD_Signal_polarize,MACD_Hist_polarize,CCI_20,CCI_20_polarize,CCI_20_fluc_pctg,ROC_10,ROC_10_polarize,ROC_10_fluc_pctg,RSI_5,RSI_5_polarize,RSI_5_fluc_pctg,STOCH_SlowD,STOCH_SlowK,STOCH_SlowD_min_max,STOCH_SlowD_fluc_pctg,STOCH_SlowK_min_max,STOCH_SlowK_fluc_pctg,ADX,ADX_fluc_pctg,AROON_Up,AROON_Down,AROON_Up_min_max,AROON_Down_min_max,AROON_polarize,BBANDS_Lower_Band,BBANDS_Middle_Band,BBANDS_Upper_Band,BBANDS_width,BBANDS_compare_high_low_price,Chaikin_AD,Chaikin_AD_fluc_pctg,Open,High,Low,Close,Volume,Dividends,Stock Splits,Close_Change,Close_Change_pctg,Volume_min_max,HYAC_daily_trend,New Cases,Case 7-Day Moving Avg,Historic Cases,New Deaths,Death 7-Day Moving Avg,Historic Deaths
HYAC,2021-06-15,9.771,0.34871795,0.0,-0.0662,-0.1087,0.0425,-1,-1,1,47.3007,0,-0.07994982,-1.5412,-1,-0.2294,60.479,0,0.0,100.0,100.0,1.0,0.06099783,1.0,0.0,29.2159,-0.06761833,35.7143,35.7143,0.357143,0.357143,0,9.8,9.8,9.8,0.0,1.0,41963.5038,0.08639146,9.75,9.80000019,9.75,9.80000019,3300.0,0.0,0.0,0.0,0.0,0.0047523,,13139,13012,0,313,295,0
HYAC,2021-06-16,9.786,0.38717949,0.00153516,-0.0585,-0.0987,0.0401,-1,-1,1,85.9659,0,0.81743399,0.6154,1,-1.39929925,66.5108,0,0.09973379,98.4127,95.2381,0.984127,-0.015873,0.952381,-0.047619,27.9429,-0.04357216,28.5714,28.5714,0.285714,0.285714,0,9.794,9.802,9.81,0.016,-1.0,31252.5038,-0.25524561,9.81999969,9.81999969,9.81000042,9.81000042,10700.0,0.0,0.0,0.01000023,0.00102043,0.01540899,,13532,12204,0,331,293,0
HYAC,2021-06-17,9.791,0.4,0.00051093,-0.0526,-0.0895,0.0368,-1,-1,1,61.1407,0,-0.28877962,1.976,1,2.21091973,55.855,0,-0.16021157,93.6508,85.7143,0.936508,-0.04838705,0.857143,-0.0999999,26.3579,-0.05672282,21.4286,21.4286,0.214286,0.214286,0,9.794,9.802,9.81,0.016,0.0,31252.5038,0.0,9.80000019,9.80000019,9.80000019,9.80000019,4900.0,0.0,0.0,-0.01000023,-0.00101939,0.00705645,,13444,11805,0,268,277,0
HYAC,2021-06-18,9.806,0.43846154,0.00153202,-0.0394,-0.0795,0.04,-1,-1,1,215.7647,-1,2.52898642,1.8519,1,-0.06280364,85.298,-1,0.52713275,88.8889,85.7143,0.888889,-0.0508474,0.857143,0.0,27.5272,0.04436241,14.2857,14.2857,0.142857,0.142857,0,9.7436,9.822,9.9004,0.1568,0.0,31252.5038,0.0,9.89999962,9.89999962,9.89999962,9.89999962,1000.0,0.0,0.0,0.09999943,0.01020402,0.00144009,,11723,11518,0,229,260,0
HYAC,2021-06-21,9.821,0.47692308,0.00152968,-0.0286,-0.0693,0.0406,-1,-1,1,197.0983,-1,-0.08651276,2.3785,1,0.28435661,85.298,-1,0.0,87.3016,90.4762,0.873016,-0.01785712,0.904762,0.05555549,28.5795,0.03822764,7.1429,7.1429,0.071429,0.071429,0,9.747,9.842,9.937,0.19,0.0,31252.5038,0.0,9.89999962,9.89999962,9.89999962,9.89999962,0.0,0.0,0.0,0.0,0.0,0.0,,8518,11633,0,265,258,8
HYAC,2021-06-22,9.831,0.5025641,0.00101823,-0.0199,-0.0594,0.0395,-1,-1,1,194.9185,-1,-0.01105946,2.3785,1,0.0,85.298,-1,0.0,92.0635,100.0,0.920635,0.05454539,1.0,0.10526304,29.5267,0.03314264,0.0,0.0,0.0,0.0,0,9.7687,9.862,9.9553,0.1866,0.0,31252.5038,0.0,,,,,,,,,,,,13919,11745,0,292,255,0
HYAC,2021-06-23,9.8264,0.49076923,-0.00046791,-0.0245,-0.0524,0.028,-1,-1,1,-71.9013,0,-1.36887879,0.8635,1,-0.63695606,29.3282,1,-0.65616779,85.7143,66.6667,0.857143,-0.06896544,0.666667,-0.333333,27.9102,-0.05474706,92.8571,0.0,0.928571,0.0,1,9.7264,9.8507,9.975,0.2486,0.0,28715.5038,-0.0811775,9.78999996,9.80000019,9.75399971,9.75399971,2500.0,0.0,0.0,-0.14599991,-0.01474747,0.00360023,,14440,11874,0,311,252,0
HYAC,2021-06-24,9.8204,0.47538462,-0.0006106,-0.0288,-0.0477,0.0189,-1,-1,1,-131.9224,1,0.83477072,-0.6122,-1,-1.7089751,27.2673,1,-0.07027025,66.6667,33.3333,0.666667,-0.22222196,0.333333,-0.50000075,26.7736,-0.04072346,85.7143,100.0,0.857143,1.0,-1,9.6883,9.8387,9.9891,0.3008,0.0,28715.5038,0.0,9.73999977,9.73999977,9.73999977,9.73999977,2900.0,0.0,0.0,-0.01399994,-0.0014353,0.00417627,,15415,12156,0,258,251,0
HYAC,2021-06-25,9.8074,0.44205128,-0.00132377,-0.0375,-0.0457,0.0081,-1,-1,1,-206.3718,1,0.56434237,-1.3265,-1,1.16677556,18.7345,1,-0.31293161,33.3333,0.0,0.333333,-0.50000075,0.0,-1.0,27.2082,0.01623241,78.5714,100.0,0.785714,1.0,-1,9.6085,9.7927,9.9769,0.3684,0.0,23207.5038,-0.19181276,9.69999981,9.69999981,9.67000008,9.67000008,5500.0,0.0,0.0,-0.06999969,-0.00718683,0.00792051,,14327,12528,0,319,264,10
HYAC,2021-06-28,9.803,0.43076923,-0.00044864,-0.0371,-0.0439,0.0069,-1,-1,1,-105.0896,1,-0.49077539,-0.449,-1,-0.66151527,45.1122,0,1.40797459,15.2657,12.4638,0.152657,-0.54202854,0.124638,1,25.8373,-0.05038555,71.4286,100.0,0.714286,1.0,-1,9.614,9.7639,9.9138,0.2998,0.0,57876.5038,1.49387027,9.69999981,9.75599957,9.67000008,9.75599957,34700.0,0.0,0.0,0.08599949,0.00889343,0.0499712,,10878,13065,0,208,246,0
HYAC,2021-06-29,9.7986,0.41948718,-0.00044884,-0.0363,-0.0424,0.0061,-1,-1,1,-52.7768,0,-0.49779236,-0.449,-1,-0.0,45.1122,0,0.0,15.6596,34.5151,0.156596,0.02580294,0.345151,1.76922768,24.6035,-0.04775267,64.2857,92.8571,0.642857,0.928571,-1,9.6689,9.7351,9.8013,0.1324,0.0,57876.5038,0.0,9.75599957,9.75599957,9.75599957,9.75599957,0.0,0.0,0.0,0.0,0.0,0.0,,16481,13431,0,273,244,0
HYAC,2021-06-30,9.7851,0.38487179,-0.00137775,-0.0417,-0.0423,0.0006,-1,-1,1,-155.5588,1,1.9474845,0.1542,1,-1.34342984,30.529,0,-0.3232651,27.8106,36.453,0.278106,0.77594575,0.36453,0.05614644,25.2495,0.02625643,57.1429,100.0,0.571429,1.0,-1,9.6419,9.7194,9.7969,0.155,0.0,57284.2538,-0.010233,9.68900013,9.68900013,9.67000008,9.67500019,1200.0,0.0,0.0,-0.08099937,-0.00830252,0.00172811,,17899,13925,0,247,234,0
HYAC,2021-07-01,9.7726,0.35282051,-0.00127745,-0.0455,-0.0429,-0.0026,-1,-1,-1,-140.2029,1,-0.09871444,-0.7692,-1,-5.98832685,30.529,0,0.0,32.2984,25.9273,0.322984,0.16137013,0.259273,-0.28874715,25.8309,0.0230262,50.0,92.8571,0.5,0.928571,-1,9.6253,9.7064,9.7875,0.1622,0.0,57284.2538,0.0,9.67500019,9.67500019,9.67500019,9.67500019,0.0,0.0,0.0,0.0,0.0,0.0,,18958,14431,0,221,229,0
HYAC,2021-07-02,9.7501,0.29512821,-0.00230236,-0.0479,-0.0439,-0.004,-1,-1,-1,-125.0253,1,-0.10825454,-0.7692,-1,-0.0,30.529,0,0.0,22.7314,5.814,0.227314,-0.29620662,0.05814,-0.7757576,26.3542,0.02025868,42.8571,85.7143,0.428571,0.857143,-1,9.628,9.7074,9.7868,0.1588,0.0,57284.2538,0.0,,,,,,,,,,,,17357,14864,0,273,223,0
HYAC,2021-07-06,9.7281,0.23871795,-0.00225639,-0.0489,-0.0449,-0.004,-1,-1,-1,-107.088,1,-0.14346936,-0.7179,-1,-0.06669267,33.135,0,0.08536146,13.1644,7.7519,0.131644,-0.42087157,0.077519,0.33331613,26.6163,0.00994528,35.7143,78.5714,0.357143,0.785714,-1,9.6283,9.6922,9.7561,0.1278,0.0,57284.2538,0.0,9.68000031,9.68000031,9.68000031,9.68000031,200.0,0.0,0.0,0.00500011,0.00051681,0.00028802,,16904,15721,0,207,197,0
HYAC,2021-07-07,9.7081,0.1874359,-0.0020559,-0.0475,-0.0454,-0.0021,-1,-1,-1,-100.7976,1,-0.05874048,-1.0204,-1,0.42136788,43.6954,0,0.31870831,17.5711,39.1473,0.175711,0.3347437,0.391473,4.05002645,28.0968,0.05562381,28.5714,100.0,0.285714,1.0,-1,9.6616,9.681,9.7004,0.0388,1.0,59358.2538,0.03620541,9.61999989,9.69999981,9.61999989,9.69999981,2100.0,0.0,0.0,0.0199995,0.00206606,0.00302419,,24672,16689,0,240,196,0
HYAC,2021-07-08,9.7027,0.17358974,-0.00055624,-0.0458,-0.0455,-0.0003,-1,-1,-1,-65.0775,0,-0.35437451,-1.0204,-1,-0.0,43.6954,0,0.0,39.1473,70.5426,0.391473,1.22793678,0.705426,0.80197868,29.4293,0.04742533,21.4286,92.8571,0.214286,0.928571,-1,9.6628,9.686,9.7092,0.0464,0.0,59358.2538,0.0,9.69999981,9.69999981,9.69999981,9.69999981,114000.0,0.0,0.0,0.0,0.0,0.16417051,,30679,18363,0,200,193,0
HYAC,2021-07-09,9.6947,0.15307692,-0.00082451,-0.0472,-0.0458,-0.0014,-1,-1,-1,-83.6919,0,0.28603434,-1.4286,-1,0.4000392,29.2561,1,-0.33045355,64.3411,83.3333,0.643411,0.64356418,0.833333,0.18131881,31.367,0.06584254,14.2857,85.7143,0.142857,0.857143,-1,9.6523,9.683,9.7137,0.0614,0.0,53698.2538,-0.09535321,9.69999981,9.69999981,9.65999985,9.65999985,5700.0,0.0,0.0,-0.03999996,-0.00412371,0.00820853,,29310,20071,0,271,193,0
HYAC,2021-07-12,9.6987,0.16333333,0.0004126,-0.0438,-0.0454,0.0016,-1,-1,1,-42.3331,0,-0.49417925,-0.9184,-1,-0.35713286,53.3455,0,0.82339751,79.0698,83.3333,0.790698,0.22891589,0.833333,0.0,32.6074,0.03954474,7.1429,78.5714,0.071429,0.785714,-1,9.6542,9.69,9.7258,0.0716,0.0,53698.2538,0.0,9.71000004,9.71000004,9.71000004,9.71000004,1000.0,0.0,0.0,0.05000019,0.005176,0.00144009,,24449,24437,0,231,207,0
HYAC,2021-07-13,9.6941,0.15153846,-0.00047429,-0.0406,-0.0445,0.0039,-1,-1,1,-38.4852,0,-0.09089578,-0.9184,-1,-0.0,53.3455,0,0.0,83.3333,83.3333,0.833333,0.05392071,0.833333,0.0,33.7238,0.03423763,0.0,71.4286,0.0,0.714286,-1,9.6589,9.696,9.7331,0.0742,0.0,53698.2538,0.0,9.71000004,9.71000004,9.71000004,9.71000004,0.0,0.0,0.0,0.0,0.0,0.0,,35897,27150,0,338,225,0
HYAC,2021-07-14,9.6905,0.14230769,-0.00037136,-0.0368,-0.0429,0.0061,-1,-1,1,-25.4102,0,-0.33974099,-0.8163,-1,-0.1111716,57.8326,0,0.08411394,88.8889,100.0,0.888889,0.06666723,1.0,0.20000048,34.1522,0.01270319,0.0,64.2857,0.0,0.642857,-1,9.658,9.7,9.742,0.084,0.0,53698.2538,0.0,9.72000027,9.72000027,9.72000027,9.72000027,33400.0,0.0,0.0,0.01000023,0.00102989,0.04809908,,41216,29513,106,314,236,0
HYAC,2021-07-15,9.695,0.15384615,0.00046437,-0.0335,-0.041,0.0076,-1,-1,1,-21.8857,0,-0.13870414,-0.9174,-1,0.12385153,57.8326,0,0.0,94.4444,100.0,0.944444,0.06249937,1.0,0.0,34.5377,0.01128771,21.4286,57.1429,0.214286,0.571429,-1,9.6591,9.704,9.7489,0.0898,0.0,53698.2538,0.0,9.72000027,9.72000027,9.72000027,9.72000027,0.0,0.0,0.0,0.0,0.0,0.0,,42873,31255,112,306,251,0
HYAC,2021-07-16,9.6995,0.16538462,0.00046416,-0.0304,-0.0389,0.0085,-1,-1,1,-18.5132,0,-0.15409605,-0.8163,-1,-0.11020275,57.8326,0,0.0,100.0,100.0,1.0,0.05882403,1.0,0.0,34.8847,0.01004699,14.2857,50.0,0.142857,0.5,-1,9.7062,9.716,9.7258,0.0196,0.0,53698.2538,0.0,9.72000027,9.72000027,9.72000027,9.72000027,100.0,0.0,0.0,0.0,0.0,0.00014401,,43951,33347,42,303,256,0
HYAC,2021-07-19,9.704,0.17692308,0.00046394,-0.0277,-0.0367,0.009,-1,-1,1,-9.7545,0,-0.47310568,-1.8182,-1,1.22736739,57.8326,0,0.0,100.0,100.0,1.0,0.0,1.0,0.0,35.197,0.00895235,7.1429,42.8571,0.071429,0.428571,-1,9.71,9.718,9.726,0.016,0.0,53698.2538,0.0,,,,,,,,,,,,37658,39197,266,264,270,0
HYAC,2021-07-20,9.708,0.18717949,0.0004122,-0.0253,-0.0344,0.0091,-1,-1,1,5.5346,0,-1.56738941,-1.8182,-1,-0.0,57.8326,0,0.0,88.8889,66.6667,0.888889,-0.111111,0.666667,-0.333333,35.4781,0.00798648,0.0,35.7143,0.0,0.357143,-1,9.72,9.72,9.72,0.0,0.0,53698.2538,0.0,,,,,,,,,,,,53320,41686,136,321,268,0
HYAC,2021-07-21,9.71,0.19230769,0.00020602,-0.0231,-0.0321,0.0091,-1,-1,1,24.4988,0,3.42648069,-1.8182,-1,-0.0,57.8326,0,0.0,77.7778,66.6667,0.777778,-0.12499986,0.666667,0.0,36.1252,0.01823942,100.0,28.5714,1.0,0.285714,1,9.72,9.72,9.72,0.0,1.0,55344.2538,0.03065277,9.71000004,9.72000027,9.71000004,9.72000027,1600.0,0.0,0.0,0.0,0.0,0.00230415,,65671,45180,184,400,280,0
HYAC,2021-07-22,9.707,0.18461538,-0.00030896,-0.0251,-0.0307,0.0056,-1,-1,1,45.0317,0,0.8381186,-0.8561,-1,-0.52914971,20.4036,1,-0.64719553,55.5556,33.3333,0.555556,-0.28571392,0.333333,-0.50000075,34.1941,-0.05345576,100.0,21.4286,1.0,0.214286,1,9.67,9.71,9.75,0.08,-1.0,53752.2538,-0.02876541,9.81999969,9.81999969,9.67000008,9.67000008,1600.0,0.0,0.0,-0.05000019,-0.00514405,0.00230415,,71310,49242,283,334,284,0
HYAC,2021-07-23,9.714,0.2025641,0.00072113,-0.0216,-0.0289,0.0073,-1,-1,1,79.6915,0,0.76967558,-0.1027,-1,-0.88003738,59.612,0,1.92164128,48.8889,46.6667,0.488889,-0.1200005,0.466667,0.4000024,32.4562,-0.05082456,92.8571,14.2857,0.928571,0.142857,1,9.6693,9.712,9.7547,0.0854,0.0,53752.2538,0.0,9.72999954,9.72999954,9.72999954,9.72999954,400.0,0.0,0.0,0.05999947,0.0062047,0.00057604,,70241,52998,345,386,296,0
HYAC,2021-07-26,9.716,0.20769231,0.00020589,-0.0186,-0.0268,0.0082,-1,-1,1,74.4257,0,-0.06607731,0.6205,1,-7.04186952,59.612,0,0.0,35.5556,26.6667,0.355556,-0.27272653,0.266667,-0.42857112,30.8921,-0.0481911,85.7143,7.1429,0.857143,0.071429,1,9.6691,9.714,9.7589,0.0898,0.0,53752.2538,0.0,9.72999954,9.72999954,9.72999954,9.72999954,0.0,0.0,0.0,0.0,0.0,0.0,,58106,61741,36,387,346,0
HYAC,2021-07-27,9.718,0.21282051,0.00020585,-0.016,-0.0247,0.0086,-1,-1,1,73.6354,0,-0.01061864,-0.2665,-1,-1.42949234,59.612,0,0.0,37.7778,40.0,0.377778,0.0624993,0.4,0.49999813,29.4844,-0.04556828,78.5714,0.0,0.785714,0.0,1,9.6694,9.716,9.7626,0.0932,0.0,53752.2538,0.0,,,,,,,,,,,,87640,66643,142,515,374,0
HYAC,2021-07-28,9.712,0.1974359,-0.00061741,-0.0194,-0.0236,0.0042,-1,-1,1,-90.8676,0,-2.23402059,-0.984,-1,2.69230769,28.0866,1,-0.52884319,31.1111,26.6667,0.311111,-0.17647137,0.266667,-0.3333325,28.4332,-0.03565275,71.4286,100.0,0.714286,1.0,-1,9.64,9.704,9.768,0.128,0.0,53386.2538,-0.00680902,9.71000004,9.71000004,9.65999985,9.65999985,400.0,0.0,0.0,-0.06999969,-0.00719421,0.00057604,,96189,71003,120,462,382,0
HYAC,2021-07-29,9.706,0.18205128,-0.00061779,-0.0219,-0.0233,0.0014,-1,-1,1,-136.0759,1,0.49751837,-0.155,-1,-0.84247967,28.0866,1,0.0,26.6667,13.3333,0.266667,-0.14285577,0.133333,-0.50000187,27.4872,-0.03327096,64.2857,100.0,0.642857,1.0,-1,9.6334,9.702,9.7706,0.1372,0.0,53386.2538,0.0,9.65999985,9.65999985,9.65999985,9.65999985,0.0,0.0,0.0,0.0,0.0,0.0,,100685,75200,229,488,404,0
HYAC,2021-07-30,9.7,0.16666667,-0.00061817,-0.0235,-0.0233,-0.0002,-1,-1,-1,-128.2246,1,-0.05769795,-0.155,-1,-0.0,28.0866,1,0.0,13.3333,-0.0,0.133333,-0.50000187,0.0,-1.0,26.6358,-0.03097442,57.1429,100.0,0.571429,1.0,-1,9.6194,9.688,9.7566,0.1372,0.0,53386.2538,0.0,,,,,,,,,,,,108067,80603,334,523,424,130
HYAC,2021-08-02,9.694,0.15128205,-0.00061856,-0.0246,-0.0236,-0.001,-1,-1,-1,-120.9913,1,-0.05641117,-0.155,-1,-0.0,28.0866,1,0.0,4.4444,-0.0,0.044444,-0.66666917,0.0,,25.8695,-0.02876955,50.0,100.0,0.5,1.0,-1,9.618,9.674,9.73,0.112,0.0,53386.2538,0.0,,,,,,,,,,,,81575,91726,25,568,485,0
HYAC,2021-08-03,9.688,0.13589744,-0.00061894,-0.0251,-0.0239,-0.0012,-1,-1,-1,-112.1884,1,-0.07275647,-0.2066,-1,0.33290323,28.0866,1,0.0,-0.0,-0.0,0.0,-1.0,0.0,,25.1798,-0.02666074,42.8571,100.0,0.428571,1.0,-1,9.66,9.66,9.66,0.0,0.0,53386.2538,0.0,,,,,,,,,,,,117503,95992,322,724,515,0
HYAC,2021-08-04,9.688,0.13589744,0.0,-0.0205,-0.0232,0.0027,-1,-1,1,-32.7553,0,-0.70803309,0.2062,1,-1.99806389,69.8267,0,1.4861215,11.1111,33.3333,0.111111,-1,0.333333,-1,24.4268,-0.02990492,35.7143,100.0,0.357143,1.0,-1,9.624,9.672,9.72,0.096,-1.0,552538.2538,9.34982256,9.65999985,9.72000027,9.63000011,9.72000027,499200.0,0.0,0.0,0.06000042,0.00621122,0.71889401,,130670,100918,333,735,554,0
HYAC,2021-08-05,9.692,0.14615385,0.00041288,-0.0174,-0.022,0.0047,-1,-1,1,58.4795,0,-2.78534466,0.1031,1,-0.5,62.294,0,-0.10787707,29.6296,55.5556,0.296296,1.66666667,0.555556,0.66666967,24.9517,0.02148869,28.5714,92.8571,0.285714,0.928571,-1,9.6277,9.682,9.7363,0.1086,-1.0,551730.2538,-0.00146234,9.75,9.75,9.71000004,9.71000004,800.0,0.0,0.0,-0.01000023,-0.00102883,0.00115207,,131953,105385,234,741,590,0
HYAC,2021-08-06,9.6831,0.12333333,-0.00091828,-0.0203,-0.0217,0.0014,-1,-1,1,-127.822,1,-3.1857574,-0.2019,-1,-2.95829292,32.1571,0,-0.48378496,51.1481,64.5556,0.511481,0.7262501,0.645556,0.16199987,24.3262,-0.02506843,21.4286,100.0,0.214286,1.0,-1,9.6159,9.6781,9.7403,0.1244,1.0,452277.6538,-0.18025584,9.64999962,9.72000027,9.60000038,9.64099979,306000.0,0.0,0.0,-0.06900024,-0.0071061,0.4406682,,126699,108046,7773,822,632,0
HYAC,2021-08-09,9.6801,0.11564103,-0.00030982,-0.0176,-0.0209,0.0033,-1,-1,1,-51.3232,0,-0.59847914,-0.103,-1,-0.48984646,55.2995,0,0.71966689,57.8519,53.4444,0.578519,0.13106645,0.534444,-0.1721183,23.7633,-0.02313966,14.2857,92.8571,0.142857,0.928571,-1,9.6249,9.6861,9.7473,0.1224,0.0,453629.6538,0.00298931,9.64000034,9.69999981,9.64000034,9.69999981,1400.0,0.0,0.0,0.05900002,0.0061197,0.00201613,,96278,117096,82,805,728,1
HYAC,2021-08-10,9.6806,0.11692308,5.165e-05,-0.0125,-0.0192,0.0067,-1,-1,1,92.5494,0,-2.80326636,0.2575,1,-3.5,64.263,0,0.16209007,57.6355,54.9064,0.576355,-0.00374059,0.549064,0.02735553,22.7657,-0.0419807,7.1429,85.7143,0.071429,0.857143,-1,9.6362,9.7011,9.766,0.1298,-1.0,452699.5256,-0.00205041,9.78999996,9.78999996,9.69299984,9.73499966,7300.0,0.0,0.0,0.03499985,0.00360823,0.01051267,,143196,120766,183,1006,768,0
HYAC,2021-08-11,9.6866,0.13230769,0.0006198,-0.0096,-0.0173,0.0077,-1,-1,1,50.1644,0,-0.45797163,0.0,0,-1.0,58.0293,0,-0.09700294,58.4366,66.9591,0.584366,0.01389942,0.669591,0.21951357,21.8679,-0.03943652,0.0,78.5714,0.0,0.785714,-1,9.6362,9.7011,9.766,0.1298,0.0,449299.5256,-0.0075105,9.72599983,9.72599983,9.72000027,9.72000027,3400.0,0.0,0.0,-0.01499939,-0.00154077,0.00489631,,154595,124184,270,1007,807,12
HYAC,2021-08-12,9.6926,0.14769231,0.00061941,-0.0072,-0.0153,0.0081,-1,-1,1,45.1063,0,-0.10083047,0.0,0,,58.0293,0,0.0,62.5517,65.7895,0.625517,0.07041991,0.657895,-0.01746738,21.0598,-0.03695371,85.7143,71.4286,0.857143,0.714286,1,9.6367,9.7031,9.7695,0.1328,0.0,449299.5256,0.0,9.72000027,9.72000027,9.72000027,9.72000027,214700.0,0.0,0.0,0.0,0.0,0.30918779,,157306,127806,266,1010,845,0
HYAC,2021-08-13,9.6996,0.16564103,0.0007222,-0.0044,-0.0131,0.0087,-1,-1,1,45.1063,0,0.0,0.1029,1,0,61.881,0,0.06637509,64.9513,62.1053,0.649513,0.03836187,0.621053,-0.05599982,19.4564,-0.07613558,78.5714,64.2857,0.785714,0.642857,1,9.697,9.721,9.745,0.048,0.0,452743.5256,0.00766527,9.72000027,9.72999954,9.69999981,9.72999954,3400.0,0.0,0.0,0.00999928,0.00102873,0.00489631,,149852,131113,97,1156,893,14
HYAC,2021-08-16,9.7066,0.18358974,0.00072168,-0.0022,-0.0109,0.0087,-1,-1,1,18.7615,0,-0.58406032,0.1029,1,0.0,61.881,0,0.0,62.0678,58.3088,0.620678,-0.0443948,0.583088,-0.06113005,18.3555,-0.05658292,71.4286,57.1429,0.714286,0.571429,1,9.715,9.727,9.739,0.024,1.0,456897.5256,0.00917517,9.71500015,9.72999954,9.66600037,9.72999954,4200.0,0.0,0.0,0.0,0.0,0.00604839,,112103,137726,130,908,965,8
HYAC,2021-08-17,9.7136,0.20153846,0.00072116,-0.0004,-0.0088,0.0084,-1,-1,1,69.9108,0,2.72629054,0.1029,1,0.0,61.881,0,0.0,63.6679,70.5895,0.636679,0.02577987,0.705895,0.21061486,17.3646,-0.05398382,64.2857,50.0,0.642857,0.5,1,9.7162,9.726,9.7358,0.0196,0.0,456897.5256,0.0,,,,,,,,,,,,159992,140125,250,1253,1001,0
HYAC,2021-08-18,9.7146,0.20410256,0.00010295,0.001,-0.0069,0.0078,1,-1,1,66.9617,0,-0.04218375,0.1029,1,0.0,61.881,0,0.0,70.9404,83.9228,0.709404,0.11422554,0.839228,0.18888503,16.4729,-0.0513516,57.1429,42.8571,0.571429,0.428571,1,9.72,9.728,9.736,0.016,0.0,456897.5256,0.0,,,,,,,,,,,,177518,143400,1040,1489,1069,15
HYAC,2021-08-19,9.7136,0.20153846,-0.00010294,-0.0004,-0.0056,0.0052,-1,-1,1,-2.8692,0,-1.04284837,0.3102,1,2.01457726,37.0066,0,-0.40197153,79.6615,84.472,0.796615,0.12293559,0.84472,0.00654411,17.8203,0.08179495,50.0,35.7143,0.5,0.357143,1,9.7,9.724,9.748,0.048,1.0,456897.5256,0.0,9.67000008,9.72999954,9.67000008,9.69999981,1900.0,0.0,0.0,-0.02999973,-0.00308322,0.00273618,,168788,145040,204,1329,1115,29
HYAC,2021-08-20,9.7175,0.21153846,0.0004015,-0.003,-0.005,0.0021,-1,-1,1,32.9862,0,-12.49665412,-0.5139,-1,-2.65667311,27.7208,1,-0.25092281,75.9556,59.472,0.759556,-0.04652059,0.59472,-0.29595606,16.9821,-0.04703625,100.0,28.5714,1.0,0.285714,1,9.6728,9.714,9.7552,0.0824,1.0,449937.0256,-0.01523427,9.82999992,9.82999992,9.63000011,9.68000031,13800.0,0.0,0.0,-0.0199995,-0.0020618,0.01987327,,167498,147561,1934,1499,1164,14
HYAC,2021-08-23,9.7085,0.18846154,-0.00092616,-0.0106,-0.0062,-0.0044,-1,-1,-1,-176.182,1,-6.34108203,-1.2333,-1,1.39988325,13.2143,1,-0.52330741,56.6943,26.1387,0.566943,-0.25358631,0.261387,-0.56048729,15.537,-0.08509548,92.8571,21.4286,0.928571,0.214286,1,9.6015,9.69,9.7785,0.177,0.0,364479.0256,-0.18993325,9.61999989,9.63000011,9.60999966,9.60999966,85500.0,0.0,0.0,-0.07000065,-0.00723147,0.12312788,,120298,151113,69,1233,1270,77
HYAC,2021-08-24,9.698,0.16153846,-0.00108153,-0.0148,-0.0079,-0.0069,-1,-1,-1,-140.2081,1,-0.20418601,-1.0277,-1,-0.16670721,26.8801,1,1.03416753,32.3248,11.3636,0.323248,-0.42984039,0.113636,-0.56525764,14.2365,-0.08370342,85.7143,14.2857,0.857143,0.142857,1,9.5815,9.67,9.7585,0.177,0.0,436398.0256,0.19732,9.60999966,9.63000011,9.60999966,9.63000011,71900.0,0.0,0.0,0.02000046,0.00208121,0.10354263,,175142,153277,367,1669,1330,4
HYAC,2021-08-25,9.688,0.13589744,-0.00103114,-0.0188,-0.0101,-0.0087,-1,-1,-1,-123.0414,1,-0.12243729,-0.4141,-1,-0.5970614,24.4717,1,-0.08959788,14.0159,4.5455,0.140159,-0.56640412,0.045455,-0.59999472,13.066,-0.08221824,78.5714,7.1429,0.785714,0.071429,1,9.5771,9.648,9.7189,0.1418,0.0,435176.0256,-0.0028002,9.63000011,9.63000011,9.61999989,9.61999989,1200.0,0.0,0.0,-0.01000023,-0.00103845,0.00172811,,190938,155194,257,1660,1354,17
HYAC,2021-08-26,9.678,0.11025641,-0.0010322,-0.0217,-0.0124,-0.0093,-1,-1,-1,-106.5723,1,-0.13385007,-0.4141,-1,-0.0,24.4717,1,0.0,7.3232,6.0606,0.073232,-0.47750769,0.060606,0.33331867,12.49,-0.04408388,71.4286,0.0,0.714286,0.0,1,9.5824,9.632,9.6816,0.0992,0.0,433907.0256,-0.00291606,9.61999989,9.6420002,9.61999989,9.61999989,1300.0,0.0,0.0,0.0,0.0,0.00187212,,187625,157885,253,1706,1408,31
HYAC,2021-08-27,9.667,0.08205128,-0.0011366,-0.0237,-0.0146,-0.009,-1,-1,-1,-109.6751,1,0.02911451,-0.4141,-1,-0.0,24.4717,1,0.0,8.0286,13.4796,0.080286,0.09632401,0.134796,1.22413622,11.9716,-0.0415052,64.2857,78.5714,0.642857,0.785714,-1,9.6074,9.62,9.6326,0.0252,0.0,433907.0256,0.0,9.61999989,9.61999989,9.61999989,9.61999989,0.0,0.0,0.0,0.0,0.0,0.0,,183624,160189,201,1795,1450,42
HYAC,2021-08-30,9.659,0.06153846,-0.00082756,-0.0226,-0.0162,-0.0064,-1,-1,-1,-34.7273,0,-0.68336204,-0.1035,-1,-0.75006037,50.4729,0,1.06250077,16.0571,28.6311,0.160571,0.99998754,0.286311,1.12403187,13.9371,0.16418023,57.1429,71.4286,0.571429,0.714286,-1,9.6047,9.628,9.6513,0.0466,-1.0,424228.0256,-0.02230662,9.67099953,9.68999958,9.64999962,9.64999962,9700.0,0.0,0.0,0.02999973,0.00311848,0.01396889,,126378,160720,83,1364,1545,35
HYAC,2021-08-31,9.652,0.04358974,-0.00072471,-0.0207,-0.0171,-0.0036,-1,-1,-1,-40.5555,0,0.16782762,0.0,0,-1.0,56.6859,0,0.12309576,29.4248,46.1636,0.294248,0.83251023,0.461636,0.61235859,15.706,0.12692023,50.0,64.2857,0.5,0.642857,-1,9.5991,9.634,9.6689,0.0698,0.0,424228.0256,0.0,9.65999985,9.65999985,9.65999985,9.65999985,500.0,0.0,0.0,0.01000023,0.00103629,0.00072005,,180933,161547,504,1747,1556,50
HYAC,2021-09-01,9.645,0.02564103,-0.00072524,-0.019,-0.0175,-0.0015,-1,-1,-1,-37.1347,0,-0.08434861,-0.6173,-1,-1,56.6859,0,0.0,43.1856,54.7619,0.431856,0.46765993,0.547619,0.18625714,17.2981,0.1013689,42.8571,57.1429,0.428571,0.571429,-1,9.6053,9.642,9.6787,0.0734,0.0,424228.0256,0.0,,,,,,,,,,,,192228,161731,323,1904,1591,36
HYAC,2021-09-02,9.638,0.00769231,-0.00072576,-0.0198,-0.0179,-0.0018,-1,-1,-1,-48.8107,0,0.3144229,-0.8239,-1,0.3346833,35.6957,0,-0.37028961,47.9276,42.8571,0.479276,0.10980512,0.428571,-0.21739202,18.7309,0.08282991,35.7143,50.0,0.357143,0.5,-1,9.6115,9.644,9.6765,0.065,-1.0,382440.0256,-0.09850363,9.65999985,9.68999958,9.63000011,9.63000011,41800.0,0.0,0.0,-0.02999973,-0.00310556,0.06019585,,182964,161066,401,1921,1622,16
HYAC,2021-09-03,9.635,0.0,-0.00031127,-0.0186,-0.0181,-0.0005,-1,-1,-1,-26.7913,0,-0.4511183,0.0985,1,-1.11955334,50.8593,0,0.42480187,44.1799,34.9206,0.441799,-0.07819503,0.349206,-0.18518519,20.0205,0.0688488,28.5714,42.8571,0.285714,0.428571,-1,9.6281,9.65,9.6719,0.0438,-1.0,378575.0256,-0.01010616,9.68999958,9.68999958,9.64999962,9.64999962,3900.0,0.0,0.0,0.0199995,0.00207679,0.00561636,,184235,161153,388,1897,1637,28
HYAC,2021-09-07,9.642,0.01794872,0.00072652,-0.0151,-0.0175,0.0024,-1,-1,1,2.6109,0,-1.09745328,-0.2062,-1,-3.09340102,65.9252,0,0.29622704,40.4762,43.6508,0.404762,-0.08383224,0.436508,0.25000143,21.1811,0.05797058,21.4286,35.7143,0.214286,0.357143,-1,9.6235,9.656,9.6885,0.065,0.0,378575.0256,0.0,9.68000031,9.68000031,9.68000031,9.68000031,500.0,0.0,0.0,0.03000069,0.00310888,0.00072005,,109217,146202,90,1620,1601,87
HYAC,2021-09-08,9.647,0.03076923,0.00051856,-0.0121,-0.0164,0.0043,-1,-1,1,8.4948,0,2.25359072,-0.565,-1,1.7400582,65.9252,0,0.0,48.4127,66.6667,0.484127,0.19607819,0.666667,0.52727327,22.2256,0.04931283,14.2857,28.5714,0.142857,0.285714,-1,9.6221,9.66,9.6979,0.0758,0.0,378575.0256,0.0,9.68000031,9.68000031,9.68000031,9.68000031,0.0,0.0,0.0,0.0,0.0,0.0,,181432,144660,1347,2032,1619,58
HYAC,2021-09-09,9.653,0.04615385,0.00062196,-0.0097,-0.0151,0.0054,-1,-1,1,13.3252,0,0.56863022,-0.4115,-1,-0.27168142,65.9252,0,0.0,64.5503,83.3333,0.645503,0.33333402,0.833333,0.24999888,23.1657,0.04229807,7.1429,21.4286,0.071429,0.214286,-1,9.6228,9.664,9.7052,0.0824,0.0,378575.0256,0.0,9.68000031,9.68000031,9.68000031,9.68000031,300.0,0.0,0.0,0.0,0.0,0.00043203,,191382,145862,404,2071,1641,6
HYAC,2021-09-10,9.654,0.04871795,0.00010359,-0.0117,-0.0144,0.0027,-1,-1,1,-62.2577,0,-5.67217753,-0.9259,-1,1.25006075,32.9955,0,-0.49950095,68.5185,55.5556,0.685185,0.06147454,0.555556,-0.33333253,21.6789,-0.0641811,0.0,14.2857,0.0,0.142857,-1,9.6228,9.664,9.7052,0.0824,0.0,375131.0256,-0.00909727,9.65999985,9.65999985,9.63000011,9.63000011,3400.0,0.0,0.0,-0.05000019,-0.00516531,0.00489631,,171658,144066,349,2181,1681,49
HYAC,2021-09-13,9.66,0.06410256,0.0006215,-0.0091,-0.0133,0.0042,-1,-1,1,-0.2743,0,-0.99559412,-0.5139,-1,-0.44497246,58.7506,0,0.78056402,66.6667,61.1111,0.666667,-0.02702628,0.611111,0.09999892,19.9903,-0.07789141,64.2857,7.1429,0.642857,0.071429,1,9.63,9.67,9.71,0.08,0.0,377049.0256,0.00511288,9.64000034,9.68000031,9.64000034,9.68000031,1900.0,0.0,0.0,0.05000019,0.00519213,0.00273618,,112799,144379,164,1362,1730,53
HYAC,2021-09-14,9.665,0.07692308,0.0005176,-0.0054,-0.0117,0.0064,-1,-1,1,79.3132,0,-290.14764856,-0.3083,-1,-0.40007784,65.4003,0,0.11318523,59.7222,62.5,0.597222,-0.10416745,0.625,0.02272746,20.041,0.00253623,100.0,0.0,1.0,0.0,1,9.6274,9.674,9.7206,0.0932,0.0,377049.0256,0.0,9.68999958,9.71000004,9.68999958,9.69999981,12800.0,0.0,0.0,0.0199995,0.00206606,0.01843318,,160413,151692,660,2284,1825,5
HYAC,2021-09-15,9.67,0.08974359,0.00051733,-0.0016,-0.0097,0.0081,-1,-1,1,57.8637,0,-0.27044048,-0.2055,-1,-0.33344145,68.5673,0,0.04842485,73.1481,95.8333,0.731481,0.22480585,0.958333,0.5333328,18.8066,-0.06159373,100.0,14.2857,1.0,0.142857,1,9.6249,9.68,9.7351,0.1102,0.0,378049.0256,0.00265218,9.67000008,9.71000004,9.64000034,9.71000004,1000.0,0.0,0.0,0.01000023,0.00103095,0.00144009,,163354,149110,916,2106,1836,108
HYAC,2021-09-16,9.675,0.1025641,0.00051706,0.0014,-0.0075,0.0089,1,-1,1,125.7148,-1,1.17260217,-0.2055,-1,-0.0,68.5673,0,0.0,84.7222,95.8333,0.847222,0.15822831,0.958333,0.0,17.6956,-0.05907501,100.0,7.1429,1.0,0.071429,1,9.6259,9.686,9.7461,0.1202,0.0,378049.0256,0.0,,,,,,,,,,,,161339,144818,540,1947,1818,25
HYAC,2021-09-17,9.683,0.12307692,0.00082687,0.0037,-0.0053,0.0089,1,-1,1,121.8119,-1,-0.03104567,0.1031,1,-1.50170316,68.5673,0,0.0,97.2222,100.0,0.972222,0.14754102,1.0,0.04347862,16.6957,-0.05650557,100.0,0.0,1.0,0.0,1,9.6787,9.702,9.7253,0.0466,0.0,378049.0256,0.0,,,,,,,,,,,,152136,142029,531,2100,1806,37
HYAC,2021-09-20,9.689,0.13846154,0.00061964,0.0055,-0.0031,0.0086,1,-1,1,123.1411,-1,0.01091191,0.3099,1,2.00581959,68.5673,0,0.0,98.6111,100.0,0.986111,0.01428583,1.0,0.0,15.7958,-0.05390011,100.0,57.1429,1.0,0.571429,1,9.7,9.708,9.716,0.016,0.0,378049.0256,0.0,,,,,,,,,,,,91068,133644,33,1330,1780,52
HYAC,2021-09-21,9.692,0.14615385,0.00030963,0.0068,-0.0011,0.0079,1,-1,1,110.1923,-1,-0.10515417,1.0406,1,2.35785737,68.5673,0,0.0,100.0,100.0,1.0,0.01408462,1.0,0.0,14.9859,-0.05127312,100.0,50.0,1.0,0.5,1,9.71,9.71,9.71,0.0,0.0,378049.0256,0.0,,,,,,,,,,,,131330,129490,624,2209,1769,9
HYAC,2021-09-22,9.695,0.15384615,0.00030953,0.0078,0.0006,0.0071,1,1,1,99.3702,0,-0.09821104,0.8307,1,-0.20171055,68.5673,0,0.0,88.8889,66.6667,0.888889,-0.111111,0.666667,-0.333333,14.2569,-0.04864573,100.0,42.8571,1.0,0.428571,1,9.71,9.71,9.71,0.0,0.0,378049.0256,0.0,,,,,,,,,,,,127843,124417,445,2015,1756,70
HYAC,2021-09-23,9.697,0.15897436,0.00020629,0.0076,0.002,0.0056,1,1,1,58.1156,0,-0.41516068,0.8316,1,0.00108342,50.8219,0,-0.25880267,72.1943,49.9162,0.721943,-0.18781423,0.499162,-0.25125737,14.9772,0.0505229,92.8571,35.7143,0.928571,0.357143,1,9.7,9.708,9.716,0.016,1.0,413635.0256,0.09413065,9.68999958,9.69999981,9.68999958,9.69999981,35600.0,0.0,0.0,-0.01000023,-0.00102989,0.05126728,,130277,119979,1466,1942,1756,24
HYAC,2021-09-24,9.704,0.17692308,0.00072187,0.0074,0.0031,0.0043,1,1,1,62.4239,0,0.07413328,0.8316,1,0.0,50.8219,0,0.0,49.9162,33.1658,0.499162,-0.3085853,0.331658,-0.33557042,15.6254,0.04327912,85.7143,28.5714,0.857143,0.285714,1,9.6962,9.706,9.7158,0.0196,0.0,413635.0256,0.0,9.69999981,9.69999981,9.69999981,9.69999981,0.0,0.0,0.0,0.0,0.0,0.0,,129917,116805,781,2196,1769,61
HYAC,2021-09-27,9.71,0.19230769,0.0006183,0.0104,0.0046,0.0058,1,1,1,132.7629,-1,1.12679599,1.2474,1,0.5,81.2119,-1,0.59797056,49.8604,66.4992,0.498604,-0.00111787,0.664992,1.0050534,15.1972,-0.0274041,100.0,21.4286,1.0,0.214286,1,9.6826,9.712,9.7414,0.0588,0.0,417637.0256,0.0096752,9.72900009,9.73999977,9.69999981,9.73999977,4000.0,0.0,0.0,0.03999996,0.00412371,0.00576037,,88739,112840,613,1302,1729,447
HYAC,2021-09-28,9.714,0.2025641,0.00041195,0.0126,0.0062,0.0064,1,1,1,152.1969,-1,0.14638126,0.9326,1,-0.25236492,81.2119,-1,0.0,60.9715,83.2496,0.609715,0.22284418,0.832496,0.25188874,14.8118,-0.02535993,100.0,14.2857,1.0,0.142857,1,9.6813,9.718,9.7547,0.0734,0.0,417637.0256,0.0,9.73999977,9.73999977,9.73999977,9.73999977,0.0,0.0,0.0,0.0,0.0,0.0,,115090,110520,1069,1986,1697,22
HYAC,2021-09-29,9.717,0.21025641,0.00030883,0.0142,0.0078,0.0064,1,1,1,135.997,-1,-0.10644041,0.8282,1,-0.1119451,81.2119,-1,0.0,83.2496,100.0,0.832496,0.36538547,1.0,0.20120697,14.465,-0.02341376,100.0,7.1429,1.0,0.071429,1,9.6848,9.724,9.7632,0.0784,0.0,417637.0256,0.0,,,,,,,,,,,,116226,108860,1354,2041,1701,50
HYAC,2021-09-30,9.7195,0.21666667,0.00025728,0.0148,0.0092,0.0057,1,1,1,112.1165,-1,-0.17559579,0.7764,1,-0.06254528,70.5658,-1,-0.13109039,93.0276,95.8333,0.930276,0.11745402,0.958333,-0.041667,13.2091,-0.08682337,100.0,0.0,1.0,0.0,1,9.6998,9.731,9.7622,0.0624,0.0,417637.0256,0.0,9.72999954,9.73999977,9.72999954,9.73499966,2000.0,0.0,0.0,-0.00500011,-0.00051336,0.00288018,,119357,107300,1427,1713,1668,34
HYAC,2021-10-01,9.7145,0.20384615,-0.00051443,0.0092,0.0092,0.0,1,1,0,-38.3064,0,-1.34166603,0.3115,1,-0.59878928,20.4068,1,-0.71081175,86.1111,62.5,0.861111,-0.0743489,0.625,-0.34782586,15.7467,0.19210998,100.0,14.2857,1.0,0.142857,1,9.6599,9.723,9.7861,0.1262,0.0,416801.0256,-0.00200174,9.68000031,9.73999977,9.65999985,9.65999985,800.0,0.0,0.0,-0.07499981,-0.00770414,0.00115207,0.0,117031,105459,1428,1965,1635,42
