Ticker,Date,SMA_10,SMA_10_min_max,SMA_10_fluc_pctg,MACD,MACD_Signal,MACD_Hist,MACD_polarize,MACD_Signal_polarize,MACD_Hist_polarize,CCI_20,CCI_20_polarize,ROC_10,ROC_10_polarize,ROC_10_fluc_pctg,RSI_5,RSI_5_polarize,RSI_5_fluc_pctg,STOCH_SlowD,STOCH_SlowK,STOCH_SlowD_min_max,STOCH_SlowD_fluc_pctg,STOCH_SlowK_min_max,STOCH_SlowK_fluc_pctg,ADX,ADX_fluc_pctg,AROON_Up,AROON_Down,AROON_Up_min_max,AROON_Down_min_max,AROON_polarize,BBANDS_Lower_Band,BBANDS_Middle_Band,BBANDS_Upper_Band,BBANDS_width,Chaikin_AD,Chaikin_AD_fluc_pctg
ULCC,2021-05-19,20.066,0.8839760638297872,-0.005796957835802452,-0.0703,0.1798,-0.2501,-1,1,-1,-173.824,1,-2.2131,-1,-2.0968973037272005,21.4798,1,-0.36603535241738167,42.4904,31.6183,0.41687186479308913,-0.025961135091889815,0.28784574505344657,-0.35292335965847577,22.2797,0.14739129763051229,0.0,100.0,0.0,1.0,-1,18.9002,19.754,20.6078,1.7075999999999993,5682184.0661,-0.06745939490489355
ULCC,2021-05-20,19.938,0.8626994680851063,-0.006378949466759699,-0.169,0.11,-0.2791,-1,1,-1,-183.9279,1,-8.5324,-1,2.8554064434503643,18.6373,1,-0.1323336343913817,32.243,16.2473,0.28653628954303567,-0.24116977011277838,0.10839454746683228,-0.48614251873124115,25.312,0.1361014735386923,0.0,100.0,0.0,1.0,-1,18.3911,19.562,20.7329,2.341799999999999,5474993.3484,-0.036463218243158284
ULCC,2021-05-21,19.771,0.8349401595744683,-0.008375965493028291,-0.2293,0.0422,-0.2715,-1,1,-1,-146.7519,1,-10.4865,-1,0.2290211429375086,28.0583,1,0.5054916752963143,19.7247,11.3084,0.12731738214674546,-0.38824861210185163,0.0507345696019875,-0.30398281560628526,28.0411,0.10781842604298351,0.0,92.8571,0.0,0.928571,-1,18.2656,19.312,20.3584,2.0928000000000004,5286307.2715,-0.034463252262240826
ULCC,2021-05-24,19.639,0.812998670212766,-0.006676445298669842,-0.2357,-0.0134,-0.2223,-1,-1,-1,-105.0568,1,-7.5642,-1,-0.27867257903018167,47.3208,0,0.6865170020992006,17.7743,25.7672,0.10251045492933383,-0.09888109831835204,0.21953614241217148,1.2785893671960664,28.8376,0.0284047344790325,28.5714,85.7143,0.285714,0.857143,-1,18.4703,19.172,19.8737,1.4033999999999978,5497401.1561,0.039932201016401034
ULCC,2021-05-25,19.515,0.7923869680851066,-0.006313967106268078,-0.2396,-0.0586,-0.1809,-1,-1,-1,-59.4829,0,-7.5274,-1,-0.004865022077681645,46.6699,0,-0.013755050633125392,25.6116,39.7593,0.20219222824815067,0.44093438278863295,0.3828891514390186,0.5430198081281631,27.9801,-0.029735484228923286,21.4286,78.5714,0.214286,0.785714,-1,18.5789,19.11,19.6411,1.0622000000000007,5106688.9701,-0.07107216208270711
ULCC,2021-05-26,19.47,0.784906914893617,-0.002305918524212232,-0.2423,-0.0954,-0.1469,-1,-1,-1,-77.4234,0,-8.0209,-1,0.0655604856922708,45.4967,0,-0.02513825827781935,38.277,49.3043,0.3632820846772963,0.49451810898186765,0.4943237803482784,0.2400696189319227,27.5118,-0.016736895150481924,14.2857,71.4286,0.142857,0.714286,-1,18.6314,19.186,19.7406,1.1092000000000013,5002295.3155,-0.02044253237493643
ULCC,2021-05-27,19.546,0.7975398936170213,0.0039034411915768114,-0.1539,-0.1071,-0.0468,-1,-1,-1,44.0006,0,-3.6689,-1,-0.5425825032103629,74.6759,-1,0.64134761422257,50.2296,61.625,0.5153059147935979,0.3122658515557645,0.6381637627895899,0.2498909831394017,25.6443,-0.06787996423352888,7.1429,64.2857,0.071429,0.642857,-1,18.5158,19.53,20.5442,2.0284000000000013,5468937.76,0.09328566489348848
ULCC,2021-05-28,19.658,0.8161569148936173,0.0057300726491354695,-0.0159,-0.0888,0.073,-1,-1,1,179.5972,-1,1.3308,1,-1.362724522336395,83.2405,-1,0.11469028160356955,61.5963,73.8596,0.6598777460088117,0.22629485403029292,0.7809985570120342,0.19853306288032455,25.8814,0.00924571932164255,100.0,57.1429,1.0,0.571429,1,18.447,20.004,21.561,3.1140000000000008,5972820.018,0.09213530672910793
ULCC,2021-06-01,19.836,0.8457446808510637,0.009054837725099057,0.1395,-0.0432,0.1827,1,-1,1,260.5351,-1,7.9842,1,4.999549143372408,87.0776,-1,0.04609655155843618,73.4772,84.947,0.8109896315591326,0.19288333877197164,0.9104401813775165,0.15011454164387572,27.3234,0.05571568771395675,100.0,50.0,1.0,0.5,1,18.4794,20.5,22.5206,4.0412000000000035,5604030.9098,-0.0617445540111034
ULCC,2021-06-02,20.03,0.877992021276596,0.009780197620488134,0.2397,0.0134,0.2263,1,1,1,198.8755,-1,7.6541,1,-0.041344154705543534,77.6601,-1,-0.10815066101959636,79.5417,79.8186,0.8881233529034688,0.08253580702585306,0.8505678554583705,-0.06037176121581691,28.8882,0.057269593096027645,100.0,42.8571,1.0,0.42857100000000004,1,19.1064,20.95,22.7936,3.6872000000000007,5107140.5764,-0.08866659399238275
ULCC,2021-06-03,20.165,0.9004321808510638,0.006739890164752771,0.211,0.0529,0.1581,1,1,1,59.6944,0,0.8924,1,-0.883408891966397,45.4581,0,-0.4146530844024151,74.7507,59.4865,0.8271871406912972,-0.060232557262417205,0.6131975025567505,-0.25472884766207377,26.7853,-0.07279442817482576,92.8571,35.7143,0.928571,0.357143,1,19.8933,21.144,22.3947,2.5014000000000003,4553446.6673,-0.10841563900915689
ULCC,2021-06-04,20.275,0.9187167553191488,0.005454996280684326,0.147,0.0717,0.0752,1,1,1,-2.1282,0,-0.8982,-1,-2.0064993276557597,38.0762,0,-0.16238910117228836,57.1904,32.266,0.603839579157297,-0.23491820143490294,0.2954074222817889,-0.4575912181755525,24.1209,-0.09947247184089783,85.7143,28.5714,0.857143,0.285714,1,19.4487,21.02,22.5913,3.1426000000000016,3977070.134,-0.12658027542941808
ULCC,2021-06-07,20.379,0.9360039893617025,0.00512946979038238,0.1055,0.0785,0.027,1,1,1,17.1826,0,-3.0553,-1,2.4015809396570917,41.2406,0,0.08310703273961163,34.0948,10.5318,0.3100891339960724,-0.40383700760966873,0.04166802871032367,-0.6735944957540445,22.4215,-0.07045342420888098,78.5714,21.4286,0.785714,0.214286,1,19.0328,20.754,22.4752,3.4423999999999992,3268908.784,-0.1780610665992344
ULCC,2021-06-08,20.436,0.9454787234042554,0.0027969969085822957,0.0727,0.0773,-0.0047,1,1,-1,-19.8951,0,-3.6145,-1,0.18302621673812725,41.5279,0,0.006966435987837274,16.5869,6.9627,0.08740804240987392,-0.5135064584628741,0.0,-0.3388879393835812,20.3406,-0.09280824208906643,71.4286,14.2857,0.714286,0.142857,1,19.0436,20.372,21.7004,2.656799999999997,3411155.0216,0.043514899619175214
ULCC,2021-06-09,20.464,0.9501329787234042,0.0013701311411234436,0.0213,0.0661,-0.0448,1,1,-1,-45.0356,0,-4.6489,-1,0.2861806612256191,34.9129,0,-0.1592905010848129,9.7146,11.6493,0.0,-0.41432094001893055,0.054714461167746184,0.6731009522168125,18.7703,-0.07720027924446672,64.2857,7.1429,0.642857,0.071429,1,19.5436,19.978,20.4124,0.8688000000000002,3435555.1463,0.007153038940034798
ULCC,2021-06-10,20.452,0.9481382978723408,-0.0005863956215792076,-0.0534,0.0422,-0.0956,-1,1,-1,-62.7794,0,-2.8744,-1,-0.3817031986061219,27.3571,1,-0.2164185730775731,10.114,11.73,0.005079925518167666,0.041113375743725936,0.05565660622306073,0.006927454868532892,17.8009,-0.051645418560172206,57.1429,0.0,0.571429,0.0,1,19.212,19.76,20.308,1.096,2948128.7006,-0.14187705478252768
ULCC,2021-06-11,20.254,0.9152260638297876,-0.009681204772149442,-0.172,-0.0006,-0.1714,-1,-1,-1,-119.0482,1,-6.1866,-1,1.1523100473142223,18.5079,1,-0.3234699584385772,10.5347,8.2249,0.010430763438781429,0.04159580779118054,0.014735755747435075,-0.2988150042625746,18.4866,0.03852052424315629,50.0,100.0,0.5,1.0,-1,18.3626,19.488,20.6134,2.250799999999998,1020842.0745,-0.6537321880512749
ULCC,2021-06-14,20.016,0.875664893617021,-0.011750765280932314,-0.2278,-0.0461,-0.1818,-1,-1,-1,-100.8912,1,-6.2376,-1,0.008243623314906292,33.9659,0,0.8352109099357571,11.0339,13.1469,0.01678003439188431,0.047386256846421664,0.07219843185967993,0.598426728592445,19.1038,0.03338634470373138,42.8571,92.8571,0.42857100000000004,0.928571,-1,18.2156,19.278,20.3404,2.1248000000000005,1200030.9835,0.17553048946161956
ULCC,2021-06-15,19.693,0.8219747340425535,-0.016137090327737653,-0.2897,-0.0948,-0.1949,-1,-1,-1,-111.0992,1,-7.2032,-1,0.154803129408747,29.7917,1,-0.12289384353130638,14.0737,20.8495,0.05544292269966117,0.27549642465492724,0.16212366733757044,0.58588716731701,20.3638,0.06595546435787653,35.7143,100.0,0.357143,1.0,-1,18.1661,19.014,19.8619,1.6957999999999984,1320400.466,0.10030531224196505
ULCC,2021-06-16,19.388,0.7712765957446812,-0.015487736759254541,-0.3405,-0.1439,-0.1966,-1,-1,-1,-98.8963,0,-5.6288,-1,-0.21856952465570856,28.6086,1,-0.039712403118989506,20.4465,27.343,0.1364978784887921,0.45281624590548325,0.2379330715096269,0.31144631765749786,21.4977,0.0556821418399315,28.5714,92.8571,0.285714,0.928571,-1,18.2527,18.798,19.3433,1.0905999999999985,1284083.1182,-0.027504797775495565
ULCC,2021-06-17,19.221,0.7435172872340426,-0.008613575407468618,-0.3708,-0.1893,-0.1815,-1,-1,-1,-87.9987,0,-1.6842,-1,-0.700788800454804,31.9851,0,0.11802395083995722,25.9771,29.7387,0.20684098332298864,0.2704912821265253,0.26590205427315905,0.08761657462604694,22.3262,0.03853900649836968,21.4286,85.7143,0.214286,0.857143,-1,18.3923,18.682,18.9717,0.5793999999999997,1223199.5888,-0.047414009682912976
ULCC,2021-06-18,19.121,0.7268949468085105,-0.005202642942614922,-0.376,-0.2267,-0.1493,-1,-1,-1,-80.3155,0,0.533,1,-1.3164707279420498,40.9604,0,0.28060878346480084,33.4544,43.2816,0.3019439554737024,0.2878419839012053,0.4240108060652193,0.4553965035458845,23.0718,0.033395741326334064,14.2857,78.5714,0.142857,0.785714,-1,18.505,18.754,19.003,0.4980000000000011,2198496.1888,0.7973323478278789
ULCC,2021-06-21,19.032,0.7121010638297873,-0.004654568275717726,-0.3566,-0.2527,-0.104,-1,-1,-1,-61.0031,0,0.7916,1,0.48517823639774843,51.6044,0,0.2598607435474263,45.53,63.5697,0.45553220932243915,0.3609570041608877,0.6608674739304844,0.4687465343240546,22.5158,-0.02409868324101288,7.1429,71.4286,0.071429,0.714286,-1,18.431,18.786,19.141,0.7099999999999973,2380357.0459,0.08272056964504648
ULCC,2021-06-22,18.868,0.6848404255319147,-0.008617065994115252,-0.3964,-0.2814,-0.115,-1,-1,-1,-88.3122,0,-5.5069,-1,-7.9566700353714,30.4478,0,-0.40997666865616106,53.0081,52.1731,0.5506453565868598,0.16424555238304409,0.5278160447186173,-0.17927723427985345,22.967,0.020039261318718415,0.0,64.2857,0.0,0.642857,-1,18.2262,18.722,19.2178,0.9916000000000018,1838307.3966,-0.22771779142698054
ULCC,2021-06-23,18.688,0.6549202127659574,-0.009539961840152626,-0.4606,-0.3172,-0.1433,-1,-1,-1,-117.517,1,-7.831,-1,0.4220341753073418,22.971,1,-0.2455612556572232,49.6707,33.2693,0.5081973259801178,-0.06296018910317484,0.30712060857667217,-0.3623284796188073,24.7275,0.07665345931118564,0.0,100.0,0.0,1.0,-1,17.7374,18.578,19.4186,1.6812000000000005,1472756.0675,-0.1988521233043491
ULCC,2021-06-24,18.528,0.6283244680851062,-0.008561643835616447,-0.5239,-0.3586,-0.1653,-1,-1,-1,-121.2258,1,-8.8751,-1,0.13332907674626476,19.9711,1,-0.13059509816725437,31.83,10.0476,0.28128338709185075,-0.35917955655950085,0.03601515837843643,-0.6979918423291143,26.8986,0.08780103124052166,7.1429,100.0,0.071429,1.0,-1,17.2758,18.374,19.4722,2.1964000000000006,1270975.4468,-0.1370088537761192
ULCC,2021-06-25,18.458,0.6166888297872339,-0.0037780656303972524,-0.5564,-0.3981,-0.1583,-1,-1,-1,-106.0126,1,-13.0859,-1,0.47445099210149755,27.2044,1,0.36218836218335493,20.1197,17.0423,0.13234134453952526,-0.36790135092679854,0.1176759021009718,0.6961562960308931,28.8527,0.07264690355631893,0.0,92.8571,0.0,0.928571,-1,17.1128,18.162,19.2112,2.0984000000000016,1109997.0919,-0.12665732867248014
ULCC,2021-06-28,18.287,0.5882646276595744,-0.009264275652833427,-0.621,-0.4427,-0.1783,-1,-1,-1,-121.8157,1,-19.1839,-1,0.4659977533069946,18.6333,1,-0.31506300451397573,14.4258,16.1876,0.05992124461990863,-0.2830012375930059,0.10769757026977803,-0.05015168140450532,31.3837,0.08772142641763171,0.0,100.0,0.0,1.0,-1,17.0584,17.788,18.5176,1.4592000000000027,814684.8792,-0.2660477354895673
ULCC,2021-06-29,18.066,0.5515292553191489,-0.01208508776726637,-0.7252,-0.4992,-0.226,-1,-1,-1,-161.5278,1,-24.8288,-1,0.29425195085462286,12.2177,1,-0.3443083082438429,14.827,11.2512,0.0650240641439168,0.027811282563185356,0.05006677905472614,-0.30494946749363705,34.4183,0.09669350650178281,0.0,100.0,0.0,1.0,-1,16.3665,17.41,18.4535,2.0869999999999997,101559.2638,-0.87533920612381
ULCC,2021-06-30,17.909,0.5254321808510638,-0.0086903575777704,-0.753,-0.55,-0.2031,-1,-1,-1,-152.1016,1,-21.3296,-1,-0.1409331099368476,33.6385,0,1.753259615148514,14.4016,15.766,0.05961344743027503,-0.028690901733324326,0.1027755336487048,0.4012727531285551,37.2668,0.08276120552148133,0.0,100.0,0.0,1.0,-1,16.2922,17.24,18.1878,1.8955999999999982,564742.9138,4.560722800355707
ULCC,2021-07-01,17.738,0.4970079787234043,-0.009548271818638638,-0.7719,-0.5943,-0.1775,-1,-1,-1,-117.8154,1,-16.6093,-1,-0.22130279048833537,32.4239,0,-0.03610743641957868,17.0847,24.2369,0.09373950691398977,0.18630568825686045,0.20167041034094677,0.5372891031333248,37.9201,0.017530348728626938,0.0,92.8571,0.0,0.928571,-1,16.2421,17.102,17.9619,1.7197999999999993,181530.5165,-0.678560789229685
ULCC,2021-07-02,17.508,0.4587765957446808,-0.012966512571879606,-0.8105,-0.6376,-0.1729,-1,-1,-1,-124.8357,1,-16.6163,-1,0.0004214506330789315,25.6446,1,-0.20908342303054234,22.7447,28.2311,0.16572843639027668,0.33129056992513767,0.2483013369820537,0.16479830341339047,39.1706,0.03297723370982678,35.7143,85.7143,0.357143,0.857143,-1,16.2721,16.854,17.4359,1.163800000000002,-158294.8531,-1.8720013370313964
ULCC,2021-07-06,17.217,0.41040558510638286,-0.0166209732693626,-0.8611,-0.6823,-0.1788,-1,-1,-1,-142.3067,1,-19.0095,-1,0.1440272503505594,20.7505,1,-0.1908432964444757,25.0042,22.5447,0.19446677316619013,0.09934182468882856,0.18191455082913432,-0.2014232530790512,41.0527,0.048048791695812706,28.5714,100.0,0.285714,1.0,-1,16.0094,16.646,17.2826,1.2731999999999992,-322769.2912,1.0390384455273232
ULCC,2021-07-07,16.947,0.3655252659574468,-0.015682174594877134,-0.9332,-0.7325,-0.2007,-1,-1,-1,-154.4303,1,-21.7,-1,0.14153449590993977,15.4657,1,-0.2546830196862726,21.1623,12.7112,0.145602061478037,-0.15365018676862296,0.06711178253377478,-0.43617790434115333,43.113,0.05018671122727611,21.4286,100.0,0.214286,1.0,-1,15.4577,16.484,17.5103,2.0526,-815660.7197,1.5270703934302907
ULCC,2021-07-08,16.718,0.32746010638297884,-0.013512716114946552,-0.9838,-0.7827,-0.2011,-1,-1,-1,-163.6136,1,-20.772,-1,-0.04276497695852539,14.9277,1,-0.0347866569246785,17.7928,18.1225,0.10274575443380579,-0.15922182371481355,0.13028686974348436,0.42571118383787515,45.6957,0.05990536497112246,14.2857,100.0,0.142857,1.0,-1,15.1475,16.196,17.2445,2.0969999999999978,82256.045,-1.100845906898954
ULCC,2021-07-09,16.525,0.295378989361702,-0.011544443115205251,-1.0019,-0.8266,-0.1753,-1,-1,-1,-113.1829,1,-18.3281,-1,-0.11765357211631039,22.2525,1,0.4906851021925683,18.2205,23.8279,0.10818562459935491,0.024037813047974546,0.19689547443482971,0.3148241136708512,45.8316,0.0029740216256671733,7.1429,92.8571,0.071429,0.928571,-1,15.2079,15.948,16.6881,1.4801999999999982,-691124.269,-9.402109158056408
ULCC,2021-07-12,16.306,0.2589760638297875,-0.013252647503782007,-1.0142,-0.8641,-0.1501,-1,-1,-1,-122.2332,1,-15.6216,-1,-0.14766942563604513,20.2416,1,-0.09036737445230886,25.8958,35.737,0.20580693739252537,0.4212453006229247,0.33593016685423954,0.4997964570944146,46.7185,0.019351277284668157,0.0,85.7143,0.0,0.857143,-1,15.3163,15.758,16.1997,0.8834,-391225.669,-0.4339286195721771
ULCC,2021-07-13,16.121,0.22822473404255308,-0.011345516987612062,-1.0307,-0.8974,-0.1333,-1,-1,-1,-112.8732,1,-18.7962,-1,0.20321862037179278,16.6391,1,-0.17797506125997942,32.9676,39.338,0.29575239878305637,0.2730867553811813,0.3779706172159205,0.10076391415060018,47.5166,0.01708316833802451,0.0,78.5714,0.0,0.785714,-1,15.3612,15.596,15.8308,0.4695999999999998,-478350.8119,0.2226979204168732
ULCC,2021-07-14,15.988,0.20611702127659579,-0.008250108554059868,-1.051,-0.9281,-0.1228,-1,-1,-1,-106.4046,1,-18.9507,-1,0.00821974654451444,13.5041,1,-0.18841163284071855,36.7932,35.3047,0.3444097925294315,0.11604120409128968,0.3308832113720527,-0.1025293609232804,47.3937,-0.0025864645197677073,0.0,71.4286,0.0,0.714286,-1,15.0737,15.492,15.9103,0.8365999999999989,-752046.2888,0.5721647587737689
ULCC,2021-07-15,15.802,0.17519946808510642,-0.011633725293970474,-1.0517,-0.9528,-0.0989,-1,-1,-1,-112.3218,1,-18.431,-1,-0.027423789094861945,16.771,1,0.2419191208595909,35.6718,32.3726,0.3301468268907905,-0.03047845797593037,0.2966519410289578,-0.08305126512900544,47.7742,0.008028493238552757,0.0,100.0,0.0,1.0,-1,14.944,15.408,15.872,0.927999999999999,-369738.1164,-0.5083572355765875
ULCC,2021-07-16,15.595,0.14079122340425554,-0.013099607644601883,-1.0626,-0.9748,-0.0878,-1,-1,-1,-102.9616,1,-20.2355,-1,0.09790570234930265,12.6052,1,-0.24839305944785645,30.8379,24.8364,0.26866497420608676,-0.13551040317561763,0.20866936896128213,-0.2327956358154735,47.4132,-0.007556379803324746,0.0,92.8571,0.0,0.928571,-1,14.7639,15.242,15.7201,0.9562000000000008,-814803.6164,1.2037317232354463
ULCC,2021-07-19,15.352,0.10039893617021294,-0.015581917281179886,-1.1205,-1.0039,-0.1165,-1,-1,-1,-139.6706,1,-25.0795,-1,0.23938128536482922,6.7995,1,-0.46057976073366547,26.7893,23.1587,0.21717126751391447,-0.1312865013506108,0.18908279201826847,-0.06755004751091147,48.5425,0.023818261581162913,0.0,100.0,0.0,1.0,-1,14.0748,14.946,15.8172,1.7424,-928691.7015,0.13977366178513675
ULCC,2021-07-20,15.236,0.08111702127659597,-0.007556018759770692,-1.0813,-1.0194,-0.0619,-1,-1,-1,-98.6885,0,-21.3089,-1,-0.15034590003787948,44.2889,0,5.513552467093168,26.965,32.8999,0.21940597686179142,0.006558588690260629,0.3028079892032745,0.42062810088649205,47.765,-0.016016892413864066,14.2857,92.8571,0.142857,0.928571,-1,14.1051,14.876,15.6469,1.5418000000000003,-387290.144,-0.5829723218432356
ULCC,2021-07-21,15.24,0.08178191489361716,0.0002625360987135442,-0.9848,-1.0125,0.0277,-1,-1,1,-35.0718,0,-14.488,-1,-0.3200962977910639,59.4625,0,0.34260503196060416,37.771,57.2543,0.3568463252576848,0.4007417022065641,0.5871373266896736,0.7402575691719426,44.6794,-0.06459960221919815,7.1429,85.7143,0.071429,0.857143,-1,13.9723,14.988,16.0037,2.031399999999998,-160051.4773,-0.5867401229296452
ULCC,2021-07-22,15.181,0.07197473404255317,-0.0038713910761155545,-0.953,-1.0006,0.0476,-1,-1,1,-58.1651,0,-16.0984,-1,0.11115405853119838,44.0262,0,-0.2595972251418961,53.5212,70.4092,0.5571714201406202,0.41699187207116567,0.740716310433877,0.2297626553813425,42.5327,-0.04804675085162295,0.0,78.5714,0.0,0.785714,-1,13.9551,14.954,15.9529,1.9977999999999998,-562409.7052,2.513930109784747
ULCC,2021-07-23,15.108,0.05984042553191509,-0.004808642381924684,-0.918,-0.9841,0.0661,-1,-1,1,-68.4672,0,-15.0623,-1,-0.06436043333498988,43.8201,0,-0.004681303405699479,65.6858,69.3939,0.7118916553892489,0.22728563634597132,0.7288630282199879,-0.014419990569414173,40.7499,-0.04191598464240459,0.0,71.4286,0.0,0.714286,-1,13.9762,14.974,15.9718,1.9955999999999996,-645878.5513,0.14841288357624893
ULCC,2021-07-26,15.138,0.06482712765957456,0.001985702938840307,-0.8076,-0.9488,0.1412,-1,-1,1,-10.2269,0,-10.618,-1,-0.2950611792355749,63.3397,0,0.44544854986638566,70.3463,71.2357,0.771168052177983,0.07095140806688811,0.7503654168554069,0.02654123777450168,37.0681,-0.09035114196599245,0.0,64.2857,0.0,0.642857,-1,14.5428,15.33,16.1172,1.5744000000000007,-165926.8849,-0.7430989393191203
ULCC,2021-07-27,15.151,0.06698803191489369,0.0008587660192891994,-0.7437,-0.9078,0.164,-1,-1,1,-26.6011,0,-9.9826,-1,-0.05984177811263897,53.1862,0,-0.16030230645235138,70.4475,70.7128,0.7724552040619054,0.0014385973391636195,0.7442607371847257,-0.007340420603714049,33.8733,-0.08618731469916183,0.0,57.1429,0.0,0.571429,-1,14.6934,15.426,16.1586,1.4651999999999994,55121.6606,-1.3322045166654002
ULCC,2021-07-28,15.184,0.07247340425531915,0.002178074054517819,-0.6884,-0.8639,0.1755,-1,-1,1,-17.9852,0,-6.0716,-1,-0.39178170015827535,52.1414,0,-0.019644193418593588,70.37,69.1614,0.77146948992155,-0.001100110011001108,0.726148669789249,-0.021939450849068357,30.9981,-0.08488101247885502,7.1429,50.0,0.071429,0.5,-1,14.6946,15.38,16.0654,1.370800000000001,101497.8298,0.8413420186401278
ULCC,2021-07-29,15.205,0.07596409574468098,0.0013830347734457848,-0.6437,-0.8198,0.1762,-1,-1,1,-15.3144,0,-9.6831,-1,0.5948184992423743,49.7006,0,-0.04681117116149539,64.2255,52.8024,0.6933182572065242,-0.08731703851072911,0.535162908204484,-0.23653367340742093,28.4103,-0.08348253602640167,0.0,42.8571,0.0,0.42857100000000004,-1,14.8753,15.456,16.0367,1.1614000000000004,65893.0862,-0.35079315163840086
ULCC,2021-07-30,15.189,0.07330452127659587,-0.0010522854324235458,-0.6531,-0.7865,0.1334,-1,-1,1,-82.8594,0,-13.1408,-1,0.3570860571511191,33.6855,0,-0.322231522355867,52.6103,35.8671,0.545585781296106,-0.18085028532280784,0.33744904010946164,-0.32072973955729284,27.6173,-0.027912412047743224,71.4286,35.7143,0.714286,0.357143,1,14.6489,15.404,16.1591,1.5101999999999993,-228975.8878,-4.474960743301775
ULCC,2021-08-02,15.296,0.0910904255319149,0.00704457172954107,-0.6163,-0.7525,0.1361,-1,-1,1,-18.6552,0,-8.2126,-1,-0.37503043954705956,48.3954,0,0.43668343946208327,41.0697,34.5397,0.3988021347388557,-0.2193600872832887,0.32195209653542795,-0.037008846547392935,25.99,-0.058923211175603764,64.2857,28.5714,0.642857,0.285714,1,14.6981,15.262,15.8259,1.1278000000000006,-275887.5231,0.20487587470771232
ULCC,2021-08-03,15.318,0.09474734042553196,0.0014382845188284678,-0.5765,-0.7173,0.1407,-1,-1,1,-13.3386,0,-5.8061,-1,-0.29302535128948204,49.9052,0,0.03119717989726293,35.8314,37.0873,0.3321767620753162,-0.1275465854389001,0.3516944601403761,0.07375860241982402,24.5254,-0.056352443247402746,57.1429,21.4286,0.571429,0.214286,1,14.702,15.21,15.718,1.016,-190827.5231,-0.3083140514809312
ULCC,2021-08-04,15.22,0.07845744680851086,-0.006397702049875896,-0.5811,-0.69,0.109,-1,-1,1,-79.8095,0,-6.0026,-1,0.03384371609169672,35.9637,0,-0.2793596659265968,36.54,37.9931,0.341189369041199,0.01977595070245642,0.36226936709333657,0.024423454929315407,24.2246,-0.012264835639785789,50.0,14.2857,0.5,0.142857,1,14.5068,15.06,15.6132,1.1064000000000007,-627940.4136,2.2906176394216375
ULCC,2021-08-05,15.244,0.08244680851063838,0.0015768725361366052,-0.5357,-0.6592,0.1235,-1,-1,1,-60.1005,0,-2.2436,-1,-0.6262286342584881,52.5376,0,0.46085080233680054,40.124,45.2916,0.3867738784480917,0.09808429118773955,0.4474768724987041,0.19210067091129718,25.0738,0.035055274390495605,42.8571,7.1429,0.42857100000000004,0.071429,1,14.5373,15.032,15.5267,0.9893999999999998,-146553.2598,-0.7666127921918482
ULCC,2021-08-06,15.249,0.0832779255319151,0.0003279979008134861,-0.51,-0.6293,0.1193,-1,-1,1,-15.0719,0,-4.3229,-1,0.9267694776252452,46.8214,0,-0.10880207698867099,43.3341,46.7176,0.427602794086224,0.08000448609311128,0.4641249375405694,0.03148486695104599,25.838,0.030478028858808896,35.7143,0.0,0.357143,0.0,1,14.6923,15.094,15.4957,0.8033999999999999,-266562.7815,0.8188799202677304
ULCC,2021-08-09,15.144,0.06582446808510652,-0.006885697422781849,-0.4992,-0.6033,0.1041,-1,-1,1,-63.0547,0,-4.8046,-1,0.1114298271993338,41.4641,0,-0.11441990201061898,51.2625,61.7781,0.5284432584784134,0.18295983994129342,0.6399511532229066,0.3223731527304486,27.1855,0.05215186933973218,28.5714,0.0,0.285714,0.0,1,14.6045,15.026,15.4475,0.843,-335943.1918,0.26027793493743984
ULCC,2021-08-10,15.145,0.06599069148936174,6.603275224507697e-05,-0.4324,-0.5691,0.1367,-1,-1,1,47.3058,0,0.9103,1,-1.189464263414228,60.8932,0,0.468576431177814,59.1248,68.8787,0.6284430041005709,0.15337332357961467,0.7228482434306688,0.11493717029173757,26.5194,-0.024502032333413037,21.4286,78.5714,0.214286,0.785714,-1,14.5133,15.08,15.6467,1.1334,30829.1497,-1.0917689372861403
ULCC,2021-08-11,15.18,0.07180851063829793,0.0023109937273027496,-0.3513,-0.5256,0.1743,-1,-1,1,132.8401,-1,4.4914,1,3.933977809513347,67.0981,0,0.10189807728941823,70.2846,80.1968,0.7703832965333387,0.18874989851974125,0.854983211839039,0.1643193033550285,24.6366,-0.0709970813819317,14.2857,71.4286,0.142857,0.714286,-1,14.6204,15.3,15.9796,1.3591999999999995,342836.3497,10.120525640056819
ULCC,2021-08-12,15.201,0.07529920212765977,0.0013833992094862185,-0.3012,-0.4807,0.1795,-1,-1,1,86.3491,0,2.7668,1,-0.38397826958186754,58.5782,0,-0.12697676983401915,78.5429,86.5531,0.8754197234404094,0.11749800098456854,0.9291908526704616,0.07925877341739328,23.0242,-0.06544734257162112,7.1429,64.2857,0.071429,0.642857,-1,14.6542,15.37,16.0858,1.4315999999999995,494158.297,0.44138244801758836
ULCC,2021-08-13,15.263,0.08560505319148945,0.00407867903427402,-0.2777,-0.4401,0.1624,-1,-1,1,50.6993,0,3.0872,1,0.11580164811334402,49.9325,0,-0.14759244906808341,80.2612,74.0337,0.897274595793608,0.02187721614557139,0.7830311153036111,-0.1446441548598491,21.7326,-0.0560974974157625,0.0,57.1429,0.0,0.571429,-1,14.7877,15.432,16.0763,1.2886000000000006,374149.1507,-0.24285567403920372
ULCC,2021-08-16,15.273,0.08726728723404262,0.0006551791915088638,-0.2609,-0.4043,0.1434,-1,-1,1,7.0299,0,8.2803,1,1.6821391552215599,47.731,0,-0.044089520853151674,72.7291,57.6005,0.8014746283539719,-0.09384484657592959,0.5911790939529931,-0.22196918430390486,21.3487,-0.017664706477825965,78.5714,50.0,0.785714,0.5,1,15.1508,15.52,15.8892,0.7384000000000004,424179.2307,0.13371694124227773
ULCC,2021-08-17,15.235,0.08095079787234044,-0.0024880508086165295,-0.2791,-0.3792,0.1001,-1,-1,1,-107.9633,1,-1.0645,-1,-1.128558144028598,34.2165,0,-0.28313884058578276,57.3691,40.4732,0.6061124451815749,-0.21119469373331992,0.3912236911538767,-0.2973463772015868,22.3536,0.047070781827464866,71.4286,42.8571,0.714286,0.42857100000000004,1,14.7523,15.39,16.0277,1.2753999999999994,337950.08,-0.20328470716895003
ULCC,2021-08-18,15.278,0.08809840425531934,0.002822448309812999,-0.2678,-0.3569,0.0891,-1,-1,1,-48.0624,0,-3.5032,-1,2.2909347111319867,46.5375,0,0.36008943053789827,45.509,38.4534,0.45526511258763314,-0.20673324141393193,0.3676432130532038,-0.049904628247828105,22.5035,0.006705854985326695,64.2857,35.7143,0.642857,0.357143,1,14.7732,15.256,15.7388,0.9656000000000002,444609.8236,0.3156079844691855
ULCC,2021-08-19,15.288,0.0897606382978725,0.0006545359340227639,-0.2399,-0.3335,0.0936,-1,-1,1,-24.7204,0,2.2652,1,-1.646608814797899,54.1971,0,0.16458984689766312,42.4233,48.3434,0.41601842713092313,-0.06780417060361693,0.48310559963388267,0.2571944223397671,22.6385,0.005999066811829341,57.1429,28.5714,0.571429,0.285714,1,14.838,15.206,15.574,0.7360000000000007,1088539.5736,1.4483030194567208
ULCC,2021-08-20,15.354,0.10073138297872339,0.004317111459968534,-0.1867,-0.3042,0.1175,-1,-1,1,85.6393,0,4.7333,1,1.0895726646653716,65.3627,0,0.20601840319869522,53.4899,73.6729,0.5567733188168378,0.2608613662774938,0.7788188980055011,0.5239494946569748,21.3127,-0.05856395079179279,50.0,21.4286,0.5,0.214286,1,14.7282,15.276,15.8238,1.095600000000001,1478298.4719,0.3580567098823939
ULCC,2021-08-23,15.503,0.1254986702127661,0.009704311580044348,-0.0918,-0.2617,0.1699,-1,-1,1,248.4326,-1,2.7656,1,-0.4157141951703885,77.5334,-1,0.18620252835332685,70.4138,89.2251,0.7720265773970023,0.3163943099538417,0.9603855439691041,0.21109797496772897,20.8947,-0.019612719176828806,100.0,14.2857,1.0,0.142857,1,14.4633,15.486,16.5087,2.0454000000000008,1785373.4416,0.20772190158955411
ULCC,2021-08-24,15.538,0.1313164893617023,0.0022576275559569206,-0.0546,-0.2203,0.1656,-1,-1,1,186.3154,-1,2.3211,1,-0.1607246167196992,58.3215,0,-0.24778869493663375,82.9008,85.8046,0.9308473834695103,0.17733739693071543,0.9204523697224699,-0.038335625289296446,21.0342,0.006676334190009819,100.0,7.1429,1.0,0.071429,1,14.8491,15.686,16.5229,1.6738,1299689.5955,-0.27203487784871727
ULCC,2021-08-25,15.596,0.14095744680851077,0.0037327841421032197,0.0173,-0.1727,0.1901,1,-1,1,166.1477,-1,6.0116,1,1.589978889319719,68.943,0,0.18211980144543602,86.0465,83.1098,0.9708572024542373,0.03794535155269902,0.8889914961777163,-0.03140624162340931,20.1975,-0.03977807570527983,92.8571,0.0,0.928571,0.0,1,15.1433,15.936,16.7287,1.5854,1616365.3097,0.24365488136278615
ULCC,2021-08-26,15.66,0.15159574468085119,0.004103616311874844,0.0608,-0.126,0.1868,1,-1,1,159.7919,-1,5.5231,1,-0.08125956484130668,62.8946,0,-0.08773044398996274,81.7442,76.3183,0.9161367128277659,-0.04999970945942006,0.809703043350347,-0.08171719821248533,19.8268,-0.018353756653051265,85.7143,50.0,0.857143,0.5,1,15.5655,16.114,16.6625,1.0970000000000013,1477533.4347,-0.08589139730162076
ULCC,2021-08-27,15.725,0.16240026595744686,0.0041507024265644635,0.0758,-0.0857,0.1615,1,-1,1,107.5621,-1,8.616,1,0.5599934819213845,54.33,0,-0.13617385276319427,76.1963,69.1608,0.8455735711596576,-0.06786903535663708,0.7261416649932987,-0.09378484583645075,18.8139,-0.051087417031492645,78.5714,42.8571,0.785714,0.42857100000000004,1,15.7683,16.174,16.5797,0.811399999999999,1320746.5629,-0.10611392481404947
ULCC,2021-08-30,15.748,0.16622340425531915,0.0014626391096979135,0.0484,-0.0589,0.1072,1,-1,1,42.0572,0,2.1711,1,-0.7480153203342619,40.0889,0,-0.2621222160868764,62.119,40.8778,0.6665259109270546,-0.18475044063819365,0.39594725855635826,-0.4089455298377115,17.8883,-0.04919766768187347,71.4286,35.7143,0.714286,0.357143,1,15.4067,16.01,16.6133,1.2065999999999981,984909.4221,-0.2542782621842249
ULCC,2021-08-31,15.794,0.17386968085106402,0.002921005842011757,0.0104,-0.045,0.0554,1,-1,1,-19.4227,0,0.5246,1,-0.7583713325042606,35.2733,0,-0.12012302657344061,43.6388,20.8778,0.4314782405193378,-0.2974967401278191,0.16245406021322598,-0.4892631208137424,18.2817,0.021992028309006432,64.2857,28.5714,0.642857,0.285714,1,15.0825,15.902,16.7215,1.6389999999999993,888395.2291,-0.09799296344857251
ULCC,2021-09-01,15.861,0.18500664893617044,0.0042421172597188915,0.0196,-0.0321,0.0517,1,-1,1,36.5886,0,7.4728,1,13.244757910789174,52.6808,0,0.49350358486447254,28.4601,23.6248,0.2384219924907661,-0.3478257880601667,0.1945243510056552,0.13157516596576266,17.0406,-0.06788755969083834,57.1429,21.4286,0.571429,0.214286,1,15.1343,15.786,16.4377,1.3034,1036002.3277,0.16615026034024885
ULCC,2021-09-02,15.918,0.1944813829787234,0.00359372044637782,0.0346,-0.0188,0.0533,1,-1,1,50.6578,0,4.3934,1,-0.4120811476287336,55.7188,0,0.057668068822037705,29.582,44.2435,0.2526913175754739,0.039420100421291564,0.4352406614395322,0.8727565947648233,15.8821,-0.06798469537457612,50.0,14.2857,0.5,0.142857,1,15.2142,15.722,16.2298,1.015600000000001,1176627.2444,0.1357380316048106
ULCC,2021-09-03,15.924,0.19547872340425534,0.0003769317753486762,0.0339,-0.0082,0.0422,1,-1,1,28.9308,0,4.7841,1,0.08892884781718029,49.7321,0,-0.10744488395299251,42.5011,59.6351,0.41700795693891884,0.43672165506050975,0.61493235702044,0.347883869946998,15.0408,-0.05297158436226939,42.8571,7.1429,0.42857100000000004,0.071429,1,15.2449,15.674,16.1031,0.8582000000000019,1200207.1333,0.020040237052325164
ULCC,2021-09-07,15.863,0.18533909574468088,-0.0038306958050740984,0.0307,-0.0004,0.0311,1,-1,1,7.2184,0,5.9219,1,0.23782947680859523,48.4312,0,-0.026158155396615177,56.4727,65.5395,0.5947112302729983,0.3287350209759277,0.6838642190352995,0.0990088052170618,14.7018,-0.022538694750279267,35.7143,0.0,0.357143,0.0,1,15.3111,15.716,16.1209,0.8097999999999992,1334158.4969,0.11160687175029291
ULCC,2021-09-08,15.794,0.17386968085106402,-0.004349744688898636,-0.0169,-0.0037,-0.0132,-1,-1,-1,-66.472,0,-2.1907,-1,-1.3699319475168443,30.0746,0,-0.3790242653496093,57.7372,48.0371,0.6107942693759603,0.022391350156801396,0.47952965130125763,-0.26705116761647557,15.8433,0.07764355385054883,28.5714,7.1429,0.285714,0.071429,1,15.1654,15.686,16.2066,1.0412000000000017,1117299.2911,-0.16254381042723612
ULCC,2021-09-09,15.685,0.15575132978723424,-0.00690135494491579,-0.0436,-0.0117,-0.0319,-1,-1,-1,-42.7627,0,-3.2238,-1,0.4715844250696125,37.0033,0,0.2303837790028796,50.0284,36.5084,0.5127468736963136,-0.13351530728888833,0.3449359995143342,-0.23999575328235884,16.0408,0.012465837293998193,21.4286,0.0,0.214286,0.0,1,15.0112,15.584,16.1568,1.1456,981567.2911,-0.12148222153293371
ULCC,2021-09-10,15.531,0.1301529255319151,-0.0098182977366911,-0.1127,-0.0319,-0.0808,-1,-1,-1,-123.8452,1,-5.7692,-1,0.7895651094981075,23.4023,1,-0.3675618120546006,33.0382,14.5691,0.29665035256769,-0.3396111008946917,0.08880213319386006,-0.6009384141731766,17.4095,0.0853261682709092,14.2857,100.0,0.142857,1.0,-1,14.5496,15.34,16.1304,1.5808000000000018,642834.4533,-0.34509385232305034
ULCC,2021-09-13,15.425,0.1125332446808513,-0.0068250595583027405,-0.1456,-0.0547,-0.091,-1,-1,-1,-126.887,1,-2.6693,-1,-0.537318865700617,35.5401,0,0.5186584224627495,23.5156,19.4693,0.17553343033608398,-0.2882299883165549,0.1460103017199109,0.3363419840621589,19.0376,0.09351790688991642,7.1429,100.0,0.071429,1.0,-1,14.4753,15.176,15.8767,1.4013999999999989,982131.6822,0.5278143185359975
ULCC,2021-09-14,15.314,0.09408244680851076,-0.007196110210696963,-0.212,-0.0861,-0.1259,-1,-1,-1,-146.2444,1,-5.7516,-1,1.154722211815832,25.0296,1,-0.29573636540133547,15.352,12.0175,0.07170148251406709,-0.3471567810304648,0.05901307094924325,-0.38274616961061775,21.1131,0.1090210950960204,0.0,100.0,0.0,1.0,-1,14.2678,14.912,15.5562,1.288400000000001,683648.3222,-0.30391378815047454
ULCC,2021-09-15,15.218,0.07812500000000011,-0.0062687736711505865,-0.2656,-0.122,-0.1436,-1,-1,-1,-164.3458,1,-3.3625,-1,-0.4153800681549482,24.1861,1,-0.03370009908268606,15.9866,16.4731,0.07977289146206207,0.04133663366336627,0.11103068567612623,0.3707593093405449,23.6107,0.11829622367155947,7.1429,100.0,0.071429,1.0,-1,14.0518,14.75,15.4482,1.3963999999999999,605588.9491,-0.11418059631712803
ULCC,2021-09-16,15.12,0.061835106382978705,-0.0064397424103036375,-0.2671,-0.1511,-0.1161,-1,-1,-1,-107.7623,1,-2.0462,-1,-0.3914646840148699,45.6908,0,0.8891346682598684,17.9494,25.3578,0.10473753294193063,0.12277782642963492,0.2147565366420876,0.5393459640262005,24.3377,0.03079112436310657,0.0,92.8571,0.0,0.928571,-1,14.2002,14.656,15.1118,0.9116,775821.711,0.2811028209035066
ULCC,2021-09-17,15.05,0.05019946808510661,-0.004629629629629531,-0.2349,-0.1678,-0.0671,-1,-1,-1,-47.4779,0,-0.8469,-1,-0.5861108396051217,57.7908,0,0.2648235531004052,31.1868,51.7294,0.27310259567150663,0.7374842613123559,0.5226359981133749,1.0399798089739645,22.7887,-0.06364611282085007,0.0,85.7143,0.0,0.857143,-1,14.1139,14.76,15.4061,1.2922000000000011,1305986.3042,0.6833587996869037
ULCC,2021-09-20,14.96,0.035239361702127915,-0.0059800664451827145,-0.2349,-0.1812,-0.0537,-1,-1,-1,-85.9473,0,-5.3469,-1,5.313496280552604,45.9931,0,-0.20414495040733127,47.7142,66.0553,0.4833128135206911,0.5299485679838905,0.6898860086205689,0.27693922604940335,22.5625,-0.00992597208265494,0.0,78.5714,0.0,0.785714,-1,14.1137,14.744,15.3743,1.2606000000000002,1435256.0411,0.09898245983458924
ULCC,2021-09-21,14.802,0.008976063829787278,-0.010561497326203291,-0.2889,-0.2028,-0.0861,-1,-1,-1,-120.3339,1,-13.3945,-1,1.5050964110045075,30.3053,0,-0.3410902939788794,55.5523,48.8722,0.5830047619532148,0.16427185198536295,0.48927915979807507,-0.2601320408808983,23.4274,0.03833351800554011,14.2857,71.4286,0.142857,0.714286,-1,13.9335,14.692,15.4505,1.5169999999999995,1089637.0303,-0.24080651876937084
ULCC,2021-09-22,14.748,0.0,-0.003648155654641283,-0.2896,-0.2201,-0.0695,-1,-1,-1,-100.6009,1,-7.7505,-1,-0.42136697898391134,45.8995,0,0.5145700587026033,49.4966,33.5624,0.5059829668596546,-0.10900898792669253,0.3105424513983907,-0.3132619362336871,24.2058,0.03322605154647982,7.1429,64.2857,0.071429,0.642857,-1,14.0512,14.746,15.4408,1.3895999999999997,1384621.2061,0.2707178331841244
ULCC,2021-09-23,14.767,0.003158244680851085,0.0012883102793599219,-0.2182,-0.2198,0.0015,-1,-1,1,1.1524,0,-5.4878,-1,-0.29194245532546287,63.9596,0,0.39347051710802944,42.7224,45.7327,0.41982264776808886,-0.1368619258696557,0.4526265649881619,0.3626170953209546,22.4967,-0.07060704459261827,0.0,57.1429,0.0,0.571429,-1,13.9502,14.878,15.8058,1.855599999999999,1742618.9477,0.2585528374279027
ULCC,2021-09-24,14.875,0.02111037234042564,0.007313604659037079,-0.1375,-0.2033,0.0658,-1,-1,1,59.9722,0,-2.8325,-1,-0.48385509676008603,68.2703,0,0.06739723200270177,51.5834,75.455,0.5325247509640919,0.20740875980750137,0.7996243094438659,0.649913519210543,21.8972,-0.026648352869531933,0.0,50.0,0.0,0.5,-1,13.8204,14.99,16.1596,2.3392000000000017,2024414.0865,0.1617078358822668
ULCC,2021-09-27,15.003,0.042386968085106516,0.00860504201680673,-0.0368,-0.17,0.1332,-1,-1,1,144.3334,-1,1.3741,1,-1.4851191526919683,74.4175,-1,0.09004208272118326,71.2687,92.6183,0.7828999582820337,0.3816208315078106,1.0,0.22746405142137707,22.801,0.04127468352118064,100.0,42.8571,1.0,0.42857100000000004,1,13.7485,15.262,16.7755,3.027000000000001,2115203.1267,0.044847069977153084
ULCC,2021-09-28,15.233,0.08061835106382999,0.015330267279877387,0.0816,-0.1197,0.2013,1,-1,1,192.2668,-1,7.6626,1,4.576450040026199,79.7557,-1,0.07173312728860819,86.0477,90.0697,0.9708724651247979,0.20737013583803285,0.9702459617351346,-0.02751724011345498,24.8164,0.08839086004999795,100.0,35.7143,1.0,0.357143,1,14.37,15.774,17.178,2.8080000000000016,2213828.5919,0.04662694752814067
ULCC,2021-09-29,15.439,0.11486037234042565,0.013523271844022813,0.1503,-0.0657,0.216,1,-1,1,153.7946,-1,7.1755,1,-0.06356850155299766,69.0901,0,-0.13372837301910706,88.3378,82.3254,1.0,0.026614308110501445,0.8798338929386986,-0.08598119012276044,26.733,0.07723118582872612,100.0,28.5714,1.0,0.285714,1,15.2522,16.132,17.0118,1.7596000000000007,1927932.6353,-0.12914096314684964
ULCC,2021-09-30,15.534,0.13065159574468108,0.006153248267374871,0.1514,-0.0223,0.1737,1,-1,1,79.9216,0,-0.1896,-1,-1.0264232457668454,50.471,0,-0.26949012955546464,78.394,62.7869,0.8735258804017135,-0.11256562875688546,0.6517285501473342,-0.23733258508309707,26.5437,-0.007081135675008393,92.8571,21.4286,0.928571,0.214286,1,15.4589,16.19,16.9211,1.4621999999999993,1639315.7705,-0.14970277462785364
ULCC,2021-10-01,15.661,0.15176196808510642,0.008175614780481453,0.2063,0.0235,0.1829,1,1,1,131.2144,-1,3.5804,1,-19.88396624472574,63.8063,0,0.2642170751520676,65.3764,51.0168,0.707956430163107,-0.16605352450442637,0.5143166354564092,-0.18746107866449846,27.3039,0.028639564190372762,85.7143,14.2857,0.857143,0.142857,1,15.7064,16.332,16.9576,1.251199999999999,1147833.1397,-0.29980961547761803
ULCC,2021-10-04,15.834,0.18051861702127664,0.011046548751676141,0.2558,0.0699,0.1859,1,1,1,106.7734,-1,5.2632,1,0.470003351580829,65.6244,0,0.028494051527827097,53.7152,47.3418,0.5596388852145424,-0.17837017639392808,0.4714122602608586,-0.07203509432187052,27.0155,-0.010562593622156518,78.5714,7.1429,0.785714,0.071429,1,15.759,16.406,17.053,1.2940000000000005,1388076.3215,0.20930148598322454
ULCC,2021-10-05,16.162,0.23503989361702124,0.020714917266641368,0.3587,0.1277,0.231,1,1,1,150.5048,-1,10.8005,1,1.0520785833713329,76.7649,-1,0.1697615521056193,55.8285,69.1271,0.5865177199605206,0.03934268140116755,0.7257482289540905,0.46017050471253734,28.274,0.046584368233051454,100.0,0.0,1.0,0.0,1,15.4954,16.55,17.6046,2.1092000000000013,1781531.2689,0.28345339611788767
ULCC,2021-10-06,16.37,0.26961436170212794,0.012869694344759434,0.3777,0.1777,0.2,1,1,1,101.2943,-1,10.1449,1,-0.060700893477153815,56.9797,0,-0.2577375857976757,62.2211,70.1944,0.6678245098138972,0.1145042406656099,0.7382085934836718,0.01543967561202485,29.0561,0.02766145575440333,92.8571,21.4286,0.928571,0.214286,1,15.5543,16.608,17.6617,2.1074,1636100.7133,-0.08163233401443223
ULCC,2021-10-07,16.466,0.28557180851063857,0.0058643860720830835,0.3676,0.2157,0.1519,1,1,1,76.5828,0,7.5114,1,-0.25958856174038186,51.0416,0,-0.10421430790263898,66.3228,59.6469,0.7199935896783647,0.06592136751037833,0.6150701180074625,-0.1502612744036561,29.5524,0.017080750685742337,85.7143,14.2857,0.857143,0.142857,1,16.0204,16.742,17.4636,1.443200000000001,1455077.4826,-0.1106430852504659
ULCC,2021-10-08,16.548,0.29920212765957427,0.004979958702781318,0.3667,0.2459,0.1208,1,1,1,62.1461,0,12.9252,1,0.7207444684080199,54.2507,0,0.06287224538415723,56.6058,39.9763,0.5964041148159831,-0.14651070220195767,0.3854225526410416,-0.3297841128373813,29.5171,-0.001194488434103472,78.5714,7.1429,0.785714,0.071429,1,16.0682,16.764,17.4598,1.3916000000000004,1602438.6439,0.10127375556433481
ULCC,2021-10-11,16.567,0.3023603723404257,0.0011481750060431414,0.3474,0.2662,0.0812,1,1,1,55.721,0,9.8328,1,-0.23925355120230243,49.0804,0,-0.09530383939746408,41.5719,25.0926,0.40518956236835946,-0.26558939189977004,0.21166041683205766,-0.37231309550908914,29.7095,0.006518255519681786,71.4286,0.0,0.714286,0.0,1,15.985,16.728,17.471,1.4860000000000007,1488204.938,-0.0712874133027515
ULCC,2021-10-12,16.579,0.3043550531914896,0.0007243315023842853,0.3618,0.2853,0.0765,1,1,1,64.6845,0,16.7822,1,0.7067569766495808,60.1558,0,0.2256583075932552,33.7856,36.2879,0.30615645254835727,-0.18729718872603843,0.34236173700260114,0.4461594254879924,30.3098,0.02020565812282269,64.2857,0.0,0.642857,0.0,1,16.2934,16.608,16.9226,0.6292000000000009,1844468.7925,0.23939166266897569
ULCC,2021-10-13,16.562,0.30152925531914926,-0.0010253935701791098,0.3228,0.2928,0.03,1,1,1,31.3326,0,13.1524,1,-0.21628868682294333,43.735,0,-0.27297118482340854,31.5386,33.2353,0.277577101924114,-0.06650762455010428,0.30672367013948887,-0.08412170448000568,29.264,-0.03450369187523507,57.1429,0.0,0.571429,0.0,1,16.1262,16.516,16.9058,0.7795999999999985,1729277.4796,-0.06245229703445905
ULCC,2021-10-14,16.619,0.3110039893617022,0.0034416133317231373,0.2965,0.2935,0.0029,1,1,1,38.2482,0,10.2426,1,-0.22123718864998027,46.8612,0,0.07148050760260655,37.7766,43.8067,0.35691755105363304,0.1977893755588391,0.43014116998771823,0.3180774658269971,28.3228,-0.03216238381629301,50.0,0.0,0.5,0.0,1,16.087,16.496,16.905,0.8180000000000014,1459158.1773,-0.15620356217353926
ULCC,2021-10-15,16.596,0.3071808510638299,-0.0013839581202238214,0.2645,0.2877,-0.0232,1,1,-1,28.3436,0,6.8331,1,-0.3328744654677523,43.8179,0,-0.06494285250911191,36.8298,33.4474,0.344875303981522,-0.02506313432124657,0.3091998655079178,-0.23647752512743478,27.2667,-0.03728798000197723,42.8571,21.4286,0.42857100000000004,0.214286,1,15.9982,16.428,16.8578,0.8596000000000004,1295246.6191,-0.11233296070978341
